row_id+o6g3a1:r6,order_id,order_date,ship_date,ship_mode,customer_id,customer_name,segment,country,city,state,region,product_id,category,sub-category,product_name,sales,quantity,profit,payment_mode
4918,CA-2019-160304,01-01-2019,07-01-2019,Standard Class,BM-11575,Brendan Murry,Corporate,United States,Gaithersburg,Maryland,East,FUR-BO-10004709,Furniture,Bookcases,"Bush Westfield Collection Bookcases, Medium Cherry Finish",73.94,1,28.2668,Online
4919,CA-2019-160304,02-01-2019,07-01-2019,Standard Class,BM-11575,Brendan Murry,Corporate,United States,Gaithersburg,Maryland,East,FUR-BO-10004709,Furniture,Bookcases,"Bush Westfield Collection Bookcases, Medium Cherry Finish",173.94,3,38.2668,Online
3074,CA-2019-125206,03-01-2019,05-01-2019,First Class,LR-16915,Lena Radford,Consumer,United States,Los Angeles,California,West,OFF-ST-10003692,Office Supplies,Storage,Recycled Steel Personal File for Hanging File Folders,114.46,2,28.615,Online
8604,US-2019-116365,03-01-2019,08-01-2019,Standard Class,CA-12310,Christine Abelman,Corporate,United States,San Antonio,Texas,Central,TEC-AC-10002217,Technology,Accessories,Imation Clip USB flash drive - 8 GB,30.08,2,-5.264,Online
8605,US-2019-116365,03-01-2019,08-01-2019,Standard Class,CA-12310,Christine Abelman,Corporate,United States,San Antonio,Texas,Central,TEC-AC-10002942,Technology,Accessories,WD My Passport Ultra 1TB Portable External Hard Drive,165.6,3,-6.21,Online
8606,US-2019-116365,03-01-2019,08-01-2019,Standard Class,CA-12310,Christine Abelman,Corporate,United States,San Antonio,Texas,Central,TEC-PH-10002890,Technology,Phones,AT&T 17929 Lendline Telephone,180.96,5,13.572,Cards
9495,CA-2019-105207,03-01-2019,08-01-2019,Standard Class,BO-11350,Bill Overfelt,Corporate,United States,Broken Arrow,Oklahoma,Central,OFF-BI-10004364,Office Supplies,Binders,Storex Dura Pro Binders,11.88,2,5.346,COD
5868,CA-2019-158211,04-01-2019,08-01-2019,Standard Class,BP-11185,Ben Peterman,Corporate,United States,Philadelphia,Pennsylvania,East,OFF-AR-10004078,Office Supplies,Art,Newell 312,4.672,1,0.584,Online
863,CA-2019-134474,05-01-2019,07-01-2019,Second Class,AJ-10795,Anthony Johnson,Corporate,United States,Jacksonville,Florida,South,TEC-AC-10001714,Technology,Accessories,Logitech MX Performance Wireless Mouse,191.472,6,40.6878,COD
864,CA-2019-134474,05-01-2019,07-01-2019,Second Class,AJ-10795,Anthony Johnson,Corporate,United States,Jacksonville,Florida,South,OFF-AR-10003958,Office Supplies,Art,Newell 337,5.248,2,0.5904,Online
865,CA-2019-134474,05-01-2019,07-01-2019,Second Class,AJ-10795,Anthony Johnson,Corporate,United States,Jacksonville,Florida,South,TEC-PH-10002923,Technology,Phones,"Logitech B530 USB Headset - headset - Full size, Binaural",59.184,2,5.1786,COD
2162,CA-2019-101938,07-01-2019,12-01-2019,Standard Class,DW-13480,Dianna Wilson,Home Office,United States,Oakland,California,West,OFF-AR-10003696,Office Supplies,Art,Panasonic KP-350BK Electric Pencil Sharpener with Auto Stop,34.58,1,10.0282,COD
8031,CA-2019-158806,07-01-2019,11-01-2019,Standard Class,NM-18520,Neoma Murray,Consumer,United States,Amarillo,Texas,Central,FUR-FU-10004270,Furniture,Furnishings,"Executive Impressions 13"" Clairmont Wall Clock",23.076,3,-10.9611,COD
8032,CA-2019-158806,07-01-2019,11-01-2019,Standard Class,NM-18520,Neoma Murray,Consumer,United States,Amarillo,Texas,Central,OFF-PA-10004621,Office Supplies,Paper,Xerox 212,25.92,5,9.072,Cards
6852,US-2019-100461,08-01-2019,12-01-2019,Standard Class,JO-15145,Jack O'Briant,Corporate,United States,Franklin,Wisconsin,Central,OFF-BI-10001460,Office Supplies,Binders,Plastic Binding Combs,106.05,7,49.8435,Cards
7808,US-2019-137295,08-01-2019,13-01-2019,Standard Class,VS-21820,Vivek Sundaresam,Consumer,United States,Raleigh,North Carolina,South,OFF-BI-10004236,Office Supplies,Binders,"XtraLife ClearVue Slant-D Ring Binder, White, 3""",30.828,7,-24.6624,Cards
7809,US-2019-137295,08-01-2019,13-01-2019,Standard Class,VS-21820,Vivek Sundaresam,Consumer,United States,Raleigh,North Carolina,South,OFF-AR-10001955,Office Supplies,Art,Newell 319,47.616,3,5.952,COD
7810,US-2019-137295,08-01-2019,13-01-2019,Standard Class,VS-21820,Vivek Sundaresam,Consumer,United States,Raleigh,North Carolina,South,TEC-PH-10004080,Technology,Phones,Avaya 5410 Digital phone,108.784,2,10.8784,COD
3702,CA-2019-126543,09-01-2019,13-01-2019,Second Class,MF-17665,Maureen Fritzler,Corporate,United States,Toledo,Ohio,East,FUR-FU-10002445,Furniture,Furnishings,"DAX Two-Tone Rosewood/Black Document Frame, Desktop, 5 x 7",15.168,2,3.792,Cards
4667,CA-2019-116547,10-01-2019,17-01-2019,Standard Class,KB-16585,Ken Black,Corporate,United States,Seattle,Washington,West,FUR-FU-10000076,Furniture,Furnishings,24-Hour Round Wall Clock,79.92,4,34.3656,Cards
4668,CA-2019-116547,10-01-2019,17-01-2019,Standard Class,KB-16585,Ken Black,Corporate,United States,Seattle,Washington,West,TEC-AC-10002335,Technology,Accessories,Logitech Media Keyboard K200,69.98,2,13.2962,COD
6970,CA-2019-163937,10-01-2019,13-01-2019,Second Class,JB-16000,Joy Bell-,Consumer,United States,Longview,Washington,West,FUR-FU-10000010,Furniture,Furnishings,"DAX Value U-Channel Document Frames, Easel Back",24.85,5,7.7035,Cards
1026,CA-2019-126529,11-01-2019,13-01-2019,Second Class,DE-13255,Deanra Eno,Home Office,United States,Springfield,Ohio,East,OFF-PA-10001166,Office Supplies,Paper,Xerox 2,15.552,3,5.4432,Online
1027,CA-2019-126529,11-01-2019,13-01-2019,Second Class,DE-13255,Deanra Eno,Home Office,United States,Springfield,Ohio,East,OFF-PA-10003656,Office Supplies,Paper,Xerox 1935,63.312,3,20.5764,Cards
1028,CA-2019-126529,11-01-2019,13-01-2019,Second Class,DE-13255,Deanra Eno,Home Office,United States,Springfield,Ohio,East,TEC-PH-10000148,Technology,Phones,Cyber Acoustics AC-202b Speech Recognition Stereo Headset,15.588,2,-9.8724,Online
7269,CA-2019-133368,14-01-2019,20-01-2019,Standard Class,AG-10675,Anna Gayman,Consumer,United States,Concord,North Carolina,South,OFF-PA-10004039,Office Supplies,Paper,Xerox 1882,89.568,2,32.4684,Cards
7270,CA-2019-133368,14-01-2019,20-01-2019,Standard Class,AG-10675,Anna Gayman,Consumer,United States,Concord,North Carolina,South,FUR-FU-10003374,Furniture,Furnishings,Electrix Fluorescent Magnifier Lamps & Weighted Base,315.776,8,31.5776,Online
2878,CA-2019-152072,15-01-2019,19-01-2019,Standard Class,Dp-13240,Dean percer,Home Office,United States,Westfield,New Jersey,East,OFF-EN-10003040,Office Supplies,Envelopes,Quality Park Security Envelopes,52.34,2,24.5998,Cards
2879,CA-2019-152072,15-01-2019,19-01-2019,Standard Class,Dp-13240,Dean percer,Home Office,United States,Westfield,New Jersey,East,OFF-AR-10001573,Office Supplies,Art,American Pencil,4.66,2,1.3514,COD
3236,CA-2019-140746,15-01-2019,15-01-2019,Same Day,RC-19825,Roy Collins,Consumer,United States,Fairfield,Connecticut,East,FUR-TA-10002903,Furniture,Tables,"Bevis Round Bullnose 29"" High Table Top",181.797,1,-15.5826,COD
3742,CA-2019-137848,15-01-2019,21-01-2019,Standard Class,WB-21850,William Brown,Consumer,United States,New York City,New York,East,OFF-EN-10001137,Office Supplies,Envelopes,"#10 Gummed Flap White Envelopes, 100/Box",16.52,4,7.5992,Online
3743,CA-2019-137848,15-01-2019,21-01-2019,Standard Class,WB-21850,William Brown,Consumer,United States,New York City,New York,East,OFF-PA-10004285,Office Supplies,Paper,Xerox 1959,60.12,9,28.8576,COD
3744,CA-2019-137848,15-01-2019,21-01-2019,Standard Class,WB-21850,William Brown,Consumer,United States,New York City,New York,East,OFF-BI-10002225,Office Supplies,Binders,"Square Ring Data Binders, Rigid 75 Pt. Covers, 11"" x 14-7/8""",49.536,3,17.3376,Cards
5968,CA-2019-166912,15-01-2019,17-01-2019,First Class,BE-11335,Bill Eplett,Home Office,United States,New York City,New York,East,OFF-PA-10001033,Office Supplies,Paper,Xerox 1893,81.98,2,40.1702,Online
26,CA-2019-121755,16-01-2019,20-01-2019,Second Class,EH-13945,Eric Hoffmann,Consumer,United States,Los Angeles,California,West,OFF-BI-10001634,Office Supplies,Binders,Wilson Jones Active Use Binders,11.648,2,4.2224,Cards
27,CA-2019-121755,16-01-2019,20-01-2019,Second Class,EH-13945,Eric Hoffmann,Consumer,United States,Los Angeles,California,West,TEC-AC-10003027,Technology,Accessories,Imation 8GB Mini TravelDrive USB 2.0 Flash Drive,90.57,3,11.7741,COD
877,CA-2019-116736,17-01-2019,21-01-2019,Standard Class,CC-12430,Chuck Clark,Home Office,United States,Concord,New Hampshire,East,TEC-AC-10003628,Technology,Accessories,Logitech 910-002974 M325 Wireless Mouse for Web Scrolling,29.99,1,13.1956,Online
2303,CA-2019-106558,17-01-2019,21-01-2019,Standard Class,DL-13495,Dionis Lloyd,Corporate,United States,Columbus,Georgia,South,TEC-AC-10001142,Technology,Accessories,First Data FD10 PIN Pad,316.0,4,31.6,Online
2876,US-2019-167339,21-01-2019,23-01-2019,Second Class,TD-20995,Tamara Dahlen,Consumer,United States,San Diego,California,West,FUR-CH-10004289,Furniture,Chairs,Global Super Steno Chair,153.568,2,-5.7588,COD
268,CA-2019-111010,22-01-2019,28-01-2019,Standard Class,PG-18895,Paul Gonzalez,Consumer,United States,Morristown,New Jersey,East,OFF-FA-10003472,Office Supplies,Fasteners,Bagged Rubber Bands,7.56,6,0.3024,COD
2471,US-2019-135923,22-01-2019,28-01-2019,Standard Class,CM-11935,Carlos Meador,Consumer,United States,Fayetteville,North Carolina,South,FUR-FU-10002107,Furniture,Furnishings,Eldon Pizzaz Desk Accessories,14.272,8,4.2816,COD
2473,US-2019-135923,22-01-2019,28-01-2019,Standard Class,CM-11935,Carlos Meador,Consumer,United States,Fayetteville,North Carolina,South,OFF-AP-10000692,Office Supplies,Appliances,Fellowes Mighty 8 Compact Surge Protector,64.864,4,6.4864,COD
2694,CA-2019-138079,22-01-2019,28-01-2019,Standard Class,AJ-10795,Anthony Johnson,Corporate,United States,Seattle,Washington,West,FUR-FU-10001475,Furniture,Furnishings,"Contract Clock, 14"", Brown",109.9,5,37.366,Online
5675,CA-2019-146318,22-01-2019,27-01-2019,Standard Class,MC-17275,Marc Crier,Consumer,United States,Seattle,Washington,West,OFF-PA-10003953,Office Supplies,Paper,Xerox 218,12.96,2,6.2208,Online
5752,CA-2019-125850,22-01-2019,28-01-2019,Standard Class,FP-14320,Frank Preis,Consumer,United States,San Diego,California,West,OFF-LA-10003498,Office Supplies,Labels,Avery 475,44.4,3,22.2,Online
5753,CA-2019-125850,22-01-2019,28-01-2019,Standard Class,FP-14320,Frank Preis,Consumer,United States,San Diego,California,West,OFF-LA-10004484,Office Supplies,Labels,Avery 476,20.65,5,9.499,Online
6229,CA-2019-148208,22-01-2019,27-01-2019,Standard Class,BT-11530,Bradley Talbott,Home Office,United States,Cleveland,Ohio,East,TEC-PH-10004093,Technology,Phones,Panasonic Kx-TS550,110.376,4,-20.2356,Online
6230,CA-2019-148208,22-01-2019,27-01-2019,Standard Class,BT-11530,Bradley Talbott,Home Office,United States,Cleveland,Ohio,East,TEC-AC-10000171,Technology,Accessories,"Verbatim 25 GB 6x Blu-ray Single Layer Recordable Disc, 25/Pack",55.176,3,15.8631,Cards
6238,US-2019-155180,22-01-2019,29-01-2019,Standard Class,TB-21280,Toby Braunhardt,Consumer,United States,New York City,New York,East,OFF-BI-10004506,Office Supplies,Binders,Wilson Jones data.warehouse D-Ring Binders with DublLock,26.336,4,9.2176,Online
7294,CA-2019-113656,23-01-2019,29-01-2019,Standard Class,CB-12415,Christy Brittain,Consumer,United States,Los Angeles,California,West,FUR-FU-10000719,Furniture,Furnishings,"DAX Cubicle Frames, 8-1/2 x 11",59.99,7,21.5964,Online
9147,US-2019-165505,23-01-2019,27-01-2019,Standard Class,CB-12535,Claudia Bergmann,Corporate,United States,Burlington,Vermont,East,TEC-AC-10002926,Technology,Accessories,Logitech Wireless Marathon Mouse M705,99.98,2,42.9914,COD
9148,US-2019-165505,23-01-2019,27-01-2019,Standard Class,CB-12535,Claudia Bergmann,Corporate,United States,Burlington,Vermont,East,OFF-AR-10003477,Office Supplies,Art,4009 Highlighters,8.04,6,2.7336,COD
4612,CA-2019-109407,24-01-2019,26-01-2019,Second Class,HG-14965,Henry Goldwyn,Corporate,United States,Gulfport,Mississippi,South,OFF-BI-10000285,Office Supplies,Binders,XtraLife ClearVue Slant-D Ring Binders by Cardinal,31.36,4,15.68,COD
4327,CA-2019-153346,25-01-2019,27-01-2019,First Class,TB-21355,Todd Boyes,Corporate,United States,Plainfield,New Jersey,East,OFF-AR-10000315,Office Supplies,Art,"Dixon Ticonderoga Maple Cedar Pencil, #2",9.21,3,2.3025,COD
4328,CA-2019-153346,25-01-2019,27-01-2019,First Class,TB-21355,Todd Boyes,Corporate,United States,Plainfield,New Jersey,East,OFF-PA-10000007,Office Supplies,Paper,"Telephone Message Books with Fax/Mobile Section, 4 1/4"" x 6""",18.0,5,8.28,Cards
9358,CA-2019-168046,25-01-2019,28-01-2019,Second Class,JD-15895,Jonathan Doherty,Corporate,United States,New York City,New York,East,OFF-BI-10003676,Office Supplies,Binders,"GBC Standard Recycled Report Covers, Clear Plastic Sheets",43.12,5,15.092,Online
9360,CA-2019-168046,25-01-2019,28-01-2019,Second Class,JD-15895,Jonathan Doherty,Corporate,United States,New York City,New York,East,FUR-FU-10000747,Furniture,Furnishings,Tenex B1-RE Series Chair Mats for Low Pile Carpets,45.98,1,7.8166,Online
9361,CA-2019-168046,25-01-2019,28-01-2019,Second Class,JD-15895,Jonathan Doherty,Corporate,United States,New York City,New York,East,OFF-ST-10004337,Office Supplies,Storage,"SAFCO Commercial Wire Shelving, 72h",428.68,7,0.0,Online
8613,CA-2019-146437,28-01-2019,01-02-2019,Second Class,HG-14965,Henry Goldwyn,Corporate,United States,Los Angeles,California,West,OFF-AR-10000588,Office Supplies,Art,Newell 345,39.68,2,10.3168,COD
2885,CA-2019-164483,30-01-2019,03-02-2019,Standard Class,JF-15490,Jeremy Farry,Consumer,United States,San Francisco,California,West,OFF-BI-10000014,Office Supplies,Binders,Heavy-Duty E-Z-D Binders,17.456,2,5.8914,COD
7291,CA-2019-153661,30-01-2019,31-01-2019,First Class,SC-20725,Steven Cartwright,Consumer,United States,San Francisco,California,West,OFF-BI-10004781,Office Supplies,Binders,GBC Wire Binding Strips,50.784,2,17.7744,Online
7292,CA-2019-153661,30-01-2019,31-01-2019,First Class,SC-20725,Steven Cartwright,Consumer,United States,San Francisco,California,West,OFF-LA-10004689,Office Supplies,Labels,Avery 512,26.01,9,12.2247,Online
7566,US-2019-166660,30-01-2019,01-02-2019,Second Class,TB-21250,Tim Brockman,Consumer,United States,Seattle,Washington,West,FUR-BO-10000468,Furniture,Bookcases,O'Sullivan 2-Shelf Heavy-Duty Bookcases,48.58,1,7.7728,Online
8926,CA-2019-168032,30-01-2019,03-02-2019,Standard Class,DF-13135,David Flashing,Consumer,United States,Rockford,Illinois,Central,OFF-BI-10000546,Office Supplies,Binders,Avery Durable Binders,1.728,3,-2.6784,Cards
4999,CA-2019-129238,31-01-2019,04-02-2019,Standard Class,SC-20050,Sample Company A,Home Office,United States,Los Angeles,California,West,TEC-PH-10004120,Technology,Phones,AT&T 1080 Phone,109.592,1,8.2194,Cards
5000,CA-2019-129238,31-01-2019,04-02-2019,Standard Class,SC-20050,Sample Company A,Home Office,United States,Los Angeles,California,West,OFF-PA-10002764,Office Supplies,Paper,Easy-staple paper,56.7,5,27.783,COD
5114,CA-2019-147970,31-01-2019,02-02-2019,Second Class,AB-10150,Aimee Bixby,Consumer,United States,Dallas,Texas,Central,OFF-PA-10003936,Office Supplies,Paper,Xerox 1994,15.552,3,5.4432,Cards
7505,CA-2019-158043,31-01-2019,04-02-2019,Second Class,JK-15325,Jason Klamczynski,Corporate,United States,Atlantic City,New Jersey,East,OFF-EN-10003134,Office Supplies,Envelopes,Staple envelope,23.36,2,11.68,Cards
3242,US-2019-140809,01-02-2019,03-02-2019,First Class,CK-12760,Cyma Kinney,Corporate,United States,Arlington,Virginia,South,OFF-ST-10002214,Office Supplies,Storage,X-Rack File for Hanging Folders,56.45,5,14.677,COD
5614,CA-2019-147431,02-02-2019,07-02-2019,Standard Class,AB-10105,Adrian Barton,Consumer,United States,New York City,New York,East,OFF-ST-10003994,Office Supplies,Storage,"Belkin 19"" Center-Weighted Shelf, Gray",117.96,2,5.898,COD
8490,CA-2019-158841,02-02-2019,04-02-2019,Second Class,SE-20110,Sanjit Engle,Consumer,United States,Arlington,Virginia,South,OFF-BI-10002557,Office Supplies,Binders,Presstex Flexible Ring Binders,36.4,8,18.2,COD
8491,CA-2019-158841,02-02-2019,04-02-2019,Second Class,SE-20110,Sanjit Engle,Consumer,United States,Arlington,Virginia,South,FUR-FU-10001731,Furniture,Furnishings,Acrylic Self-Standing Desk Frames,18.69,7,7.1022,Online
6043,CA-2019-117912,04-02-2019,08-02-2019,Standard Class,TB-21520,Tracy Blumstein,Consumer,United States,Sierra Vista,Arizona,West,FUR-FU-10002088,Furniture,Furnishings,Nu-Dell Float Frame 11 x 14 1/2,14.368,2,3.9512,COD
9068,CA-2019-150077,04-02-2019,10-02-2019,Standard Class,MS-17365,Maribeth Schnelling,Consumer,United States,Rockville,Maryland,East,TEC-PH-10002890,Technology,Phones,AT&T 17929 Lendline Telephone,90.48,2,23.5248,COD
9521,CA-2019-101189,04-02-2019,09-02-2019,Standard Class,JB-15400,Jennifer Braxton,Corporate,United States,Los Angeles,California,West,OFF-ST-10004180,Office Supplies,Storage,Safco Commercial Shelving,93.02,2,3.7208,COD
1383,US-2019-108504,05-02-2019,05-02-2019,Same Day,PP-18955,Paul Prost,Home Office,United States,Smyrna,Georgia,South,OFF-ST-10002344,Office Supplies,Storage,"Carina 42""Hx23 3/4""W Media Storage Unit",80.98,1,1.6196,COD
1385,US-2019-108504,05-02-2019,05-02-2019,Same Day,PP-18955,Paul Prost,Home Office,United States,Smyrna,Georgia,South,OFF-FA-10000053,Office Supplies,Fasteners,Revere Boxed Rubber Bands by Revere,9.45,5,0.189,Online
1386,US-2019-108504,05-02-2019,05-02-2019,Same Day,PP-18955,Paul Prost,Home Office,United States,Smyrna,Georgia,South,FUR-FU-10004091,Furniture,Furnishings,"Eldon 200 Class Desk Accessories, Black",18.84,3,7.1592,Online
1389,US-2019-108504,05-02-2019,05-02-2019,Same Day,PP-18955,Paul Prost,Home Office,United States,Smyrna,Georgia,South,TEC-PH-10000215,Technology,Phones,Plantronics Cordless Phone Headset with In-line Volume - M214C,104.85,3,28.3095,COD
1392,US-2019-108504,05-02-2019,05-02-2019,Same Day,PP-18955,Paul Prost,Home Office,United States,Smyrna,Georgia,South,OFF-ST-10004804,Office Supplies,Storage,"Belkin 19"" Vented Equipment Shelf, Black",154.44,3,1.5444,COD
8142,CA-2019-100993,05-02-2019,10-02-2019,Standard Class,AZ-10750,Annie Zypern,Consumer,United States,San Diego,California,West,OFF-LA-10003223,Office Supplies,Labels,Avery 508,14.73,3,7.2177,COD
8143,CA-2019-100993,05-02-2019,10-02-2019,Standard Class,AZ-10750,Annie Zypern,Consumer,United States,San Diego,California,West,OFF-ST-10004340,Office Supplies,Storage,"Fellowes Mobile File Cart, Black",186.54,3,50.3658,Online
5810,CA-2019-125017,06-02-2019,11-02-2019,Standard Class,KB-16240,Karen Bern,Corporate,United States,Chattanooga,Tennessee,South,FUR-FU-10000723,Furniture,Furnishings,"Deflect-o EconoMat Studded, No Bevel Mat for Low Pile Carpeting",132.224,4,-18.1808,COD
1729,CA-2019-106894,07-02-2019,07-02-2019,Same Day,CA-12265,Christina Anderson,Consumer,United States,Springfield,Virginia,South,TEC-AC-10003063,Technology,Accessories,Micro Innovations USB RF Wireless Keyboard with Mouse,100.0,4,21.0,COD
1730,CA-2019-106894,07-02-2019,07-02-2019,Same Day,CA-12265,Christina Anderson,Consumer,United States,Springfield,Virginia,South,OFF-LA-10001045,Office Supplies,Labels,Permanent Self-Adhesive File Folder Labels for Typewriters by Universal,7.83,3,3.6018,COD
2696,CA-2019-161662,07-02-2019,09-02-2019,First Class,BE-11410,Bobby Elias,Consumer,United States,Lancaster,Ohio,East,OFF-PA-10003465,Office Supplies,Paper,Xerox 1912,30.352,2,10.6232,Online
8383,CA-2019-163048,08-02-2019,15-02-2019,Standard Class,MH-17440,Mark Haberlin,Corporate,United States,Houston,Texas,Central,FUR-CH-10001270,Furniture,Chairs,Harbour Creations Steel Folding Chair,241.5,4,0.0,COD
8842,US-2019-112396,09-02-2019,13-02-2019,Standard Class,JR-16210,Justin Ritter,Corporate,United States,San Francisco,California,West,TEC-AC-10003628,Technology,Accessories,Logitech 910-002974 M325 Wireless Mouse for Web Scrolling,89.97,3,39.5868,COD
8843,US-2019-112396,09-02-2019,13-02-2019,Standard Class,JR-16210,Justin Ritter,Corporate,United States,San Francisco,California,West,TEC-AC-10004761,Technology,Accessories,Maxell 4.7GB DVD+RW 3/Pack,31.86,2,11.151,COD
1809,CA-2019-164938,11-02-2019,13-02-2019,First Class,PB-19210,Phillip Breyer,Corporate,United States,Tulsa,Oklahoma,Central,TEC-PH-10004897,Technology,Phones,Mediabridge Sport Armband iPhone 5s,69.93,7,0.6993,Online
7195,CA-2019-110492,12-02-2019,14-02-2019,First Class,JS-15880,John Stevenson,Consumer,United States,Atlanta,Georgia,South,OFF-BI-10003274,Office Supplies,Binders,"Avery Durable Slant Ring Binders, No Labels",15.92,4,7.4824,COD
7811,CA-2019-134334,14-02-2019,15-02-2019,First Class,DK-13090,Dave Kipp,Consumer,United States,Clinton,Maryland,East,OFF-PA-10000791,Office Supplies,Paper,"Wirebound Message Books, Four 2 3/4 x 5 Forms per Page, 200 Sets per Book",4.77,1,2.1465,COD
7812,CA-2019-134334,14-02-2019,15-02-2019,First Class,DK-13090,Dave Kipp,Consumer,United States,Clinton,Maryland,East,OFF-AR-10001770,Office Supplies,Art,Economy #2 Pencils,7.98,3,2.0748,COD
7814,CA-2019-134334,14-02-2019,15-02-2019,First Class,DK-13090,Dave Kipp,Consumer,United States,Clinton,Maryland,East,FUR-FU-10003274,Furniture,Furnishings,Regeneration Desk Collection,10.56,6,4.6464,Online
1244,US-2019-162859,15-02-2019,22-02-2019,Standard Class,PG-18820,Patrick Gardner,Consumer,United States,New York City,New York,East,OFF-FA-10000304,Office Supplies,Fasteners,Advantus Push Pins,8.72,4,3.5752,Online
1822,CA-2019-168956,16-02-2019,20-02-2019,Standard Class,EA-14035,Erin Ashbrook,Corporate,United States,Chicago,Illinois,Central,OFF-FA-10000304,Office Supplies,Fasteners,Advantus Push Pins,6.976,4,1.8312,Online
1823,CA-2019-168956,16-02-2019,20-02-2019,Standard Class,EA-14035,Erin Ashbrook,Corporate,United States,Chicago,Illinois,Central,FUR-CH-10004754,Furniture,Chairs,"Global Stack Chair with Arms, Black",62.958,3,-2.6982,Online
1824,CA-2019-168956,16-02-2019,20-02-2019,Standard Class,EA-14035,Erin Ashbrook,Corporate,United States,Chicago,Illinois,Central,OFF-PA-10000809,Office Supplies,Paper,Xerox 206,5.184,1,1.8144,Online
8161,CA-2019-134138,16-02-2019,20-02-2019,Standard Class,JD-15790,John Dryer,Consumer,United States,Belleville,New Jersey,East,FUR-CH-10001545,Furniture,Chairs,Hon Comfortask Task/Swivel Chairs,227.96,2,36.4736,Online
9079,CA-2019-108105,16-02-2019,23-02-2019,Standard Class,GW-14605,Giulietta Weimer,Consumer,United States,Henderson,Kentucky,South,FUR-FU-10003773,Furniture,Furnishings,Eldon Cleatmat Plus Chair Mats for High Pile Carpets,318.08,4,34.9888,COD
9080,CA-2019-108105,16-02-2019,23-02-2019,Standard Class,GW-14605,Giulietta Weimer,Consumer,United States,Henderson,Kentucky,South,OFF-BI-10002412,Office Supplies,Binders,Wilson Jones “Snap” Scratch Pad Binder Tool for Ring Binders,5.8,1,2.61,COD
9722,CA-2019-105781,16-02-2019,20-02-2019,Standard Class,JF-15565,Jill Fjeld,Consumer,United States,New York City,New York,East,FUR-CH-10001802,Furniture,Chairs,Hon Every-Day Chair Series Swivel Task Chairs,326.646,3,39.9234,Online
9723,CA-2019-105781,16-02-2019,20-02-2019,Standard Class,JF-15565,Jill Fjeld,Consumer,United States,New York City,New York,East,TEC-AC-10003628,Technology,Accessories,Logitech 910-002974 M325 Wireless Mouse for Web Scrolling,89.97,3,39.5868,Online
854,CA-2019-123274,19-02-2019,24-02-2019,Standard Class,GT-14710,Greg Tran,Consumer,United States,New York City,New York,East,FUR-FU-10004090,Furniture,Furnishings,"Executive Impressions 14"" Contract Wall Clock",44.46,2,14.6718,COD
855,CA-2019-123274,19-02-2019,24-02-2019,Standard Class,GT-14710,Greg Tran,Consumer,United States,New York City,New York,East,OFF-ST-10000736,Office Supplies,Storage,Carina Double Wide Media Storage Towers in Natural & Black,242.94,3,9.7176,COD
4777,CA-2019-101630,19-02-2019,23-02-2019,Second Class,CK-12760,Cyma Kinney,Corporate,United States,Long Beach,New York,East,OFF-LA-10004425,Office Supplies,Labels,Staple-on labels,8.67,3,4.0749,Online
4778,CA-2019-101630,19-02-2019,23-02-2019,Second Class,CK-12760,Cyma Kinney,Corporate,United States,Long Beach,New York,East,OFF-SU-10001664,Office Supplies,Supplies,Acme Office Executive Series Stainless Steel Trimmers,25.71,3,6.6846,COD
7538,CA-2019-106460,19-02-2019,22-02-2019,Second Class,GT-14710,Greg Tran,Consumer,United States,San Francisco,California,West,OFF-PA-10001736,Office Supplies,Paper,Xerox 1880,70.88,2,33.3136,COD
3456,CA-2019-166485,20-02-2019,27-02-2019,Standard Class,AH-10210,Alan Hwang,Consumer,United States,Nashville,Tennessee,South,OFF-PA-10004996,Office Supplies,Paper,"Speediset Carbonless Redi-Letter 7"" x 8 1/2""",16.496,2,5.5674,COD
2989,CA-2019-139010,21-02-2019,26-02-2019,Second Class,MC-17635,Matthew Clasen,Corporate,United States,Los Angeles,California,West,TEC-AC-10004227,Technology,Accessories,SanDisk Ultra 16 GB MicroSDHC Class 10 Memory Card,12.99,1,0.7794,COD
2990,CA-2019-139010,21-02-2019,26-02-2019,Second Class,MC-17635,Matthew Clasen,Corporate,United States,Los Angeles,California,West,OFF-BI-10000174,Office Supplies,Binders,"Wilson Jones Clip & Carry Folder Binder Tool for Ring Binders, Clear",18.56,4,6.496,Online
2991,CA-2019-139010,21-02-2019,26-02-2019,Second Class,MC-17635,Matthew Clasen,Corporate,United States,Los Angeles,California,West,OFF-ST-10001809,Office Supplies,Storage,Fellowes Officeware Wire Shelving,449.15,5,8.983,COD
2992,CA-2019-139010,21-02-2019,26-02-2019,Second Class,MC-17635,Matthew Clasen,Corporate,United States,Los Angeles,California,West,OFF-BI-10002309,Office Supplies,Binders,Avery Heavy-Duty EZD  Binder With Locking Rings,31.248,7,10.9368,COD
5306,US-2019-168410,21-02-2019,26-02-2019,Standard Class,BV-11245,Benjamin Venier,Corporate,United States,Oceanside,New York,East,FUR-FU-10000629,Furniture,Furnishings,9-3/4 Diameter Round Wall Clock,68.95,5,28.959,COD
5308,US-2019-168410,21-02-2019,26-02-2019,Standard Class,BV-11245,Benjamin Venier,Corporate,United States,Oceanside,New York,East,TEC-PH-10002583,Technology,Phones,iOttie HLCRIO102 Car Mount,39.98,2,1.999,COD
8277,US-2019-139262,21-02-2019,25-02-2019,Standard Class,LC-16960,Lindsay Castell,Home Office,United States,Tampa,Florida,South,OFF-BI-10003727,Office Supplies,Binders,Avery Durable Slant Ring Binders With Label Holder,3.762,3,-2.7588,COD
8278,US-2019-139262,21-02-2019,25-02-2019,Standard Class,LC-16960,Lindsay Castell,Home Office,United States,Tampa,Florida,South,OFF-BI-10002026,Office Supplies,Binders,Avery Arch Ring Binders,34.86,2,-26.726,Online
8279,US-2019-139262,21-02-2019,25-02-2019,Standard Class,LC-16960,Lindsay Castell,Home Office,United States,Tampa,Florida,South,OFF-ST-10001496,Office Supplies,Storage,Standard Rollaway File with Lock,432.456,3,32.4342,COD
5406,US-2019-143280,22-02-2019,26-02-2019,Standard Class,TZ-21580,Tracy Zic,Consumer,United States,Los Angeles,California,West,TEC-AC-10003399,Technology,Accessories,Memorex Mini Travel Drive 64 GB USB 2.0 Flash Drive,36.24,1,15.2208,COD
5407,US-2019-143280,22-02-2019,26-02-2019,Standard Class,TZ-21580,Tracy Zic,Consumer,United States,Los Angeles,California,West,OFF-FA-10000992,Office Supplies,Fasteners,"Acco Clips to Go Binder Clips, 24 Clips in Two Sizes",10.65,3,5.0055,COD
6237,CA-2019-144400,23-02-2019,27-02-2019,Standard Class,AC-10420,Alyssa Crouse,Corporate,United States,Philadelphia,Pennsylvania,East,OFF-EN-10004386,Office Supplies,Envelopes,"Recycled Interoffice Envelopes with String and Button Closure, 10 x 13",57.576,3,21.591,COD
2742,CA-2019-165015,25-02-2019,27-02-2019,Second Class,BD-11725,Bruce Degenhardt,Consumer,United States,Newark,Ohio,East,OFF-EN-10003134,Office Supplies,Envelopes,Staple envelope,46.72,5,17.52,Online
1579,CA-2019-102456,27-02-2019,01-03-2019,First Class,DL-12865,Dan Lawera,Consumer,United States,New York City,New York,East,OFF-AP-10004336,Office Supplies,Appliances,"Conquest 14 Commercial Heavy-Duty Upright Vacuum, Collection System, Accessory Kit",170.88,3,49.5552,COD
4555,CA-2019-101448,27-02-2019,01-03-2019,Second Class,EB-13930,Eric Barreto,Consumer,United States,La Crosse,Wisconsin,Central,OFF-BI-10004738,Office Supplies,Binders,Flexible Leather- Look Classic Collection Ring Binder,56.82,3,28.41,Online
7848,CA-2019-128706,27-02-2019,02-03-2019,Standard Class,DW-13540,Don Weiss,Consumer,United States,Houston,Texas,Central,FUR-FU-10004053,Furniture,Furnishings,DAX Two-Tone Silver Metal Document Frame,16.192,2,-6.8816,Online
3758,CA-2019-111283,28-02-2019,04-03-2019,Standard Class,LC-16870,Lena Cacioppo,Consumer,United States,Newark,Ohio,East,OFF-AR-10001615,Office Supplies,Art,Newell 34,111.104,7,8.3328,COD
9063,CA-2019-101623,28-02-2019,06-03-2019,Standard Class,RR-19525,Rick Reed,Corporate,United States,New York City,New York,East,OFF-FA-10003495,Office Supplies,Fasteners,Staples,36.48,6,18.24,Online
1084,US-2019-143819,01-03-2019,05-03-2019,Standard Class,KD-16270,Karen Daniels,Consumer,United States,Yonkers,New York,East,OFF-PA-10003127,Office Supplies,Paper,Easy-staple paper,26.38,1,12.1348,COD
3953,US-2019-151862,01-03-2019,08-03-2019,Standard Class,ON-18715,Odella Nelson,Corporate,United States,Denver,Colorado,West,TEC-PH-10003535,Technology,Phones,RCA ViSYS 25423RE1 Corded phone,159.984,2,13.9986,COD
3756,CA-2019-116799,03-03-2019,06-03-2019,First Class,JG-15310,Jason Gross,Corporate,United States,Odessa,Texas,Central,OFF-PA-10001892,Office Supplies,Paper,"Rediform Wirebound ""Phone Memo"" Message Book, 11 x 5-3/4",42.784,7,15.5092,COD
3887,CA-2019-167759,03-03-2019,08-03-2019,Second Class,CC-12670,Craig Carreira,Consumer,United States,Bloomington,Indiana,Central,TEC-PH-10003171,Technology,Phones,Plantronics Encore H101 Dual Earpieces Headset,134.85,3,37.758,COD
4004,CA-2019-145730,03-03-2019,08-03-2019,Standard Class,CC-12220,Chris Cortes,Consumer,United States,San Antonio,Texas,Central,TEC-MA-10001016,Technology,Machines,Canon PC170 Desktop Personal Copier,287.91,3,33.5895,COD
4005,CA-2019-145730,03-03-2019,08-03-2019,Standard Class,CC-12220,Chris Cortes,Consumer,United States,San Antonio,Texas,Central,OFF-EN-10000483,Office Supplies,Envelopes,"White Envelopes, White Envelopes with Clear Poly Window",36.6,3,11.895,COD
4748,CA-2019-120005,03-03-2019,03-03-2019,Same Day,TS-21160,Theresa Swint,Corporate,United States,San Francisco,California,West,OFF-SU-10004782,Office Supplies,Supplies,"Elite 5"" Scissors",25.35,3,7.605,COD
4749,CA-2019-120005,03-03-2019,03-03-2019,Same Day,TS-21160,Theresa Swint,Corporate,United States,San Francisco,California,West,FUR-FU-10000672,Furniture,Furnishings,"Executive Impressions 10"" Spectator Wall Clock",35.28,3,11.9952,Online
5200,CA-2019-103982,03-03-2019,08-03-2019,Standard Class,AA-10315,Alex Avila,Consumer,United States,Round Rock,Texas,Central,OFF-FA-10001332,Office Supplies,Fasteners,"Acco Banker's Clasps, 5 3/4""-Long",2.304,1,0.7776,Online
5201,CA-2019-103982,03-03-2019,08-03-2019,Standard Class,AA-10315,Alex Avila,Consumer,United States,Round Rock,Texas,Central,TEC-PH-10000895,Technology,Phones,Polycom VVX 310 VoIP phone,431.976,3,32.3982,COD
5202,CA-2019-103982,03-03-2019,08-03-2019,Standard Class,AA-10315,Alex Avila,Consumer,United States,Round Rock,Texas,Central,TEC-AC-10002857,Technology,Accessories,"Verbatim 25 GB 6x Blu-ray Single Layer Recordable Disc, 1/Pack",41.72,7,5.7365,Cards
2607,CA-2019-154053,04-03-2019,10-03-2019,Standard Class,MG-17890,Michael Granlund,Home Office,United States,San Diego,California,West,OFF-AR-10003727,Office Supplies,Art,Berol Giant Pencil Sharpener,16.99,1,4.9271,Online
3265,CA-2019-122518,04-03-2019,08-03-2019,Second Class,RF-19345,Randy Ferguson,Corporate,United States,Miami,Florida,South,OFF-LA-10001641,Office Supplies,Labels,Avery 518,10.08,4,3.528,Cards
919,CA-2019-165218,05-03-2019,11-03-2019,Standard Class,RW-19630,Rob Williams,Corporate,United States,Dallas,Texas,Central,OFF-EN-10000056,Office Supplies,Envelopes,Cameo Buff Policy Envelopes,149.352,3,50.4063,COD
920,CA-2019-165218,05-03-2019,11-03-2019,Standard Class,RW-19630,Rob Williams,Corporate,United States,Dallas,Texas,Central,OFF-ST-10001558,Office Supplies,Storage,Acco Perma 4000 Stacking Storage Drawers,12.992,1,-0.812,COD
8444,US-2019-155173,06-03-2019,10-03-2019,Standard Class,JB-16045,Julia Barnett,Home Office,United States,Philadelphia,Pennsylvania,East,OFF-BI-10002982,Office Supplies,Binders,Avery Self-Adhesive Photo Pockets for Polaroid Photos,2.043,1,-1.4982,COD
8445,US-2019-155173,06-03-2019,10-03-2019,Standard Class,JB-16045,Julia Barnett,Home Office,United States,Philadelphia,Pennsylvania,East,TEC-PH-10002538,Technology,Phones,Grandstream GXP1160 VoIP phone,68.238,3,-12.5103,Cards
8982,CA-2019-110898,06-03-2019,12-03-2019,Standard Class,LC-16870,Lena Cacioppo,Consumer,United States,Chicago,Illinois,Central,OFF-AP-10001626,Office Supplies,Appliances,"Commercial WindTunnel Clean Air Upright Vacuum, Replacement Belts, Filtration Bags",2.334,3,-6.3018,Cards
8983,CA-2019-110898,06-03-2019,12-03-2019,Standard Class,LC-16870,Lena Cacioppo,Consumer,United States,Chicago,Illinois,Central,OFF-BI-10004656,Office Supplies,Binders,Peel & Stick Add-On Corner Pockets,1.728,4,-2.7648,COD
839,US-2019-137547,07-03-2019,12-03-2019,Standard Class,EB-13705,Ed Braxton,Corporate,United States,Fort Worth,Texas,Central,TEC-PH-10002365,Technology,Phones,Belkin Grip Candy Sheer Case / Cover for iPhone 5 and 5S,21.072,3,1.5804,COD
1048,CA-2019-169103,08-03-2019,13-03-2019,Standard Class,ZC-21910,Zuschuss Carroll,Consumer,United States,Miami,Florida,South,FUR-FU-10004006,Furniture,Furnishings,"Deflect-o DuraMat Lighweight, Studded, Beveled Mat for Low Pile Carpeting",102.36,3,-3.8385,Cards
1705,CA-2019-106306,08-03-2019,08-03-2019,Same Day,PG-18820,Patrick Gardner,Consumer,United States,Glendale,Arizona,West,OFF-BI-10003676,Office Supplies,Binders,"GBC Standard Recycled Report Covers, Clear Plastic Sheets",9.702,3,-7.1148,Cards
6417,CA-2019-111976,08-03-2019,12-03-2019,Standard Class,BD-11620,Brian DeCherney,Consumer,United States,Philadelphia,Pennsylvania,East,TEC-PH-10002890,Technology,Phones,AT&T 17929 Lendline Telephone,108.576,4,-25.3344,COD
6418,CA-2019-111976,08-03-2019,12-03-2019,Standard Class,BD-11620,Brian DeCherney,Consumer,United States,Philadelphia,Pennsylvania,East,OFF-FA-10004968,Office Supplies,Fasteners,Rubber Band Ball,5.984,2,-1.3464,Cards
7234,CA-2019-137337,08-03-2019,12-03-2019,Standard Class,GB-14575,Giulietta Baptist,Consumer,United States,New York City,New York,East,FUR-FU-10003347,Furniture,Furnishings,Coloredge Poster Frame,113.6,8,44.304,Cards
7235,CA-2019-137337,08-03-2019,12-03-2019,Standard Class,GB-14575,Giulietta Baptist,Consumer,United States,New York City,New York,East,OFF-PA-10001934,Office Supplies,Paper,Xerox 1993,12.96,2,6.3504,Cards
7236,CA-2019-137337,08-03-2019,12-03-2019,Standard Class,GB-14575,Giulietta Baptist,Consumer,United States,New York City,New York,East,OFF-BI-10000632,Office Supplies,Binders,Satellite Sectional Post Binders,69.456,2,22.5732,Cards
8506,CA-2019-130400,08-03-2019,12-03-2019,Standard Class,SJ-20125,Sanjit Jacobs,Home Office,United States,Dallas,Texas,Central,OFF-BI-10001757,Office Supplies,Binders,Pressboard Hanging Data Binders for Unburst Sheets,8.856,9,-14.1696,Cards
8507,CA-2019-130400,08-03-2019,12-03-2019,Standard Class,SJ-20125,Sanjit Jacobs,Home Office,United States,Dallas,Texas,Central,TEC-AC-10004633,Technology,Accessories,"Verbatim 25 GB 6x Blu-ray Single Layer Recordable Disc, 3/Pack",27.96,5,8.388,Cards
8508,CA-2019-130400,08-03-2019,12-03-2019,Standard Class,SJ-20125,Sanjit Jacobs,Home Office,United States,Dallas,Texas,Central,OFF-EN-10001453,Office Supplies,Envelopes,"Tyvek Interoffice Envelopes, 9 1/2"" x 12 1/2"", 100/Box",146.352,3,49.3938,Cards
8812,US-2019-140172,08-03-2019,13-03-2019,Standard Class,SP-20650,Stephanie Phelps,Corporate,United States,Jackson,Michigan,Central,OFF-AP-10004233,Office Supplies,Appliances,Honeywell Enviracaire Portable Air Cleaner for up to 8 x 10 Room,207.144,3,48.3336,COD
8813,US-2019-140172,08-03-2019,13-03-2019,Standard Class,SP-20650,Stephanie Phelps,Corporate,United States,Jackson,Michigan,Central,OFF-AR-10002766,Office Supplies,Art,Prang Drawing Pencil Set,13.9,5,3.753,Online
8332,CA-2019-153269,09-03-2019,12-03-2019,First Class,PS-18760,Pamela Stobb,Consumer,United States,Andover,Massachusetts,East,OFF-ST-10004634,Office Supplies,Storage,"Personal Folder Holder, Ebony",11.21,1,3.363,COD
8334,CA-2019-153269,09-03-2019,12-03-2019,First Class,PS-18760,Pamela Stobb,Consumer,United States,Andover,Massachusetts,East,OFF-PA-10001801,Office Supplies,Paper,Xerox 193,17.94,3,8.7906,Cards
8335,CA-2019-153269,09-03-2019,12-03-2019,First Class,PS-18760,Pamela Stobb,Consumer,United States,Andover,Massachusetts,East,OFF-BI-10004632,Office Supplies,Binders,GBC Binding covers,51.8,4,23.31,Online
1876,US-2019-112977,10-03-2019,16-03-2019,Standard Class,CJ-12010,Caroline Jumper,Consumer,United States,Long Beach,New York,East,FUR-BO-10003272,Furniture,Bookcases,O'Sullivan Living Dimensions 5-Shelf Bookcases,176.784,1,-22.098,Cards
4063,US-2019-122182,10-03-2019,14-03-2019,Standard Class,BD-11770,Bryan Davis,Consumer,United States,Philadelphia,Pennsylvania,East,TEC-AC-10002800,Technology,Accessories,Plantronics Audio 478 Stereo USB Headset,39.992,1,7.4985,Online
6014,CA-2019-159016,10-03-2019,11-03-2019,First Class,KF-16285,Karen Ferguson,Home Office,United States,Los Angeles,California,West,OFF-PA-10004405,Office Supplies,Paper,Rediform Voice Mail Log Books,14.9,5,7.152,COD
8100,CA-2019-169663,10-03-2019,13-03-2019,First Class,RH-19510,Rick Huthwaite,Home Office,United States,Los Angeles,California,West,TEC-AC-10003038,Technology,Accessories,Kingston Digital DataTraveler 16GB USB 2.0,26.85,3,5.1015,Online
9412,CA-2019-108959,10-03-2019,14-03-2019,Second Class,MH-17785,Maya Herman,Corporate,United States,Glendale,Arizona,West,OFF-ST-10001272,Office Supplies,Storage,"Mini 13-1/2 Capacity Data Binder Rack, Pearl",104.696,1,6.5435,COD
45,CA-2019-118255,11-03-2019,13-03-2019,First Class,ON-18715,Odella Nelson,Corporate,United States,Eagan,Minnesota,Central,TEC-AC-10000171,Technology,Accessories,"Verbatim 25 GB 6x Blu-ray Single Layer Recordable Disc, 25/Pack",45.98,2,19.7714,COD
46,CA-2019-118255,11-03-2019,13-03-2019,First Class,ON-18715,Odella Nelson,Corporate,United States,Eagan,Minnesota,Central,OFF-BI-10003291,Office Supplies,Binders,Wilson Jones Leather-Like Binders with DublLock Round Rings,17.46,2,8.2062,Online
2759,CA-2019-146171,11-03-2019,15-03-2019,Standard Class,JP-16135,Julie Prescott,Home Office,United States,Columbus,Georgia,South,FUR-FU-10004270,Furniture,Furnishings,"Executive Impressions 13"" Clairmont Wall Clock",76.92,4,31.5372,Online
9698,CA-2019-122511,11-03-2019,11-03-2019,Same Day,BT-11485,Brad Thomas,Home Office,United States,Philadelphia,Pennsylvania,East,FUR-FU-10001037,Furniture,Furnishings,"DAX Charcoal/Nickel-Tone Document Frame, 5 x 7",30.336,4,9.48,Cards
804,CA-2019-115504,12-03-2019,17-03-2019,Standard Class,MC-18130,Mike Caudle,Corporate,United States,Monroe,Louisiana,South,OFF-PA-10003953,Office Supplies,Paper,Xerox 218,12.96,2,6.2208,Online
3607,CA-2019-119683,12-03-2019,16-03-2019,Second Class,CK-12595,Clytie Kelty,Consumer,United States,New York City,New York,East,OFF-EN-10001099,Office Supplies,Envelopes,Staple envelope,29.34,3,13.4964,COD
5958,CA-2019-127138,12-03-2019,15-03-2019,Second Class,DK-13225,Dean Katz,Corporate,United States,San Francisco,California,West,OFF-AP-10003842,Office Supplies,Appliances,Euro-Pro Shark Turbo Vacuum,154.9,5,40.274,Cards
5959,CA-2019-127138,12-03-2019,15-03-2019,Second Class,DK-13225,Dean Katz,Corporate,United States,San Francisco,California,West,OFF-EN-10004459,Office Supplies,Envelopes,Security-Tint Envelopes,30.56,4,14.9744,Cards
8480,US-2019-119270,12-03-2019,16-03-2019,Standard Class,SW-20245,Scot Wooten,Consumer,United States,Los Angeles,California,West,OFF-PA-10004022,Office Supplies,Paper,Hammermill Color Copier Paper (28Lb. and 96 Bright),19.98,2,8.991,Online
152,CA-2019-158834,13-03-2019,16-03-2019,First Class,TW-21025,Tamara Willingham,Home Office,United States,Scottsdale,Arizona,West,OFF-AP-10000326,Office Supplies,Appliances,Belkin 7 Outlet SurgeMaster Surge Protector with Phone Protection,157.92,5,17.766,Cards
153,CA-2019-158834,13-03-2019,16-03-2019,First Class,TW-21025,Tamara Willingham,Home Office,United States,Scottsdale,Arizona,West,TEC-PH-10001254,Technology,Phones,Jabra BIZ 2300 Duo QD Duo Corded Headset,203.184,2,15.2388,Cards
2346,CA-2019-159373,13-03-2019,18-03-2019,Standard Class,LT-17110,Liz Thompson,Consumer,United States,San Antonio,Texas,Central,OFF-PA-10000659,Office Supplies,Paper,"TOPS Carbonless Receipt Book, Four 2-3/4 x 7-1/4 Money Receipts per Page",70.08,5,24.528,COD
2347,CA-2019-159373,13-03-2019,18-03-2019,Standard Class,LT-17110,Liz Thompson,Consumer,United States,San Antonio,Texas,Central,OFF-BI-10004141,Office Supplies,Binders,Insertable Tab Indexes For Data Binders,1.272,2,-2.1624,COD
2364,US-2019-108637,13-03-2019,18-03-2019,Standard Class,AB-10060,Adam Bellavance,Home Office,United States,Waynesboro,Virginia,South,FUR-FU-10004864,Furniture,Furnishings,"Howard Miller 14-1/2"" Diameter Chrome Round Wall Clock",127.88,2,40.9216,Cards
2365,US-2019-108637,13-03-2019,18-03-2019,Standard Class,AB-10060,Adam Bellavance,Home Office,United States,Waynesboro,Virginia,South,OFF-AP-10004540,Office Supplies,Appliances,"Eureka The Boss Lite 10-Amp Upright Vacuum, Blue",160.32,2,44.8896,COD
2366,US-2019-108637,13-03-2019,18-03-2019,Standard Class,AB-10060,Adam Bellavance,Home Office,United States,Waynesboro,Virginia,South,OFF-BI-10004965,Office Supplies,Binders,Ibico Covers for Plastic or Wire Binding Elements,46.0,4,20.7,Online
5884,CA-2019-136301,13-03-2019,15-03-2019,Second Class,EH-13765,Edward Hooks,Corporate,United States,San Francisco,California,West,FUR-FU-10004712,Furniture,Furnishings,"Westinghouse Mesh Shade Clip-On Gooseneck Lamp, Black",28.28,2,7.3528,COD
7415,US-2019-114013,13-03-2019,15-03-2019,Second Class,SC-20770,Stewart Carmichael,Corporate,United States,Philadelphia,Pennsylvania,East,FUR-CH-10004287,Furniture,Chairs,SAFCO Arco Folding Chair,386.68,2,-5.524,COD
7416,US-2019-114013,13-03-2019,15-03-2019,Second Class,SC-20770,Stewart Carmichael,Corporate,United States,Philadelphia,Pennsylvania,East,TEC-AC-10000474,Technology,Accessories,Kensington Expert Mouse Optical USB Trackball for PC or Mac,379.96,5,47.495,Online
7418,US-2019-114013,13-03-2019,15-03-2019,Second Class,SC-20770,Stewart Carmichael,Corporate,United States,Philadelphia,Pennsylvania,East,OFF-PA-10004996,Office Supplies,Paper,"Speediset Carbonless Redi-Letter 7"" x 8 1/2""",41.24,5,13.9185,Cards
7421,US-2019-114013,13-03-2019,15-03-2019,Second Class,SC-20770,Stewart Carmichael,Corporate,United States,Philadelphia,Pennsylvania,East,OFF-BI-10002353,Office Supplies,Binders,GBC VeloBind Cover Sets,23.16,5,-15.44,Cards
9343,CA-2019-119123,13-03-2019,18-03-2019,Standard Class,DB-13360,Dennis Bolton,Home Office,United States,Riverside,California,West,OFF-BI-10001036,Office Supplies,Binders,Cardinal EasyOpen D-Ring Binders,51.184,7,19.194,Cards
1693,US-2019-154361,14-03-2019,19-03-2019,Standard Class,HZ-14950,Henia Zydlo,Consumer,United States,Columbus,Ohio,East,FUR-FU-10004020,Furniture,Furnishings,Advantus Panel Wall Acrylic Frame,21.88,5,6.2905,Cards
3929,CA-2019-162082,14-03-2019,17-03-2019,First Class,JS-15880,John Stevenson,Consumer,United States,Harlingen,Texas,Central,FUR-BO-10004409,Furniture,Bookcases,"Safco Value Mate Series Steel Bookcases, Baked Enamel Finish on Steel, Gray",241.332,5,-14.196,COD
3930,CA-2019-162082,14-03-2019,17-03-2019,First Class,JS-15880,John Stevenson,Consumer,United States,Harlingen,Texas,Central,OFF-PA-10001934,Office Supplies,Paper,Xerox 1993,5.184,1,1.8792,COD
3931,CA-2019-162082,14-03-2019,17-03-2019,First Class,JS-15880,John Stevenson,Consumer,United States,Harlingen,Texas,Central,OFF-AR-10001044,Office Supplies,Art,"BOSTON Ranger #55 Pencil Sharpener, Black",145.544,7,16.3737,Cards
4259,CA-2019-124793,14-03-2019,16-03-2019,First Class,MM-18280,Muhammed MacIntyre,Corporate,United States,Seattle,Washington,West,FUR-CH-10002880,Furniture,Chairs,"Global High-Back Leather Tilter, Burgundy",196.784,2,-22.1382,COD
6116,CA-2019-133802,14-03-2019,20-03-2019,Standard Class,SP-20650,Stephanie Phelps,Corporate,United States,Redwood City,California,West,OFF-BI-10003291,Office Supplies,Binders,Wilson Jones Leather-Like Binders with DublLock Round Rings,41.904,6,14.1426,COD
8934,CA-2019-102134,14-03-2019,19-03-2019,Standard Class,SP-20545,Sibella Parks,Corporate,United States,Green Bay,Wisconsin,Central,FUR-FU-10003724,Furniture,Furnishings,Westinghouse Clip-On Gooseneck Lamps,16.74,2,4.3524,COD
1615,US-2019-113509,15-03-2019,19-03-2019,Standard Class,PL-18925,Paul Lucas,Home Office,United States,Philadelphia,Pennsylvania,East,TEC-AC-10004855,Technology,Accessories,V7 USB Numeric Keypad,83.976,3,-13.6461,Online
7648,CA-2019-138968,15-03-2019,16-03-2019,First Class,FC-14335,Fred Chung,Corporate,United States,San Francisco,California,West,OFF-BI-10003529,Office Supplies,Binders,Avery Round Ring Poly Binders,4.544,2,1.6472,Online
9170,CA-2019-140571,15-03-2019,19-03-2019,Standard Class,SJ-20125,Sanjit Jacobs,Home Office,United States,Jackson,Mississippi,South,OFF-PA-10001954,Office Supplies,Paper,Xerox 1964,45.68,2,21.0128,Online
2394,CA-2019-128111,17-03-2019,23-03-2019,Standard Class,CS-12355,Christine Sundaresam,Consumer,United States,Malden,Massachusetts,East,OFF-AR-10000588,Office Supplies,Art,Newell 345,39.68,2,10.3168,Online
3738,CA-2019-115476,17-03-2019,17-03-2019,Same Day,VM-21835,Vivian Mathis,Consumer,United States,Newark,Delaware,East,OFF-BI-10000962,Office Supplies,Binders,"Acco Flexible ACCOHIDE Square Ring Data Binder, Dark Blue, 11 1/2"" X 14"" 7/8""",32.54,2,15.9446,Online
8382,CA-2019-134544,17-03-2019,19-03-2019,Second Class,AC-10660,Anna Chung,Consumer,United States,San Francisco,California,West,TEC-PH-10003800,Technology,Phones,i.Sound Portable Power - 8000 mAh,84.784,2,-20.1362,COD
2853,CA-2019-136371,19-03-2019,21-03-2019,Second Class,SV-20935,Susan Vittorini,Consumer,United States,Oceanside,New York,East,FUR-FU-10000409,Furniture,Furnishings,"GE 4 Foot Flourescent Tube, 40 Watt",14.98,1,6.8908,Online
2854,CA-2019-136371,19-03-2019,21-03-2019,Second Class,SV-20935,Susan Vittorini,Consumer,United States,Oceanside,New York,East,FUR-FU-10000221,Furniture,Furnishings,"Master Caster Door Stop, Brown",20.32,4,6.9088,Online
9177,CA-2019-118178,19-03-2019,24-03-2019,Standard Class,CC-12610,Corey Catlett,Corporate,United States,Nashville,Tennessee,South,OFF-BI-10001153,Office Supplies,Binders,Ibico Recycled Grain-Textured Covers,31.086,3,-20.724,COD
589,US-2019-156986,20-03-2019,24-03-2019,Standard Class,ZC-21910,Zuschuss Carroll,Consumer,United States,Salem,Oregon,West,TEC-PH-10003800,Technology,Phones,i.Sound Portable Power - 8000 mAh,84.784,2,-20.1362,Online
590,US-2019-156986,20-03-2019,24-03-2019,Standard Class,ZC-21910,Zuschuss Carroll,Consumer,United States,Salem,Oregon,West,OFF-PA-10002005,Office Supplies,Paper,Xerox 225,20.736,4,7.2576,Cards
591,US-2019-156986,20-03-2019,24-03-2019,Standard Class,ZC-21910,Zuschuss Carroll,Consumer,United States,Salem,Oregon,West,OFF-BI-10002498,Office Supplies,Binders,Clear Mylar Reinforcing Strips,16.821,3,-12.8961,Online
592,US-2019-156986,20-03-2019,24-03-2019,Standard Class,ZC-21910,Zuschuss Carroll,Consumer,United States,Salem,Oregon,West,OFF-PA-10004101,Office Supplies,Paper,Xerox 1894,10.368,2,3.6288,Cards
749,CA-2019-150889,20-03-2019,22-03-2019,Second Class,PB-19105,Peter Bühler,Consumer,United States,Evanston,Illinois,Central,TEC-PH-10000004,Technology,Phones,Belkin iPhone and iPad Lightning Cable,11.992,1,0.8994,COD
3312,CA-2019-162747,20-03-2019,25-03-2019,Second Class,AH-10030,Aaron Hawkins,Corporate,United States,Gulfport,Mississippi,South,FUR-FU-10003691,Furniture,Furnishings,"Eldon Image Series Desk Accessories, Ebony",86.45,7,38.038,COD
3172,US-2019-133879,21-03-2019,28-03-2019,Standard Class,KT-16465,Kean Takahito,Consumer,United States,Chicago,Illinois,Central,OFF-BI-10004465,Office Supplies,Binders,Avery Durable Slant Ring Binders,3.168,2,-4.752,Cards
3173,US-2019-133879,21-03-2019,28-03-2019,Standard Class,KT-16465,Kean Takahito,Consumer,United States,Chicago,Illinois,Central,FUR-CH-10000665,Furniture,Chairs,"Global Airflow Leather Mesh Back Chair, Black",528.43,5,0.0,Cards
3174,US-2019-133879,21-03-2019,28-03-2019,Standard Class,KT-16465,Kean Takahito,Consumer,United States,Chicago,Illinois,Central,OFF-AR-10004956,Office Supplies,Art,Newell 33,13.392,3,1.5066,COD
3766,CA-2019-163153,21-03-2019,25-03-2019,Standard Class,DM-12955,Dario Medina,Corporate,United States,Houston,Texas,Central,FUR-TA-10004767,Furniture,Tables,Safco Drafting Table,99.372,2,-1.4196,COD
3767,CA-2019-163153,21-03-2019,25-03-2019,Standard Class,DM-12955,Dario Medina,Corporate,United States,Houston,Texas,Central,OFF-AR-10001868,Office Supplies,Art,Prang Dustless Chalk Sticks,1.344,1,0.504,COD
1672,CA-2019-107615,22-03-2019,25-03-2019,First Class,RB-19645,Robert Barroso,Corporate,United States,North Las Vegas,Nevada,West,TEC-AC-10001013,Technology,Accessories,Logitech ClearChat Comfort/USB Headset H390,58.58,2,19.3314,COD
7695,CA-2019-118899,22-03-2019,22-03-2019,Same Day,MC-17275,Marc Crier,Consumer,United States,Seattle,Washington,West,FUR-CH-10004754,Furniture,Chairs,"Global Stack Chair with Arms, Black",167.888,7,14.6902,Online
3030,US-2019-164189,24-03-2019,28-03-2019,Standard Class,DR-12880,Dan Reichenbach,Corporate,United States,Gresham,Oregon,West,TEC-PH-10003691,Technology,Phones,BlackBerry Q10,403.168,4,25.198,COD
4229,CA-2019-113803,24-03-2019,26-03-2019,First Class,VG-21805,Vivek Grady,Corporate,United States,Richmond,Indiana,Central,OFF-PA-10001994,Office Supplies,Paper,"Ink Jet Note and Greeting Cards, 8-1/2"" x 5-1/2"" Card Size",22.48,1,10.3408,Cards
9131,CA-2019-130911,24-03-2019,26-03-2019,Second Class,DC-12850,Dan Campbell,Consumer,United States,Cleveland,Ohio,East,OFF-AR-10000475,Office Supplies,Art,"Hunt BOSTON Vista Battery-Operated Pencil Sharpener, Black",18.656,2,1.6324,Cards
7931,CA-2019-120082,25-03-2019,27-03-2019,Second Class,DK-12835,Damala Kotsonis,Corporate,United States,New York City,New York,East,OFF-AR-10001955,Office Supplies,Art,Newell 319,59.52,3,17.856,Online
664,CA-2019-123666,26-03-2019,30-03-2019,Standard Class,SP-20545,Sibella Parks,Corporate,United States,New York City,New York,East,OFF-ST-10001522,Office Supplies,Storage,"Gould Plastics 18-Pocket Panel Bin, 34w x 5-1/4d x 20-1/2h",459.95,5,18.398,COD
3159,US-2019-162677,26-03-2019,27-03-2019,First Class,DB-13210,Dean Braden,Consumer,United States,Jacksonville,North Carolina,South,OFF-ST-10001291,Office Supplies,Storage,"Tenex Personal Self-Stacking Standard File Box, Black/Gray",67.64,5,5.9185,COD
3160,US-2019-162677,26-03-2019,27-03-2019,First Class,DB-13210,Dean Braden,Consumer,United States,Jacksonville,North Carolina,South,TEC-AC-10001314,Technology,Accessories,Case Logic 2.4GHz Wireless Keyboard,119.976,3,-17.9964,COD
9018,CA-2019-161361,26-03-2019,28-03-2019,Second Class,MV-17485,Mark Van Huff,Consumer,United States,Pocatello,Idaho,West,OFF-PA-10001838,Office Supplies,Paper,"Adams Telephone Message Book W/Dividers/Space For Phone Numbers, 5 1/4""X8 1/2"", 300/Messages",17.64,3,8.6436,Online
9019,CA-2019-161361,26-03-2019,28-03-2019,Second Class,MV-17485,Mark Van Huff,Consumer,United States,Pocatello,Idaho,West,OFF-BI-10002215,Office Supplies,Binders,"Wilson Jones Hanging View Binder, White, 1""",17.04,3,5.538,COD
8545,CA-2019-119074,27-03-2019,31-03-2019,Standard Class,DS-13180,David Smith,Corporate,United States,Columbus,Georgia,South,FUR-FU-10004053,Furniture,Furnishings,DAX Two-Tone Silver Metal Document Frame,20.24,1,8.7032,Online
8546,CA-2019-119074,27-03-2019,31-03-2019,Standard Class,DS-13180,David Smith,Corporate,United States,Columbus,Georgia,South,FUR-FU-10003731,Furniture,Furnishings,"Eldon Expressions Wood and Plastic Desk Accessories, Oak",39.92,4,11.1776,COD
8547,CA-2019-119074,27-03-2019,31-03-2019,Standard Class,DS-13180,David Smith,Corporate,United States,Columbus,Georgia,South,OFF-BI-10000962,Office Supplies,Binders,"Acco Flexible ACCOHIDE Square Ring Data Binder, Dark Blue, 11 1/2"" X 14"" 7/8""",32.54,2,15.9446,COD
1352,CA-2019-162901,28-03-2019,31-03-2019,First Class,AS-10045,Aaron Smayling,Corporate,United States,Arlington,Virginia,South,OFF-ST-10000649,Office Supplies,Storage,Hanging Personal Folder File,31.4,2,7.85,COD
7158,CA-2019-131380,28-03-2019,31-03-2019,Second Class,CC-12220,Chris Cortes,Consumer,United States,Los Angeles,California,West,OFF-ST-10002485,Office Supplies,Storage,Rogers Deluxe File Chest,87.92,4,0.8792,COD
7159,CA-2019-131380,28-03-2019,31-03-2019,Second Class,CC-12220,Chris Cortes,Consumer,United States,Los Angeles,California,West,OFF-PA-10001243,Office Supplies,Paper,Xerox 1983,5.98,1,2.9302,COD
3551,CA-2019-152555,29-03-2019,02-04-2019,Second Class,ME-17320,Maria Etezadi,Home Office,United States,Chicago,Illinois,Central,OFF-PA-10001295,Office Supplies,Paper,Computer Printout Paper with Letter-Trim Perforations,45.528,3,15.9348,COD
3973,CA-2019-167556,29-03-2019,02-04-2019,Standard Class,JM-15250,Janet Martin,Consumer,United States,New York City,New York,East,OFF-PA-10000466,Office Supplies,Paper,"Memo Book, 100 Message Capacity, 5 3/8” x 11”",13.48,2,6.74,COD
3974,CA-2019-167556,29-03-2019,02-04-2019,Standard Class,JM-15250,Janet Martin,Consumer,United States,New York City,New York,East,OFF-BI-10003708,Office Supplies,Binders,"Acco Four Pocket Poly Ring Binder with Label Holder, Smoke, 1""",29.8,5,9.3125,COD
3976,CA-2019-167556,29-03-2019,02-04-2019,Standard Class,JM-15250,Janet Martin,Consumer,United States,New York City,New York,East,OFF-BI-10000320,Office Supplies,Binders,GBC Plastic Binding Combs,41.328,7,14.9814,COD
1328,CA-2019-128258,30-03-2019,01-04-2019,First Class,CP-12085,Cathy Prescott,Corporate,United States,Norwich,Connecticut,East,OFF-PA-10004156,Office Supplies,Paper,Xerox 188,11.34,1,5.5566,COD
5422,US-2019-151827,31-03-2019,02-04-2019,Second Class,CS-11950,Carlos Soltero,Consumer,United States,Philadelphia,Pennsylvania,East,TEC-AC-10003289,Technology,Accessories,Anker Ultra-Slim Mini Bluetooth 3.0 Wireless Keyboard,31.984,2,1.1994,COD
448,CA-2019-166674,01-04-2019,03-04-2019,Second Class,RB-19360,Raymond Buch,Consumer,United States,Auburn,New York,East,OFF-AR-10000588,Office Supplies,Art,Newell 345,59.52,3,15.4752,COD
449,CA-2019-166674,01-04-2019,03-04-2019,Second Class,RB-19360,Raymond Buch,Consumer,United States,Auburn,New York,East,OFF-ST-10001469,Office Supplies,Storage,Fellowes Bankers Box Recycled Super Stor/Drawer,161.94,3,9.7164,COD
451,CA-2019-166674,01-04-2019,03-04-2019,Second Class,RB-19360,Raymond Buch,Consumer,United States,Auburn,New York,East,OFF-AR-10003156,Office Supplies,Art,50 Colored Long Pencils,30.48,3,7.9248,COD
452,CA-2019-166674,01-04-2019,03-04-2019,Second Class,RB-19360,Raymond Buch,Consumer,United States,Auburn,New York,East,OFF-AR-10004974,Office Supplies,Art,Newell 342,9.84,3,2.8536,COD
453,CA-2019-166674,01-04-2019,03-04-2019,Second Class,RB-19360,Raymond Buch,Consumer,United States,Auburn,New York,East,TEC-PH-10002365,Technology,Phones,Belkin Grip Candy Sheer Case / Cover for iPhone 5 and 5S,35.12,4,9.1312,Online
647,CA-2019-103947,01-04-2019,08-04-2019,Standard Class,BB-10990,Barry Blumstein,Corporate,United States,Sierra Vista,Arizona,West,OFF-FA-10003112,Office Supplies,Fasteners,Staples,31.56,5,9.8625,Online
648,CA-2019-103947,01-04-2019,08-04-2019,Standard Class,BB-10990,Barry Blumstein,Corporate,United States,Sierra Vista,Arizona,West,OFF-AP-10002350,Office Supplies,Appliances,Belkin F9H710-06 7 Outlet SurgeMaster Surge Protector,30.144,2,3.0144,Online
3967,CA-2019-149902,01-04-2019,06-04-2019,Standard Class,DW-13540,Don Weiss,Consumer,United States,New York City,New York,East,OFF-AR-10002956,Office Supplies,Art,Boston 16801 Nautilus Battery Pencil Sharpener,88.04,4,22.8904,Online
4090,CA-2019-161473,01-04-2019,05-04-2019,Standard Class,TB-21175,Thomas Boland,Corporate,United States,New York City,New York,East,OFF-LA-10001297,Office Supplies,Labels,Avery 473,20.7,2,9.936,COD
4091,CA-2019-161473,01-04-2019,05-04-2019,Standard Class,TB-21175,Thomas Boland,Corporate,United States,New York City,New York,East,OFF-SU-10001574,Office Supplies,Supplies,Acme Value Line Scissors,10.95,3,3.285,COD
4092,CA-2019-161473,01-04-2019,05-04-2019,Standard Class,TB-21175,Thomas Boland,Corporate,United States,New York City,New York,East,OFF-BI-10003305,Office Supplies,Binders,Avery Hanging File Binders,14.352,3,4.6644,COD
5143,CA-2019-111213,01-04-2019,05-04-2019,Standard Class,FP-14320,Frank Preis,Consumer,United States,New York City,New York,East,OFF-SU-10000946,Office Supplies,Supplies,Staple remover,63.84,8,18.5136,COD
5144,CA-2019-111213,01-04-2019,05-04-2019,Standard Class,FP-14320,Frank Preis,Consumer,United States,New York City,New York,East,OFF-BI-10004140,Office Supplies,Binders,Avery Non-Stick Binders,3.592,1,1.1225,COD
5643,CA-2019-127985,01-04-2019,05-04-2019,Second Class,DB-12910,Daniel Byrd,Home Office,United States,Columbus,Georgia,South,FUR-FU-10003274,Furniture,Furnishings,Regeneration Desk Collection,7.04,4,3.0976,COD
8523,US-2019-160206,01-04-2019,07-04-2019,Standard Class,MY-18295,Muhammed Yedwab,Corporate,United States,Milwaukee,Wisconsin,Central,TEC-PH-10000148,Technology,Phones,Cyber Acoustics AC-202b Speech Recognition Stereo Headset,12.99,1,0.2598,Online
5898,CA-2019-167682,03-04-2019,09-04-2019,Standard Class,ZD-21925,Zuschuss Donatelli,Consumer,United States,Richmond,Indiana,Central,FUR-FU-10003799,Furniture,Furnishings,"Seth Thomas 13 1/2"" Wall Clock",71.12,4,22.0472,Online
8572,CA-2019-162222,03-04-2019,03-04-2019,Same Day,SR-20740,Steven Roelle,Home Office,United States,Dallas,Texas,Central,OFF-PA-10003893,Office Supplies,Paper,Xerox 1962,10.272,3,3.21,COD
4243,CA-2019-159142,04-04-2019,05-04-2019,First Class,ME-17320,Maria Etezadi,Home Office,United States,Springfield,Virginia,South,TEC-PH-10001448,Technology,Phones,Anker Astro 15000mAh USB Portable Charger,149.97,3,5.9988,COD
4244,CA-2019-159142,04-04-2019,05-04-2019,First Class,ME-17320,Maria Etezadi,Home Office,United States,Springfield,Virginia,South,OFF-PA-10001776,Office Supplies,Paper,"Wirebound Message Books, Four 2 3/4"" x 5"" Forms per Page, 600 Sets per Book",27.81,3,13.0707,Online
8228,CA-2019-123050,04-04-2019,08-04-2019,Second Class,BC-11125,Becky Castell,Home Office,United States,Troy,New York,East,FUR-FU-10000723,Furniture,Furnishings,"Deflect-o EconoMat Studded, No Bevel Mat for Low Pile Carpeting",82.64,2,7.4376,Online
8229,CA-2019-123050,04-04-2019,08-04-2019,Second Class,BC-11125,Becky Castell,Home Office,United States,Troy,New York,East,OFF-ST-10003455,Office Supplies,Storage,"Tenex File Box, Personal Filing Tote with Lid, Black",31.02,2,8.0652,COD
8230,CA-2019-123050,04-04-2019,08-04-2019,Second Class,BC-11125,Becky Castell,Home Office,United States,Troy,New York,East,TEC-AC-10001109,Technology,Accessories,Logitech Trackman Marble Mouse,89.97,3,37.7874,COD
89,CA-2019-159695,05-04-2019,10-04-2019,Second Class,GM-14455,Gary Mitchum,Home Office,United States,Houston,Texas,Central,OFF-ST-10003442,Office Supplies,Storage,Eldon Portable Mobile Manager,158.368,7,13.8572,COD
9316,CA-2019-161907,05-04-2019,09-04-2019,Standard Class,JH-16180,Justin Hirsh,Consumer,United States,Philadelphia,Pennsylvania,East,TEC-PH-10000141,Technology,Phones,Clearsounds A400,118.782,3,-27.7158,COD
8517,CA-2019-132899,07-04-2019,11-04-2019,Standard Class,SF-20200,Sarah Foster,Consumer,United States,New York City,New York,East,OFF-AR-10002833,Office Supplies,Art,Newell 322,3.64,2,0.9828,Online
9369,CA-2019-154998,07-04-2019,09-04-2019,First Class,ES-14080,Erin Smith,Corporate,United States,Lakewood,New Jersey,East,OFF-PA-10004243,Office Supplies,Paper,Xerox 1939,37.94,2,18.2112,COD
9935,CA-2019-114405,07-04-2019,12-04-2019,Standard Class,AS-10240,Alan Shonely,Consumer,United States,Philadelphia,Pennsylvania,East,OFF-AP-10003278,Office Supplies,Appliances,Belkin 7-Outlet SurgeMaster Home Series,33.528,3,2.5146,COD
9936,CA-2019-114405,07-04-2019,12-04-2019,Standard Class,AS-10240,Alan Shonely,Consumer,United States,Philadelphia,Pennsylvania,East,OFF-ST-10001627,Office Supplies,Storage,Eldon Jumbo ProFile Portable File Boxes Graphite/Black,36.744,3,3.6744,COD
355,CA-2019-138520,08-04-2019,13-04-2019,Standard Class,JL-15505,Jeremy Lonsdale,Consumer,United States,New York City,New York,East,FUR-BO-10002268,Furniture,Bookcases,Sauder Barrister Bookcases,388.704,6,-4.8588,COD
356,CA-2019-138520,08-04-2019,13-04-2019,Standard Class,JL-15505,Jeremy Lonsdale,Consumer,United States,New York City,New York,East,OFF-EN-10001137,Office Supplies,Envelopes,"#10 Gummed Flap White Envelopes, 100/Box",8.26,2,3.7996,Online
357,CA-2019-138520,08-04-2019,13-04-2019,Standard Class,JL-15505,Jeremy Lonsdale,Consumer,United States,New York City,New York,East,OFF-AR-10002399,Office Supplies,Art,"Dixon Prang Watercolor Pencils, 10-Color Set with Brush",17.04,4,6.9864,Online
358,CA-2019-138520,08-04-2019,13-04-2019,Standard Class,JL-15505,Jeremy Lonsdale,Consumer,United States,New York City,New York,East,OFF-PA-10002713,Office Supplies,Paper,"Adams Phone Message Book, 200 Message Capacity, 8 1/16” x 11”",34.4,5,15.824,Online
904,CA-2019-130477,08-04-2019,12-04-2019,Standard Class,LC-17140,Logan Currie,Consumer,United States,Los Angeles,California,West,OFF-PA-10002947,Office Supplies,Paper,Xerox 1923,20.04,3,9.6192,COD
905,CA-2019-130477,08-04-2019,12-04-2019,Standard Class,LC-17140,Logan Currie,Consumer,United States,Los Angeles,California,West,OFF-ST-10002583,Office Supplies,Storage,Fellowes Neat Ideas Storage Cubes,64.96,2,2.5984,COD
906,CA-2019-130477,08-04-2019,12-04-2019,Standard Class,LC-17140,Logan Currie,Consumer,United States,Los Angeles,California,West,OFF-PA-10000019,Office Supplies,Paper,Xerox 1931,12.96,2,6.2208,COD
1199,CA-2019-130946,08-04-2019,12-04-2019,Standard Class,ZC-21910,Zuschuss Carroll,Consumer,United States,Houston,Texas,Central,FUR-CH-10004540,Furniture,Chairs,Global Chrome Stack Chair,95.984,4,-4.1136,COD
3673,CA-2019-104969,08-04-2019,14-04-2019,Standard Class,EH-14125,Eugene Hildebrand,Home Office,United States,Troy,Ohio,East,OFF-EN-10002312,Office Supplies,Envelopes,#10 Self-Seal White Envelopes,8.872,1,3.2161,Online
4196,CA-2019-124233,08-04-2019,14-04-2019,Standard Class,CK-12595,Clytie Kelty,Consumer,United States,Los Angeles,California,West,FUR-FU-10002597,Furniture,Furnishings,"C-Line Magnetic Cubicle Keepers, Clear Polypropylene",24.7,5,10.374,Online
5508,CA-2019-150000,08-04-2019,14-04-2019,Standard Class,PG-18820,Patrick Gardner,Consumer,United States,Smyrna,Georgia,South,OFF-EN-10002973,Office Supplies,Envelopes,Ampad #10 Peel & Seel Holiday Envelopes,17.92,4,8.6016,COD
6717,CA-2019-134789,08-04-2019,15-04-2019,Standard Class,CK-12325,Christine Kargatis,Home Office,United States,Hot Springs,Arkansas,South,OFF-FA-10002280,Office Supplies,Fasteners,Advantus Plastic Paper Clips,30.0,6,14.4,COD
6718,CA-2019-134789,08-04-2019,15-04-2019,Standard Class,CK-12325,Christine Kargatis,Home Office,United States,Hot Springs,Arkansas,South,OFF-PA-10001934,Office Supplies,Paper,Xerox 1993,25.92,4,12.7008,Online
6719,CA-2019-134789,08-04-2019,15-04-2019,Standard Class,CK-12325,Christine Kargatis,Home Office,United States,Hot Springs,Arkansas,South,FUR-FU-10003268,Furniture,Furnishings,Eldon Radial Chair Mat for Low to Medium Pile Carpets,159.92,4,31.984,COD
1560,CA-2019-126809,09-04-2019,13-04-2019,Standard Class,EB-13750,Edward Becker,Corporate,United States,Seattle,Washington,West,OFF-BI-10003712,Office Supplies,Binders,"Acco Pressboard Covers with Storage Hooks, 14 7/8"" x 11"", Light Blue",35.352,9,12.8151,COD
3055,CA-2019-128517,09-04-2019,14-04-2019,Second Class,SW-20350,Sean Wendt,Home Office,United States,Detroit,Michigan,Central,OFF-BI-10000831,Office Supplies,Binders,Storex Flexible Poly Binders with Double Pockets,5.28,2,2.4288,COD
900,US-2019-114622,10-04-2019,12-04-2019,First Class,JR-16210,Justin Ritter,Corporate,United States,Springfield,Ohio,East,OFF-BI-10004716,Office Supplies,Binders,Wilson Jones Hanging Recycled Pressboard Data Binders,8.904,2,-6.5296,COD
4500,CA-2019-124814,10-04-2019,16-04-2019,Standard Class,FM-14215,Filia McAdams,Corporate,United States,Bakersfield,California,West,OFF-PA-10002787,Office Supplies,Paper,Xerox 227,12.96,2,6.2208,COD
4501,CA-2019-124814,10-04-2019,16-04-2019,Standard Class,FM-14215,Filia McAdams,Corporate,United States,Bakersfield,California,West,OFF-BI-10000174,Office Supplies,Binders,"Wilson Jones Clip & Carry Folder Binder Tool for Ring Binders, Clear",23.2,5,8.12,COD
6736,CA-2019-123358,10-04-2019,17-04-2019,Standard Class,BT-11680,Brian Thompson,Consumer,United States,San Francisco,California,West,OFF-AP-10004980,Office Supplies,Appliances,3M Replacement Filter for Office Air Cleaner for 20' x 33' Room,113.76,3,44.3664,COD
6738,CA-2019-123358,10-04-2019,17-04-2019,Standard Class,BT-11680,Brian Thompson,Consumer,United States,San Francisco,California,West,OFF-ST-10000636,Office Supplies,Storage,Rogers Profile Extra Capacity Storage Tub,150.66,9,6.0264,COD
6739,CA-2019-123358,10-04-2019,17-04-2019,Standard Class,BT-11680,Brian Thompson,Consumer,United States,San Francisco,California,West,OFF-BI-10000069,Office Supplies,Binders,"GBC Prepunched Paper, 19-Hole, for Binding Systems, 24-lb",48.032,4,15.6104,Online
7474,CA-2019-109652,10-04-2019,15-04-2019,Standard Class,QJ-19255,Quincy Jones,Corporate,United States,Chicago,Illinois,Central,OFF-AR-10000034,Office Supplies,Art,"BIC Brite Liner Grip Highlighters, Assorted, 5/Pack",13.568,4,3.2224,COD
1131,CA-2019-112102,12-04-2019,16-04-2019,Standard Class,BD-11605,Brian Dahlen,Consumer,United States,Springfield,Virginia,South,OFF-PA-10000100,Office Supplies,Paper,Xerox 1945,40.99,1,20.0851,COD
1132,CA-2019-112102,12-04-2019,16-04-2019,Standard Class,BD-11605,Brian Dahlen,Consumer,United States,Springfield,Virginia,South,OFF-EN-10002500,Office Supplies,Envelopes,Globe Weis Peel & Seel First Class Envelopes,63.9,5,28.755,COD
5776,CA-2019-142398,12-04-2019,16-04-2019,Standard Class,BP-11290,Beth Paige,Consumer,United States,Los Angeles,California,West,OFF-BI-10004826,Office Supplies,Binders,JM Magazine Binder,13.208,1,4.6228,COD
7361,CA-2019-163594,12-04-2019,14-04-2019,First Class,JF-15295,Jason Fortune-,Consumer,United States,Los Angeles,California,West,OFF-PA-10000809,Office Supplies,Paper,Xerox 206,19.44,3,9.3312,Online
7363,CA-2019-163594,12-04-2019,14-04-2019,First Class,JF-15295,Jason Fortune-,Consumer,United States,Los Angeles,California,West,OFF-BI-10003707,Office Supplies,Binders,Aluminum Screw Posts,36.624,3,13.734,COD
9135,CA-2019-124254,12-04-2019,17-04-2019,Standard Class,TB-21175,Thomas Boland,Corporate,United States,Wilson,North Carolina,South,OFF-ST-10001469,Office Supplies,Storage,Fellowes Bankers Box Recycled Super Stor/Drawer,129.552,3,-22.6716,Online
9136,CA-2019-124254,12-04-2019,17-04-2019,Standard Class,TB-21175,Thomas Boland,Corporate,United States,Wilson,North Carolina,South,OFF-ST-10000060,Office Supplies,Storage,Fellowes Bankers Box Staxonsteel Drawer File/Stacking System,51.984,1,-5.1984,COD
9137,CA-2019-124254,12-04-2019,17-04-2019,Standard Class,TB-21175,Thomas Boland,Corporate,United States,Wilson,North Carolina,South,OFF-PA-10000807,Office Supplies,Paper,"TOPS ""Important Message"" Pads, Canary, 4-1/4 x 5-1/2, 50 Sheets per Pad",10.272,3,3.4668,COD
7775,CA-2019-152800,13-04-2019,15-04-2019,First Class,SP-20920,Susan Pistek,Consumer,United States,San Francisco,California,West,OFF-EN-10001509,Office Supplies,Envelopes,Poly String Tie Envelopes,6.12,3,2.8764,COD
418,CA-2019-148796,14-04-2019,18-04-2019,Standard Class,PB-19150,Philip Brown,Consumer,United States,Los Angeles,California,West,FUR-CH-10004886,Furniture,Chairs,Bevis Steel Folding Chairs,383.8,5,38.38,Online
1981,CA-2019-112669,14-04-2019,14-04-2019,Same Day,KT-16465,Kean Takahito,Consumer,United States,Glendale,Arizona,West,OFF-ST-10001228,Office Supplies,Storage,"Fellowes Personal Hanging Folder Files, Navy",42.976,4,4.2976,COD
2723,CA-2019-164735,14-04-2019,19-04-2019,Second Class,TB-21400,Tom Boeckenhauer,Consumer,United States,Alexandria,Virginia,South,OFF-ST-10001558,Office Supplies,Storage,Acco Perma 4000 Stacking Storage Drawers,81.2,5,12.18,COD
5890,CA-2019-166625,14-04-2019,17-04-2019,First Class,JM-15580,Jill Matthias,Consumer,United States,Baltimore,Maryland,East,OFF-BI-10002414,Office Supplies,Binders,GBC ProClick Spines for 32-Hole Punch,25.06,2,11.7782,COD
433,US-2019-123750,15-04-2019,21-04-2019,Standard Class,RB-19795,Ross Baird,Home Office,United States,Gastonia,North Carolina,South,OFF-ST-10000617,Office Supplies,Storage,Woodgrain Magazine Files by Perma,4.768,2,-0.7748,COD
1591,US-2019-132423,15-04-2019,19-04-2019,Standard Class,MY-18295,Muhammed Yedwab,Corporate,United States,Grapevine,Texas,Central,OFF-AR-10001221,Office Supplies,Art,"Dixon Ticonderoga Erasable Colored Pencil Set, 12-Color",33.488,7,5.8604,COD
1592,US-2019-132423,15-04-2019,19-04-2019,Standard Class,MY-18295,Muhammed Yedwab,Corporate,United States,Grapevine,Texas,Central,OFF-FA-10002988,Office Supplies,Fasteners,Ideal Clamps,8.04,5,2.9145,COD
4160,US-2019-164588,16-04-2019,23-04-2019,Standard Class,AP-10915,Arthur Prichep,Consumer,United States,Columbus,Georgia,South,OFF-AR-10003056,Office Supplies,Art,Newell 341,12.84,3,3.7236,COD
4279,US-2019-107440,16-04-2019,20-04-2019,Standard Class,BS-11365,Bill Shonely,Corporate,United States,Lakewood,New Jersey,East,FUR-FU-10000550,Furniture,Furnishings,Stacking Trays by OIC,9.96,2,3.2868,COD
4280,US-2019-107440,16-04-2019,20-04-2019,Standard Class,BS-11365,Bill Shonely,Corporate,United States,Lakewood,New Jersey,East,OFF-BI-10002432,Office Supplies,Binders,Wilson Jones Standard D-Ring Binders,25.3,5,11.891,COD
6919,CA-2019-105473,16-04-2019,18-04-2019,Second Class,BM-11785,Bryan Mills,Consumer,United States,Seattle,Washington,West,OFF-SU-10003567,Office Supplies,Supplies,Stiletto Hand Letter Openers,28.8,3,0.864,COD
7130,CA-2019-166282,16-04-2019,22-04-2019,Standard Class,PK-19075,Pete Kriz,Consumer,United States,Nashville,Tennessee,South,TEC-AC-10004209,Technology,Accessories,Memorex Froggy Flash Drive 4 GB,35.168,4,8.3524,Online
7131,CA-2019-166282,16-04-2019,22-04-2019,Standard Class,PK-19075,Pete Kriz,Consumer,United States,Nashville,Tennessee,South,OFF-PA-10003022,Office Supplies,Paper,Standard Line “While You Were Out” Hardbound Telephone Message Book,123.088,7,40.0036,COD
2644,CA-2019-149111,17-04-2019,21-04-2019,Second Class,BF-11170,Ben Ferrer,Home Office,United States,Raleigh,North Carolina,South,TEC-PH-10003092,Technology,Phones,Motorola L804,36.792,1,4.1391,Online
2645,CA-2019-149111,17-04-2019,21-04-2019,Second Class,BF-11170,Ben Ferrer,Home Office,United States,Raleigh,North Carolina,South,FUR-FU-10000206,Furniture,Furnishings,"GE General Purpose, Extra Long Life, Showcase & Floodlight Incandescent Bulbs",18.624,8,6.2856,COD
3790,US-2019-133508,17-04-2019,21-04-2019,Standard Class,SW-20350,Sean Wendt,Home Office,United States,Omaha,Nebraska,Central,OFF-FA-10000134,Office Supplies,Fasteners,"Advantus Push Pins, Aluminum Head",29.05,5,9.0055,Online
3986,CA-2019-108735,17-04-2019,21-04-2019,Standard Class,JM-15535,Jessica Myrick,Consumer,United States,Lakewood,California,West,FUR-BO-10003441,Furniture,Bookcases,"Bush Westfield Collection Bookcases, Fully Assembled",257.499,3,24.2352,COD
3989,US-2019-159415,17-04-2019,22-04-2019,Standard Class,CS-12175,Charles Sheldon,Corporate,United States,Columbia,Tennessee,South,FUR-FU-10003798,Furniture,Furnishings,"Ultra Door Kickplate, 8""H x 34""W",79.12,5,13.846,COD
2423,CA-2019-155551,18-04-2019,23-04-2019,Standard Class,CR-12580,Clay Rozendal,Home Office,United States,Elmhurst,Illinois,Central,OFF-PA-10001560,Office Supplies,Paper,"Adams Telephone Message Books, 5 1/4” x 11”",9.664,2,3.2616,COD
7781,CA-2019-139381,18-04-2019,22-04-2019,Standard Class,RF-19840,Roy Französisch,Consumer,United States,Chesapeake,Virginia,South,TEC-PH-10004924,Technology,Phones,"SKILCRAFT Telephone Shoulder Rest, 2"" x 6.5"" x 2.5"", Black",29.56,4,7.9812,COD
9678,CA-2019-144785,18-04-2019,23-04-2019,Standard Class,CS-12490,Cindy Schnelling,Corporate,United States,New York City,New York,East,OFF-AR-10001573,Office Supplies,Art,American Pencil,6.99,3,2.0271,COD
9679,CA-2019-144785,18-04-2019,23-04-2019,Standard Class,CS-12490,Cindy Schnelling,Corporate,United States,New York City,New York,East,OFF-SU-10004290,Office Supplies,Supplies,"Acme Design Line 8"" Stainless Steel Bent Scissors w/Champagne Handles, 3-1/8"" Cut",6.84,1,1.8468,Online
1605,US-2019-115819,19-04-2019,24-04-2019,Second Class,JO-15280,Jas O'Carroll,Consumer,United States,Los Angeles,California,West,TEC-PH-10004700,Technology,Phones,PowerGen Dual USB Car Charger,39.96,5,12.987,Cards
1606,US-2019-115819,19-04-2019,24-04-2019,Second Class,JO-15280,Jas O'Carroll,Consumer,United States,Los Angeles,California,West,OFF-AR-10000823,Office Supplies,Art,Newell 307,5.46,3,1.5288,Online
1607,US-2019-115819,19-04-2019,24-04-2019,Second Class,JO-15280,Jas O'Carroll,Consumer,United States,Los Angeles,California,West,OFF-AR-10004456,Office Supplies,Art,Panasonic KP-4ABK Battery-Operated Pencil Sharpener,73.2,5,21.228,Online
1608,US-2019-115819,19-04-2019,24-04-2019,Second Class,JO-15280,Jas O'Carroll,Consumer,United States,Los Angeles,California,West,OFF-BI-10000050,Office Supplies,Binders,"Angle-D Binders with Locking Rings, Label Holders",5.84,1,1.971,Online
1609,US-2019-115819,19-04-2019,24-04-2019,Second Class,JO-15280,Jas O'Carroll,Consumer,United States,Los Angeles,California,West,OFF-PA-10002377,Office Supplies,Paper,"Adams Telephone Message Book W/Dividers/Space For Phone Numbers, 5 1/4""X8 1/2"", 200/Messages",22.72,4,10.224,COD
1610,US-2019-115819,19-04-2019,24-04-2019,Second Class,JO-15280,Jas O'Carroll,Consumer,United States,Los Angeles,California,West,OFF-BI-10000591,Office Supplies,Binders,Avery Binder Labels,9.336,3,3.2676,COD
7108,CA-2019-109666,19-04-2019,26-04-2019,Standard Class,KM-16720,Kunst Miller,Consumer,United States,New York City,New York,East,TEC-PH-10004774,Technology,Phones,Gear Head AU3700S Headset,25.98,2,0.7794,Online
7109,CA-2019-109666,19-04-2019,26-04-2019,Standard Class,KM-16720,Kunst Miller,Consumer,United States,New York City,New York,East,OFF-AR-10004582,Office Supplies,Art,BIC Brite Liner Grip Highlighters,3.28,2,1.476,Online
7110,CA-2019-109666,19-04-2019,26-04-2019,Standard Class,KM-16720,Kunst Miller,Consumer,United States,New York City,New York,East,OFF-ST-10000991,Office Supplies,Storage,Space Solutions HD Industrial Steel Shelving.,459.88,4,13.7964,Online
7111,CA-2019-109666,19-04-2019,26-04-2019,Standard Class,KM-16720,Kunst Miller,Consumer,United States,New York City,New York,East,OFF-SU-10002522,Office Supplies,Supplies,Acme Kleen Earth Office Shears,7.76,2,2.2504,Online
7112,CA-2019-109666,19-04-2019,26-04-2019,Standard Class,KM-16720,Kunst Miller,Consumer,United States,New York City,New York,East,OFF-AR-10004022,Office Supplies,Art,Panasonic KP-380BK Classic Electric Pencil Sharpener,71.96,2,17.99,COD
7113,CA-2019-109666,19-04-2019,26-04-2019,Standard Class,KM-16720,Kunst Miller,Consumer,United States,New York City,New York,East,OFF-SU-10001218,Office Supplies,Supplies,Fiskars Softgrip Scissors,54.9,5,15.372,COD
7114,CA-2019-109666,19-04-2019,26-04-2019,Standard Class,KM-16720,Kunst Miller,Consumer,United States,New York City,New York,East,OFF-BI-10000174,Office Supplies,Binders,"Wilson Jones Clip & Carry Folder Binder Tool for Ring Binders, Clear",9.28,2,3.248,COD
1271,US-2019-103646,21-04-2019,26-04-2019,Standard Class,SP-20545,Sibella Parks,Corporate,United States,Chicago,Illinois,Central,OFF-ST-10000563,Office Supplies,Storage,Fellowes Bankers Box Stor/Drawer Steel Plus,102.336,4,-12.792,Cards
7986,CA-2019-151498,21-04-2019,24-04-2019,First Class,DN-13690,Duane Noonan,Consumer,United States,Seattle,Washington,West,OFF-BI-10004967,Office Supplies,Binders,Round Ring Binders,8.32,5,2.808,COD
9206,CA-2019-146423,21-04-2019,21-04-2019,Same Day,BT-11680,Brian Thompson,Consumer,United States,Milford,Connecticut,East,OFF-AR-10004817,Office Supplies,Art,Colorific Watercolor Pencils,15.48,3,4.4892,Online
9207,CA-2019-146423,21-04-2019,21-04-2019,Same Day,BT-11680,Brian Thompson,Consumer,United States,Milford,Connecticut,East,OFF-PA-10003797,Office Supplies,Paper,Xerox 209,51.84,8,24.8832,Cards
463,CA-2019-109869,22-04-2019,29-04-2019,Standard Class,TN-21040,Tanja Norvell,Home Office,United States,Phoenix,Arizona,West,FUR-FU-10000023,Furniture,Furnishings,Eldon Wave Desk Accessories,23.56,5,7.068,Cards
465,CA-2019-109869,22-04-2019,29-04-2019,Standard Class,TN-21040,Tanja Norvell,Home Office,United States,Phoenix,Arizona,West,OFF-BI-10000315,Office Supplies,Binders,Poly Designer Cover & Back,28.485,5,-20.889,Online
467,CA-2019-109869,22-04-2019,29-04-2019,Standard Class,TN-21040,Tanja Norvell,Home Office,United States,Phoenix,Arizona,West,OFF-AP-10002578,Office Supplies,Appliances,"Fellowes Premier Superior Surge Suppressor, 10-Outlet, With Phone and Remote",78.272,2,5.8704,COD
1037,CA-2019-113061,22-04-2019,26-04-2019,Standard Class,EL-13735,Ed Ludwig,Home Office,United States,Jefferson City,Missouri,Central,FUR-FU-10003975,Furniture,Furnishings,Eldon Advantage Chair Mats for Low to Medium Pile Carpets,86.62,2,8.662,COD
1577,CA-2019-109057,22-04-2019,27-04-2019,Standard Class,TT-21460,Tonja Turnell,Home Office,United States,Aurora,Illinois,Central,OFF-ST-10002406,Office Supplies,Storage,Pizazz Global Quick File,23.952,2,2.3952,Online
1886,CA-2019-147578,22-04-2019,26-04-2019,Second Class,PG-18895,Paul Gonzalez,Consumer,United States,San Francisco,California,West,FUR-FU-10001889,Furniture,Furnishings,Ultra Door Pull Handle,31.56,3,10.4148,Online
9503,CA-2019-101329,22-04-2019,29-04-2019,Standard Class,MM-17920,Michael Moore,Consumer,United States,Rome,New York,East,OFF-AR-10000614,Office Supplies,Art,Barrel Sharpener,32.13,9,8.3538,COD
9504,CA-2019-101329,22-04-2019,29-04-2019,Standard Class,MM-17920,Michael Moore,Consumer,United States,Rome,New York,East,OFF-AR-10003190,Office Supplies,Art,Newell 32,2.88,1,0.8064,Online
325,CA-2019-162138,23-04-2019,27-04-2019,Standard Class,GK-14620,Grace Kelly,Corporate,United States,Hesperia,California,West,TEC-AC-10001908,Technology,Accessories,Logitech Wireless Headset h800,99.99,1,34.9965,Cards
359,CA-2019-130001,23-04-2019,28-04-2019,Standard Class,HK-14890,Heather Kirkland,Corporate,United States,Charlotte,North Carolina,South,OFF-PA-10002666,Office Supplies,Paper,Southworth 25% Cotton Linen-Finish Paper & Envelopes,36.24,5,11.325,COD
2829,CA-2019-124149,23-04-2019,26-04-2019,First Class,MJ-17740,Max Jones,Consumer,United States,Lancaster,Ohio,East,OFF-PA-10002421,Office Supplies,Paper,Embossed Ink Jet Note Cards,108.336,6,37.9176,Online
2830,CA-2019-124149,23-04-2019,26-04-2019,First Class,MJ-17740,Max Jones,Consumer,United States,Lancaster,Ohio,East,OFF-ST-10000760,Office Supplies,Storage,Eldon Fold 'N Roll Cart System,55.92,5,6.291,Cards
2831,CA-2019-124149,23-04-2019,26-04-2019,First Class,MJ-17740,Max Jones,Consumer,United States,Lancaster,Ohio,East,OFF-PA-10002923,Office Supplies,Paper,Xerox 1942,78.304,2,29.364,Cards
9668,CA-2019-126270,23-04-2019,27-04-2019,Standard Class,AF-10870,Art Ferguson,Consumer,United States,San Clemente,California,West,OFF-BI-10002764,Office Supplies,Binders,Recycled Pressboard Report Cover with Reinforced Top Hinge,18.088,7,6.5569,Cards
9669,CA-2019-126270,23-04-2019,27-04-2019,Standard Class,AF-10870,Art Ferguson,Consumer,United States,San Clemente,California,West,OFF-EN-10004386,Office Supplies,Envelopes,"Recycled Interoffice Envelopes with String and Button Closure, 10 x 13",71.97,3,35.985,COD
3235,CA-2019-138933,24-04-2019,27-04-2019,First Class,JL-15130,Jack Lebron,Consumer,United States,Riverside,California,West,OFF-BI-10003355,Office Supplies,Binders,Cardinal Holdit Business Card Pockets,3.984,1,1.3944,Online
4987,CA-2019-149279,24-04-2019,28-04-2019,Standard Class,CL-12700,Craig Leslie,Home Office,United States,Colorado Springs,Colorado,West,OFF-PA-10003441,Office Supplies,Paper,Xerox 226,15.552,3,5.4432,Cards
4989,CA-2019-149279,24-04-2019,28-04-2019,Standard Class,CL-12700,Craig Leslie,Home Office,United States,Colorado Springs,Colorado,West,OFF-BI-10004040,Office Supplies,Binders,Wilson Jones Impact Binders,3.108,2,-2.1756,COD
332,US-2019-150147,25-04-2019,29-04-2019,Second Class,JL-15850,John Lucas,Consumer,United States,Philadelphia,Pennsylvania,East,TEC-PH-10004614,Technology,Phones,AT&T 841000 Phone,82.8,2,-20.7,COD
333,US-2019-150147,25-04-2019,29-04-2019,Second Class,JL-15850,John Lucas,Consumer,United States,Philadelphia,Pennsylvania,East,OFF-BI-10001153,Office Supplies,Binders,Ibico Recycled Grain-Textured Covers,20.724,2,-13.816,COD
334,US-2019-150147,25-04-2019,29-04-2019,Second Class,JL-15850,John Lucas,Consumer,United States,Philadelphia,Pennsylvania,East,OFF-BI-10001982,Office Supplies,Binders,Wilson Jones Custom Binder Spines & Labels,4.896,3,-3.4272,Online
611,CA-2019-161816,28-04-2019,01-05-2019,First Class,NB-18655,Nona Balk,Corporate,United States,Dallas,Texas,Central,TEC-PH-10003012,Technology,Phones,Nortel Meridian M3904 Professional Digital phone,369.576,3,41.5773,Online
612,CA-2019-161816,28-04-2019,01-05-2019,First Class,NB-18655,Nona Balk,Corporate,United States,Dallas,Texas,Central,OFF-LA-10004345,Office Supplies,Labels,Avery 493,15.712,4,5.6956,Cards
1072,CA-2019-152814,28-04-2019,02-05-2019,Standard Class,EH-14005,Erica Hernandez,Home Office,United States,Denver,Colorado,West,OFF-PA-10001970,Office Supplies,Paper,Xerox 1881,29.472,3,9.9468,COD
2614,CA-2019-137204,28-04-2019,05-05-2019,Standard Class,BO-11350,Bill Overfelt,Corporate,United States,Los Angeles,California,West,FUR-CH-10002304,Furniture,Chairs,"Global Stack Chair without Arms, Black",41.568,2,2.598,Cards
1716,CA-2019-154788,30-04-2019,04-05-2019,Standard Class,JL-15835,John Lee,Consumer,United States,New York City,New York,East,OFF-BI-10003314,Office Supplies,Binders,Tuff Stuff Recycled Round Ring Binders,7.712,2,2.7956,Online
2155,US-2019-120460,30-04-2019,05-05-2019,Standard Class,BF-11170,Ben Ferrer,Home Office,United States,Dallas,Texas,Central,FUR-FU-10004973,Furniture,Furnishings,Flat Face Poster Frame,22.608,3,-10.1736,Online
2542,CA-2019-144792,30-04-2019,04-05-2019,Standard Class,KD-16615,Ken Dana,Corporate,United States,Scottsdale,Arizona,West,FUR-FU-10002759,Furniture,Furnishings,12-1/2 Diameter Round Wall Clock,111.888,7,22.3776,Online
2664,CA-2019-164784,01-05-2019,04-05-2019,First Class,HF-14995,Herbert Flentye,Consumer,United States,Memphis,Tennessee,South,OFF-LA-10001569,Office Supplies,Labels,Avery 499,3.984,1,1.2948,Cards
2666,CA-2019-164784,01-05-2019,04-05-2019,First Class,HF-14995,Herbert Flentye,Consumer,United States,Memphis,Tennessee,South,OFF-BI-10002954,Office Supplies,Binders,Newell 3-Hole Punched Plastic Slotted Magazine Holders for Binders,2.742,2,-2.0108,Online
5863,CA-2019-101525,01-05-2019,04-05-2019,Second Class,CM-12235,Chris McAfee,Consumer,United States,Little Rock,Arkansas,South,OFF-PA-10003936,Office Supplies,Paper,Xerox 1994,19.44,3,9.3312,Online
5864,CA-2019-101525,01-05-2019,04-05-2019,Second Class,CM-12235,Chris McAfee,Consumer,United States,Little Rock,Arkansas,South,OFF-AR-10000716,Office Supplies,Art,DIXON Ticonderoga Erasable Checking Pencils,11.16,2,4.3524,COD
1278,CA-2019-148698,02-05-2019,07-05-2019,Standard Class,BD-11770,Bryan Davis,Consumer,United States,Houston,Texas,Central,OFF-AR-10004022,Office Supplies,Art,Panasonic KP-380BK Classic Electric Pencil Sharpener,86.352,3,5.397,Cards
3237,CA-2019-146836,02-05-2019,02-05-2019,Same Day,CC-12475,Cindy Chapman,Consumer,United States,New York City,New York,East,OFF-ST-10001580,Office Supplies,Storage,Super Decoflex Portable Personal File,44.94,3,12.5832,Cards
3238,CA-2019-146836,02-05-2019,02-05-2019,Same Day,CC-12475,Cindy Chapman,Consumer,United States,New York City,New York,East,OFF-BI-10000315,Office Supplies,Binders,Poly Designer Cover & Back,45.576,3,15.9516,Online
5316,CA-2019-154060,02-05-2019,08-05-2019,Standard Class,DL-12865,Dan Lawera,Consumer,United States,Greensboro,North Carolina,South,FUR-CH-10002304,Furniture,Chairs,"Global Stack Chair without Arms, Black",187.056,9,11.691,COD
7849,CA-2019-104311,02-05-2019,06-05-2019,Standard Class,AS-10090,Adam Shillingsburg,Consumer,United States,Irving,Texas,Central,OFF-ST-10000321,Office Supplies,Storage,Akro Stacking Bins,18.936,3,-3.7872,Cards
7850,CA-2019-104311,02-05-2019,06-05-2019,Standard Class,AS-10090,Adam Shillingsburg,Consumer,United States,Irving,Texas,Central,OFF-ST-10002957,Office Supplies,Storage,Sterilite Show Offs Storage Containers,12.672,3,-3.168,COD
7851,CA-2019-104311,02-05-2019,06-05-2019,Standard Class,AS-10090,Adam Shillingsburg,Consumer,United States,Irving,Texas,Central,OFF-LA-10000973,Office Supplies,Labels,Avery 502,5.04,2,1.764,Online
9851,CA-2019-158155,02-05-2019,06-05-2019,Standard Class,EH-13765,Edward Hooks,Corporate,United States,New York City,New York,East,FUR-FU-10000732,Furniture,Furnishings,Eldon 200 Class Desk Accessories,12.56,2,4.0192,Online
9852,CA-2019-158155,02-05-2019,06-05-2019,Standard Class,EH-13765,Edward Hooks,Corporate,United States,New York City,New York,East,OFF-BI-10001670,Office Supplies,Binders,Vinyl Sectional Post Binders,90.48,3,33.93,Cards
9853,CA-2019-158155,02-05-2019,06-05-2019,Standard Class,EH-13765,Edward Hooks,Corporate,United States,New York City,New York,East,OFF-PA-10000533,Office Supplies,Paper,Southworth Parchment Paper & Envelopes,13.08,2,6.0168,Online
4436,CA-2019-163398,03-05-2019,08-05-2019,Standard Class,CB-12415,Christy Brittain,Consumer,United States,Chicago,Illinois,Central,OFF-BI-10000014,Office Supplies,Binders,Heavy-Duty E-Z-D Binders,2.182,1,-3.6003,Cards
4437,CA-2019-163398,03-05-2019,08-05-2019,Standard Class,CB-12415,Christy Brittain,Consumer,United States,Chicago,Illinois,Central,OFF-AR-10003217,Office Supplies,Art,Newell 316,27.384,7,2.7384,Cards
9559,CA-2019-129280,03-05-2019,05-05-2019,First Class,SM-20905,Susan MacKendrick,Consumer,United States,Newark,Ohio,East,TEC-AC-10003832,Technology,Accessories,Imation 16GB Mini TravelDrive USB 2.0 Flash Drive,132.52,5,34.7865,Cards
9561,CA-2019-129280,03-05-2019,05-05-2019,First Class,SM-20905,Susan MacKendrick,Consumer,United States,Newark,Ohio,East,FUR-FU-10001876,Furniture,Furnishings,"Computer Room Manger, 14""",51.968,2,10.3936,COD
9564,CA-2019-129280,03-05-2019,05-05-2019,First Class,SM-20905,Susan MacKendrick,Consumer,United States,Newark,Ohio,East,OFF-LA-10000081,Office Supplies,Labels,Avery 496,6.0,2,2.1,Cards
1358,CA-2019-145247,05-05-2019,07-05-2019,First Class,ND-18370,Natalie DeCherney,Consumer,United States,Louisville,Kentucky,South,OFF-PA-10003641,Office Supplies,Paper,Xerox 1909,79.14,3,36.4044,Cards
2286,CA-2019-112676,05-05-2019,08-05-2019,First Class,PJ-18835,Patrick Jones,Corporate,United States,Murfreesboro,Tennessee,South,OFF-PA-10003971,Office Supplies,Paper,Xerox 1965,14.352,3,5.2026,COD
2589,CA-2019-137729,05-05-2019,09-05-2019,Standard Class,BF-11005,Barry Franz,Home Office,United States,Los Angeles,California,West,OFF-ST-10001505,Office Supplies,Storage,"Perma STOR-ALL Hanging File Box, 13 1/8""W x 12 1/4""D x 10 1/2""H",5.98,1,1.0166,COD
2590,CA-2019-137729,05-05-2019,09-05-2019,Standard Class,BF-11005,Barry Franz,Home Office,United States,Los Angeles,California,West,TEC-PH-10001433,Technology,Phones,Cisco Small Business SPA 502G VoIP phone,246.168,3,21.5397,Cards
2820,CA-2019-160500,05-05-2019,08-05-2019,First Class,DM-13015,Darrin Martin,Consumer,United States,Encinitas,California,West,OFF-BI-10003784,Office Supplies,Binders,Computer Printout Index Tabs,6.72,5,2.352,Cards
2821,CA-2019-160500,05-05-2019,08-05-2019,First Class,DM-13015,Darrin Martin,Consumer,United States,Encinitas,California,West,FUR-TA-10003748,Furniture,Tables,Bevis 36 x 72 Conference Tables,298.776,3,7.4694,Cards
3041,US-2019-147991,05-05-2019,09-05-2019,Standard Class,ZD-21925,Zuschuss Donatelli,Consumer,United States,Chattanooga,Tennessee,South,FUR-FU-10004270,Furniture,Furnishings,"Eldon Image Series Desk Accessories, Burgundy",16.72,5,3.344,COD
5696,CA-2019-126165,05-05-2019,07-05-2019,Second Class,AH-10465,Amy Hunt,Consumer,United States,San Francisco,California,West,FUR-TA-10001676,Furniture,Tables,Hon 61000 Series Interactive Training Tables,71.088,2,-1.7772,Cards
7116,US-2019-102239,05-05-2019,06-05-2019,First Class,LW-16990,Lindsay Williams,Corporate,United States,Henderson,Nevada,West,OFF-BI-10001890,Office Supplies,Binders,Avery Poly Binder Pockets,5.728,2,2.0048,Online
8752,CA-2019-105662,05-05-2019,09-05-2019,Standard Class,RB-19465,Rick Bensley,Home Office,United States,Tallahassee,Florida,South,OFF-PA-10001001,Office Supplies,Paper,"Snap-A-Way Black Print Carbonless Speed Message, No Reply Area, Duplicate",93.248,4,31.4712,COD
8753,CA-2019-105662,05-05-2019,09-05-2019,Standard Class,RB-19465,Rick Bensley,Home Office,United States,Tallahassee,Florida,South,TEC-PH-10001198,Technology,Phones,Avaya 4621SW VoIP phone,177.48,3,19.9665,Cards
2380,CA-2019-118052,06-05-2019,10-05-2019,Standard Class,BE-11455,Brad Eason,Home Office,United States,Lorain,Ohio,East,OFF-FA-10004248,Office Supplies,Fasteners,Advantus T-Pin Paper Clips,7.216,2,1.7138,COD
2381,CA-2019-118052,06-05-2019,10-05-2019,Standard Class,BE-11455,Brad Eason,Home Office,United States,Lorain,Ohio,East,OFF-PA-10002581,Office Supplies,Paper,Xerox 1951,49.568,2,15.49,Cards
2382,CA-2019-118052,06-05-2019,10-05-2019,Standard Class,BE-11455,Brad Eason,Home Office,United States,Lorain,Ohio,East,FUR-FU-10004848,Furniture,Furnishings,DAX Solid Wood Frames,54.712,7,11.6263,Cards
3359,CA-2019-139234,06-05-2019,10-05-2019,Standard Class,AF-10870,Art Ferguson,Consumer,United States,Chicago,Illinois,Central,OFF-BI-10000773,Office Supplies,Binders,Insertable Tab Post Binder Dividers,3.208,2,-5.2932,Online
3360,CA-2019-139234,06-05-2019,10-05-2019,Standard Class,AF-10870,Art Ferguson,Consumer,United States,Chicago,Illinois,Central,TEC-AC-10004510,Technology,Accessories,Logitech Desktop MK120 Mouse and keyboard Combo,26.176,2,-3.272,Cards
6633,US-2019-146857,06-05-2019,08-05-2019,Second Class,BE-11455,Brad Eason,Home Office,United States,Springfield,Missouri,Central,OFF-AP-10001205,Office Supplies,Appliances,Belkin 5 Outlet SurgeMaster Power Centers,54.48,1,15.2544,COD
9676,CA-2019-137393,06-05-2019,10-05-2019,Standard Class,GM-14500,Gene McClure,Consumer,United States,Bakersfield,California,West,FUR-FU-10001617,Furniture,Furnishings,"Executive Impressions 8-1/2"" Career Panel/Partition Cubicle Clock",41.6,4,14.144,COD
2180,CA-2019-128818,07-05-2019,11-05-2019,Standard Class,CJ-12010,Caroline Jumper,Consumer,United States,New York City,New York,East,OFF-BI-10000309,Office Supplies,Binders,"GBC Twin Loop Wire Binding Elements, 9/16"" Spine, Black",85.232,7,30.8966,Cards
2181,CA-2019-128818,07-05-2019,11-05-2019,Standard Class,CJ-12010,Caroline Jumper,Consumer,United States,New York City,New York,East,OFF-LA-10003923,Office Supplies,Labels,Alphabetical Labels for Top Tab Filing,44.4,3,22.2,Cards
2184,CA-2019-128818,07-05-2019,11-05-2019,Standard Class,CJ-12010,Caroline Jumper,Consumer,United States,New York City,New York,East,TEC-AC-10001767,Technology,Accessories,SanDisk Ultra 64 GB MicroSDHC Class 10 Memory Card,199.95,5,21.9945,Online
2185,CA-2019-128818,07-05-2019,11-05-2019,Standard Class,CJ-12010,Caroline Jumper,Consumer,United States,New York City,New York,East,FUR-FU-10001940,Furniture,Furnishings,Staple-based wall hangings,63.68,8,28.0192,COD
1602,CA-2019-164672,08-05-2019,13-05-2019,Second Class,GB-14530,George Bell,Corporate,United States,Dover,Delaware,East,FUR-FU-10001488,Furniture,Furnishings,"Tenex 46"" x 60"" Computer Anti-Static Chairmat, Rectangular Shaped",211.96,2,42.392,Online
1632,CA-2019-106530,08-05-2019,08-05-2019,Same Day,CL-12565,Clay Ludtke,Consumer,United States,Cleveland,Ohio,East,OFF-PA-10002986,Office Supplies,Paper,Xerox 1898,10.688,2,3.7408,COD
1633,CA-2019-106530,08-05-2019,08-05-2019,Same Day,CL-12565,Clay Ludtke,Consumer,United States,Cleveland,Ohio,East,OFF-PA-10004451,Office Supplies,Paper,Xerox 222,10.368,2,3.6288,COD
1634,CA-2019-106530,08-05-2019,08-05-2019,Same Day,CL-12565,Clay Ludtke,Consumer,United States,Cleveland,Ohio,East,OFF-ST-10000649,Office Supplies,Storage,Hanging Personal Folder File,25.12,2,1.57,Cards
1635,CA-2019-106530,08-05-2019,08-05-2019,Same Day,CL-12565,Clay Ludtke,Consumer,United States,Cleveland,Ohio,East,TEC-AC-10001465,Technology,Accessories,SanDisk Cruzer 64 GB USB Flash Drive,58.112,2,7.264,Online
4815,CA-2019-111696,08-05-2019,10-05-2019,First Class,TB-21625,Trudy Brown,Consumer,United States,Los Angeles,California,West,OFF-PA-10002751,Office Supplies,Paper,Xerox 1920,17.94,3,8.073,COD
494,CA-2019-169166,09-05-2019,14-05-2019,Standard Class,SS-20590,Sonia Sunley,Consumer,United States,Seattle,Washington,West,TEC-AC-10000991,Technology,Accessories,Sony Micro Vault Click 8 GB USB 2.0 Flash Drive,93.98,2,13.1572,Cards
1557,CA-2019-109176,09-05-2019,15-05-2019,Standard Class,JW-16075,Julia West,Consumer,United States,Philadelphia,Pennsylvania,East,OFF-EN-10003134,Office Supplies,Envelopes,Staple envelope,9.344,1,3.504,Cards
1558,CA-2019-109176,09-05-2019,15-05-2019,Standard Class,JW-16075,Julia West,Consumer,United States,Philadelphia,Pennsylvania,East,OFF-AR-10001955,Office Supplies,Art,Newell 319,79.36,5,9.92,COD
5583,CA-2019-161158,09-05-2019,13-05-2019,Standard Class,PS-18970,Paul Stevenson,Home Office,United States,New York City,New York,East,OFF-AR-10000462,Office Supplies,Art,Sanford Pocket Accent Highlighters,8.0,5,3.44,COD
6847,US-2019-159093,09-05-2019,14-05-2019,Standard Class,RS-19420,Ricardo Sperren,Corporate,United States,Los Angeles,California,West,OFF-PA-10001260,Office Supplies,Paper,"TOPS Money Receipt Book, Consecutively Numbered in Red,",32.04,4,14.418,Online
7833,CA-2019-112382,09-05-2019,13-05-2019,Standard Class,MB-18085,Mick Brown,Consumer,United States,Houston,Texas,Central,TEC-PH-10001552,Technology,Phones,I Need's 3d Hello Kitty Hybrid Silicone Case Cover for HTC One X 4g with 3d Hello Kitty Stylus Pen Green/pink,19.136,2,1.9136,COD
8412,CA-2019-159765,09-05-2019,12-05-2019,Second Class,TH-21100,Thea Hendricks,Consumer,United States,Salem,Virginia,South,OFF-AR-10003514,Office Supplies,Art,4009 Highlighters by Sanford,27.86,7,9.1938,Online
8916,US-2019-144057,09-05-2019,13-05-2019,Standard Class,CV-12805,Cynthia Voltz,Corporate,United States,Austin,Texas,Central,OFF-BI-10002852,Office Supplies,Binders,Ibico Standard Transparent Covers,13.184,4,-20.4352,Cards
8918,US-2019-144057,09-05-2019,13-05-2019,Standard Class,CV-12805,Cynthia Voltz,Corporate,United States,Austin,Texas,Central,OFF-PA-10004327,Office Supplies,Paper,Xerox 1911,76.64,2,26.824,Cards
8919,US-2019-144057,09-05-2019,13-05-2019,Standard Class,CV-12805,Cynthia Voltz,Corporate,United States,Austin,Texas,Central,OFF-BI-10002353,Office Supplies,Binders,GBC VeloBind Cover Sets,18.528,6,-27.792,COD
6573,CA-2019-161543,10-05-2019,16-05-2019,Standard Class,RD-19720,Roger Demir,Consumer,United States,Seattle,Washington,West,OFF-PA-10003971,Office Supplies,Paper,Xerox 1965,11.96,2,5.8604,Cards
9379,CA-2019-117625,10-05-2019,15-05-2019,Standard Class,GM-14500,Gene McClure,Consumer,United States,Chicago,Illinois,Central,OFF-EN-10001535,Office Supplies,Envelopes,Grip Seal Envelopes,7.072,2,2.3868,COD
161,CA-2019-162733,11-05-2019,12-05-2019,First Class,TT-21070,Ted Trevino,Consumer,United States,Los Angeles,California,West,OFF-PA-10002751,Office Supplies,Paper,Xerox 1920,5.98,1,2.691,Online
1590,CA-2019-109911,12-05-2019,16-05-2019,Standard Class,VG-21805,Vivek Grady,Corporate,United States,Virginia Beach,Virginia,South,OFF-AR-10001662,Office Supplies,Art,Rogers Handheld Barrel Pencil Sharpener,10.96,4,2.9592,Online
3772,US-2019-101196,12-05-2019,17-05-2019,Standard Class,FM-14215,Filia McAdams,Corporate,United States,Philadelphia,Pennsylvania,East,OFF-ST-10004804,Office Supplies,Storage,"Belkin 19"" Vented Equipment Shelf, Black",82.368,2,-19.5624,COD
7077,CA-2019-167416,12-05-2019,17-05-2019,Standard Class,JM-15580,Jill Matthias,Consumer,United States,Seattle,Washington,West,OFF-EN-10001141,Office Supplies,Envelopes,"Manila Recycled Extra-Heavyweight Clasp Envelopes, 6"" x 9""",54.9,5,26.901,COD
9272,CA-2019-100510,12-05-2019,17-05-2019,Standard Class,HM-14860,Harry Marie,Corporate,United States,New York City,New York,East,FUR-FU-10000320,Furniture,Furnishings,OIC Stacking Trays,10.02,3,4.4088,Cards
9496,US-2019-123610,12-05-2019,16-05-2019,Standard Class,VM-21835,Vivian Mathis,Consumer,United States,Mission Viejo,California,West,TEC-AC-10004518,Technology,Accessories,Memorex Mini Travel Drive 32 GB USB 2.0 Flash Drive,120.0,6,46.8,Cards
9497,US-2019-123610,12-05-2019,16-05-2019,Standard Class,VM-21835,Vivian Mathis,Consumer,United States,Mission Viejo,California,West,OFF-AP-10002222,Office Supplies,Appliances,Staple holder,8.67,1,2.3409,COD
2161,CA-2019-141019,14-05-2019,14-05-2019,Same Day,LH-17155,Logan Haushalter,Consumer,United States,Cincinnati,Ohio,East,FUR-FU-10002937,Furniture,Furnishings,"GE 48"" Fluorescent Tube, Cool White Energy Saver, 34 Watts, 30/Box",79.384,1,29.769,Online
4798,US-2019-148901,14-05-2019,19-05-2019,Standard Class,MK-17905,Michael Kennedy,Corporate,United States,Jacksonville,Florida,South,OFF-PA-10004983,Office Supplies,Paper,Xerox 23,31.104,6,10.8864,COD
4799,US-2019-148901,14-05-2019,19-05-2019,Standard Class,MK-17905,Michael Kennedy,Corporate,United States,Jacksonville,Florida,South,FUR-FU-10002396,Furniture,Furnishings,"DAX Copper Panel Document Frame, 5 x 7 Size",30.192,3,8.3028,Online
4800,US-2019-148901,14-05-2019,19-05-2019,Standard Class,MK-17905,Michael Kennedy,Corporate,United States,Jacksonville,Florida,South,TEC-PH-10003988,Technology,Phones,"LF Elite 3D Dazzle Designer Hard Case Cover, Lf Stylus Pen and Wiper For Apple Iphone 5c Mini Lite",43.6,5,4.36,Cards
4801,US-2019-148901,14-05-2019,19-05-2019,Standard Class,MK-17905,Michael Kennedy,Corporate,United States,Jacksonville,Florida,South,OFF-AR-10002467,Office Supplies,Art,Dixon Ticonderoga Pencils,4.768,2,0.4172,COD
4802,US-2019-148901,14-05-2019,19-05-2019,Standard Class,MK-17905,Michael Kennedy,Corporate,United States,Jacksonville,Florida,South,OFF-BI-10004002,Office Supplies,Binders,Wilson Jones International Size A4 Ring Binders,10.38,2,-7.612,Cards
4803,US-2019-148901,14-05-2019,19-05-2019,Standard Class,MK-17905,Michael Kennedy,Corporate,United States,Jacksonville,Florida,South,OFF-BI-10002309,Office Supplies,Binders,Avery Heavy-Duty EZD  Binder With Locking Rings,13.392,8,-9.8208,COD
7280,CA-2019-108224,14-05-2019,14-05-2019,Same Day,TH-21235,Tiffany House,Corporate,United States,Yuma,Arizona,West,TEC-AC-10003832,Technology,Accessories,Imation 16GB Mini TravelDrive USB 2.0 Flash Drive,185.528,7,48.7011,Online
2097,US-2019-146570,15-05-2019,20-05-2019,Standard Class,SN-20710,Steve Nguyen,Home Office,United States,Jackson,Mississippi,South,OFF-AR-10004602,Office Supplies,Art,Boston KS Multi-Size Manual Pencil Sharpener,91.96,4,25.7488,Online
2098,US-2019-146570,15-05-2019,20-05-2019,Standard Class,SN-20710,Steve Nguyen,Home Office,United States,Jackson,Mississippi,South,OFF-AR-10003856,Office Supplies,Art,Newell 344,8.34,3,2.1684,Online
4830,CA-2019-152408,15-05-2019,21-05-2019,Standard Class,TT-21220,Thomas Thornton,Consumer,United States,New York City,New York,East,OFF-BI-10002393,Office Supplies,Binders,Binder Posts,13.776,3,4.4772,Cards
4965,CA-2019-141180,15-05-2019,19-05-2019,Second Class,DP-13000,Darren Powers,Consumer,United States,Fort Lauderdale,Florida,South,OFF-BI-10000301,Office Supplies,Binders,GBC Instant Report Kit,7.764,4,-5.176,Online
7734,CA-2019-165673,15-05-2019,19-05-2019,Second Class,MN-17935,Michael Nguyen,Consumer,United States,Springfield,Ohio,East,OFF-PA-10000697,Office Supplies,Paper,"TOPS Voice Message Log Book, Flash Format",15.232,4,5.5216,Online
1336,CA-2019-122133,16-05-2019,23-05-2019,Standard Class,JR-15670,Jim Radford,Consumer,United States,Middletown,Connecticut,East,OFF-ST-10002574,Office Supplies,Storage,"SAFCO Commercial Wire Shelving, Black",552.56,4,0.0,Cards
3945,CA-2019-133144,16-05-2019,21-05-2019,Second Class,DO-13435,Denny Ordway,Consumer,United States,Los Angeles,California,West,OFF-PA-10004971,Office Supplies,Paper,Xerox 196,17.34,3,8.4966,Online
9610,CA-2019-130638,16-05-2019,19-05-2019,Second Class,SC-20095,Sanjit Chand,Consumer,United States,Los Angeles,California,West,FUR-FU-10002116,Furniture,Furnishings,"Tenex Carpeted, Granite-Look or Clear Contemporary Contour Shape Chair Mats",282.84,4,19.7988,Cards
9611,CA-2019-130638,16-05-2019,19-05-2019,Second Class,SC-20095,Sanjit Chand,Consumer,United States,Los Angeles,California,West,OFF-LA-10002195,Office Supplies,Labels,Avery 481,27.72,9,13.3056,Online
1907,US-2019-150567,17-05-2019,21-05-2019,Standard Class,RP-19855,Roy Phan,Corporate,United States,Apopka,Florida,South,OFF-BI-10001757,Office Supplies,Binders,Pressboard Hanging Data Binders for Unburst Sheets,2.952,2,-2.1648,Cards
1908,US-2019-150567,17-05-2019,21-05-2019,Standard Class,RP-19855,Roy Phan,Corporate,United States,Apopka,Florida,South,OFF-BI-10000069,Office Supplies,Binders,"GBC Prepunched Paper, 19-Hole, for Binding Systems, 24-lb",27.018,6,-21.6144,COD
4705,CA-2019-158435,17-05-2019,18-05-2019,First Class,AG-10900,Arthur Gainer,Consumer,United States,Waterbury,Connecticut,East,OFF-SU-10000381,Office Supplies,Supplies,Acme Forged Steel Scissors with Black Enamel Handles,65.17,7,18.8993,COD
4706,CA-2019-158435,17-05-2019,18-05-2019,First Class,AG-10900,Arthur Gainer,Consumer,United States,Waterbury,Connecticut,East,OFF-LA-10002475,Office Supplies,Labels,Avery 519,14.62,2,6.8714,Cards
4707,CA-2019-158435,17-05-2019,18-05-2019,First Class,AG-10900,Arthur Gainer,Consumer,United States,Waterbury,Connecticut,East,FUR-FU-10003975,Furniture,Furnishings,Eldon Advantage Chair Mats for Low to Medium Pile Carpets,173.24,4,17.324,COD
7787,US-2019-117037,17-05-2019,20-05-2019,First Class,LW-17215,Luke Weiss,Consumer,United States,Chicago,Illinois,Central,OFF-BI-10000279,Office Supplies,Binders,"Acco Recycled 2"" Capacity Laser Printer Hanging Data Binders",2.89,1,-4.7685,Online
7788,US-2019-117037,17-05-2019,20-05-2019,First Class,LW-17215,Luke Weiss,Consumer,United States,Chicago,Illinois,Central,OFF-FA-10000936,Office Supplies,Fasteners,Acco Hot Clips Clips to Go,7.896,3,2.4675,COD
7789,US-2019-117037,17-05-2019,20-05-2019,First Class,LW-17215,Luke Weiss,Consumer,United States,Chicago,Illinois,Central,FUR-FU-10004973,Furniture,Furnishings,Flat Face Poster Frame,22.608,3,-10.1736,COD
7790,US-2019-117037,17-05-2019,20-05-2019,First Class,LW-17215,Luke Weiss,Consumer,United States,Chicago,Illinois,Central,OFF-PA-10000791,Office Supplies,Paper,"Wirebound Message Books, Four 2 3/4 x 5 Forms per Page, 200 Sets per Book",30.528,8,9.54,Online
1677,CA-2019-122728,18-05-2019,24-05-2019,Standard Class,EB-13930,Eric Barreto,Consumer,United States,San Francisco,California,West,OFF-ST-10000604,Office Supplies,Storage,Home/Office Personal File Carts,104.28,3,26.07,Online
1678,CA-2019-122728,18-05-2019,24-05-2019,Standard Class,EB-13930,Eric Barreto,Consumer,United States,San Francisco,California,West,OFF-PA-10004040,Office Supplies,Paper,Universal Premium White Copier/Laser Paper (20Lb. and 87 Bright),17.94,3,8.7906,Online
1718,CA-2019-169943,19-05-2019,24-05-2019,Standard Class,BN-11515,Bradley Nguyen,Consumer,United States,New York City,New York,East,OFF-ST-10004123,Office Supplies,Storage,Safco Industrial Wire Shelving System,454.9,5,0.0,Cards
1719,CA-2019-169943,19-05-2019,24-05-2019,Standard Class,BN-11515,Bradley Nguyen,Consumer,United States,New York City,New York,East,FUR-FU-10002088,Furniture,Furnishings,Nu-Dell Float Frame 11 x 14 1/2,35.92,4,15.0864,Cards
1720,CA-2019-169943,19-05-2019,24-05-2019,Standard Class,BN-11515,Bradley Nguyen,Consumer,United States,New York City,New York,East,FUR-FU-10000010,Furniture,Furnishings,"DAX Value U-Channel Document Frames, Easel Back",39.76,8,12.3256,Cards
1721,CA-2019-169943,19-05-2019,24-05-2019,Standard Class,BN-11515,Bradley Nguyen,Consumer,United States,New York City,New York,East,OFF-BI-10002824,Office Supplies,Binders,Recycled Easel Ring Binders,47.744,4,14.92,Cards
2499,CA-2019-126935,19-05-2019,24-05-2019,Standard Class,BT-11395,Bill Tyler,Corporate,United States,San Francisco,California,West,OFF-BI-10004817,Office Supplies,Binders,GBC Personal VeloBind Strips,9.584,1,3.3544,COD
3531,US-2019-152835,19-05-2019,23-05-2019,Standard Class,RP-19855,Roy Phan,Corporate,United States,Lafayette,Indiana,Central,OFF-AR-10003056,Office Supplies,Art,Newell 341,21.4,5,6.206,Cards
7467,CA-2019-138282,19-05-2019,23-05-2019,Standard Class,AH-10690,Anna Häberlin,Corporate,United States,Los Angeles,California,West,OFF-AP-10001366,Office Supplies,Appliances,Staple holder,87.84,8,23.7168,Cards
640,CA-2019-115917,20-05-2019,25-05-2019,Standard Class,RB-19465,Rick Bensley,Home Office,United States,Vallejo,California,West,OFF-BI-10004728,Office Supplies,Binders,Wilson Jones Turn Tabs Binder Tool for Ring Binders,15.424,4,5.0128,COD
3688,CA-2019-108567,20-05-2019,24-05-2019,Standard Class,DB-13210,Dean Braden,Consumer,United States,Port Saint Lucie,Florida,South,OFF-BI-10004140,Office Supplies,Binders,Avery Non-Stick Binders,2.694,2,-2.245,Cards
524,US-2019-139486,21-05-2019,23-05-2019,First Class,LH-17155,Logan Haushalter,Consumer,United States,Los Angeles,California,West,TEC-PH-10003555,Technology,Phones,Motorola HK250 Universal Bluetooth Headset,55.176,3,-12.4146,Cards
525,US-2019-139486,21-05-2019,23-05-2019,First Class,LH-17155,Logan Haushalter,Consumer,United States,Los Angeles,California,West,TEC-AC-10003832,Technology,Accessories,Imation 16GB Mini TravelDrive USB 2.0 Flash Drive,66.26,2,27.1666,Cards
7068,CA-2019-114209,21-05-2019,26-05-2019,Standard Class,AS-10285,Alejandro Savely,Corporate,United States,Dallas,Texas,Central,OFF-BI-10000343,Office Supplies,Binders,"Pressboard Covers with Storage Hooks, 9 1/2"" x 11"", Light Blue",1.964,2,-3.2406,COD
7069,CA-2019-114209,21-05-2019,26-05-2019,Standard Class,AS-10285,Alejandro Savely,Corporate,United States,Dallas,Texas,Central,OFF-PA-10003591,Office Supplies,Paper,Southworth 100% Cotton The Best Paper,82.656,9,30.996,Cards
9796,CA-2019-125920,21-05-2019,28-05-2019,Standard Class,SH-19975,Sally Hughsby,Corporate,United States,Chicago,Illinois,Central,OFF-BI-10003429,Office Supplies,Binders,"Cardinal HOLDit! Binder Insert Strips,Extra Strips",3.798,3,-5.8869,Online
2442,CA-2019-146934,22-05-2019,27-05-2019,Standard Class,AF-10870,Art Ferguson,Consumer,United States,Passaic,New Jersey,East,FUR-TA-10003748,Furniture,Tables,Bevis 36 x 72 Conference Tables,174.286,2,-19.9184,COD
2444,CA-2019-146934,22-05-2019,27-05-2019,Standard Class,AF-10870,Art Ferguson,Consumer,United States,Passaic,New Jersey,East,TEC-AC-10002399,Technology,Accessories,SanDisk Cruzer 32 GB USB Flash Drive,95.1,5,30.432,COD
2445,CA-2019-146934,22-05-2019,27-05-2019,Standard Class,AF-10870,Art Ferguson,Consumer,United States,Passaic,New Jersey,East,OFF-EN-10002973,Office Supplies,Envelopes,Ampad #10 Peel & Seel Holiday Envelopes,26.88,6,12.9024,Online
4724,CA-2019-159653,22-05-2019,22-05-2019,Same Day,JF-15490,Jeremy Farry,Consumer,United States,Athens,Georgia,South,OFF-LA-10004345,Office Supplies,Labels,Avery 493,14.73,3,7.2177,Online
8456,CA-2019-154081,22-05-2019,29-05-2019,Standard Class,JE-15610,Jim Epp,Corporate,United States,Los Angeles,California,West,TEC-PH-10001918,Technology,Phones,Nortel Business Series Terminal T7208 Digital phone,222.384,2,22.2384,Online
1330,CA-2019-142762,23-05-2019,27-05-2019,Standard Class,LD-17005,Lisa DeCherney,Consumer,United States,San Francisco,California,West,FUR-FU-10003691,Furniture,Furnishings,"Eldon Image Series Desk Accessories, Ebony",37.05,3,16.302,COD
1578,CA-2019-154403,23-05-2019,27-05-2019,Standard Class,AP-10720,Anne Pryor,Home Office,United States,Florence,Alabama,South,OFF-PA-10001526,Office Supplies,Paper,Xerox 1949,4.98,1,2.4402,Cards
6427,CA-2019-143714,23-05-2019,27-05-2019,Standard Class,CC-12370,Christopher Conant,Consumer,United States,Philadelphia,Pennsylvania,East,OFF-BI-10004308,Office Supplies,Binders,Avery Legal 4-Ring Binder,6.294,1,-4.196,Cards
6428,CA-2019-143714,23-05-2019,27-05-2019,Standard Class,CC-12370,Christopher Conant,Consumer,United States,Philadelphia,Pennsylvania,East,OFF-PA-10000029,Office Supplies,Paper,Xerox 224,10.368,2,3.6288,Online
6429,CA-2019-143714,23-05-2019,27-05-2019,Standard Class,CC-12370,Christopher Conant,Consumer,United States,Philadelphia,Pennsylvania,East,TEC-PH-10004080,Technology,Phones,Avaya 5410 Digital phone,122.382,3,-24.4764,COD
5002,CA-2019-136126,24-05-2019,24-05-2019,Same Day,EH-14125,Eugene Hildebrand,Home Office,United States,Newport News,Virginia,South,OFF-SU-10000898,Office Supplies,Supplies,"Acme Hot Forged Carbon Steel Scissors with Nickel-Plated Handles, 3 7/8"" Cut, 8""L",69.5,5,20.155,Cards
8482,CA-2019-138583,24-05-2019,28-05-2019,Standard Class,DP-13390,Dennis Pardue,Home Office,United States,Philadelphia,Pennsylvania,East,OFF-AR-10001860,Office Supplies,Art,BIC Liqua Brite Liner,16.656,3,3.3312,Online
2986,CA-2019-139269,25-05-2019,30-05-2019,Standard Class,JB-16045,Julia Barnett,Home Office,United States,Columbus,Georgia,South,FUR-FU-10000755,Furniture,Furnishings,Eldon Expressions Mahogany Wood Desk Collection,24.96,4,6.24,Online
2987,CA-2019-139269,25-05-2019,30-05-2019,Standard Class,JB-16045,Julia Barnett,Home Office,United States,Columbus,Georgia,South,OFF-PA-10002893,Office Supplies,Paper,"Wirebound Service Call Books, 5 1/2"" x 4""",19.36,2,9.2928,COD
1274,CA-2019-119186,26-05-2019,26-05-2019,Same Day,MS-17710,Maurice Satty,Consumer,United States,Fort Worth,Texas,Central,OFF-PA-10004621,Office Supplies,Paper,Xerox 212,10.368,2,3.6288,Online
1276,CA-2019-119186,26-05-2019,26-05-2019,Same Day,MS-17710,Maurice Satty,Consumer,United States,Fort Worth,Texas,Central,OFF-PA-10004040,Office Supplies,Paper,Universal Premium White Copier/Laser Paper (20Lb. and 87 Bright),14.352,3,5.2026,COD
1277,CA-2019-119186,26-05-2019,26-05-2019,Same Day,MS-17710,Maurice Satty,Consumer,United States,Fort Worth,Texas,Central,TEC-AC-10000580,Technology,Accessories,Logitech G13 Programmable Gameboard with LCD Display,63.992,1,-7.1991,Cards
1639,CA-2019-157266,26-05-2019,01-06-2019,Standard Class,TB-21280,Toby Braunhardt,Consumer,United States,Washington,District of Columbia,East,OFF-PA-10002689,Office Supplies,Paper,Weyerhaeuser First Choice Laser/Copy Paper (20Lb. and 88 Bright),19.44,3,9.3312,Cards
1640,CA-2019-157266,26-05-2019,01-06-2019,Standard Class,TB-21280,Toby Braunhardt,Consumer,United States,Washington,District of Columbia,East,OFF-BI-10004728,Office Supplies,Binders,Wilson Jones Turn Tabs Binder Tool for Ring Binders,9.64,2,4.4344,COD
1641,CA-2019-157266,26-05-2019,01-06-2019,Standard Class,TB-21280,Toby Braunhardt,Consumer,United States,Washington,District of Columbia,East,OFF-PA-10004675,Office Supplies,Paper,"Telephone Message Books with Fax/Mobile Section, 5 1/2"" x 3 3/16""",12.7,2,5.842,COD
1642,CA-2019-157266,26-05-2019,01-06-2019,Standard Class,TB-21280,Toby Braunhardt,Consumer,United States,Washington,District of Columbia,East,FUR-FU-10000629,Furniture,Furnishings,9-3/4 Diameter Round Wall Clock,41.37,3,17.3754,Online
3214,CA-2019-132409,26-05-2019,01-06-2019,Standard Class,TH-21235,Tiffany House,Corporate,United States,Philadelphia,Pennsylvania,East,OFF-AR-10001919,Office Supplies,Art,"OIC #2 Pencils, Medium Soft",1.504,1,0.1692,Cards
3215,CA-2019-132409,26-05-2019,01-06-2019,Standard Class,TH-21235,Tiffany House,Corporate,United States,Philadelphia,Pennsylvania,East,OFF-AP-10002082,Office Supplies,Appliances,Holmes HEPA Air Purifier,34.848,2,6.534,COD
6605,CA-2019-148852,26-05-2019,31-05-2019,Standard Class,SV-20785,Stewart Visinsky,Consumer,United States,Santa Ana,California,West,OFF-FA-10003467,Office Supplies,Fasteners,"Alliance Big Bands Rubber Bands, 12/Pack",5.94,3,0.0,Cards
6606,CA-2019-148852,26-05-2019,31-05-2019,Standard Class,SV-20785,Stewart Visinsky,Consumer,United States,Santa Ana,California,West,OFF-PA-10001293,Office Supplies,Paper,Xerox 1946,45.36,7,21.7728,Cards
6607,CA-2019-148852,26-05-2019,31-05-2019,Standard Class,SV-20785,Stewart Visinsky,Consumer,United States,Santa Ana,California,West,TEC-PH-10003885,Technology,Phones,Cisco SPA508G,211.168,4,23.7564,Online
9276,CA-2019-113236,26-05-2019,29-05-2019,Second Class,CP-12085,Cathy Prescott,Corporate,United States,Delray Beach,Florida,South,OFF-ST-10000532,Office Supplies,Storage,Advantus Rolling Drawer Organizers,184.704,6,13.8528,COD
9277,CA-2019-113236,26-05-2019,29-05-2019,Second Class,CP-12085,Cathy Prescott,Corporate,United States,Delray Beach,Florida,South,TEC-AC-10001267,Technology,Accessories,Imation 32GB Pocket Pro USB 3.0 Flash Drive - 32 GB - Black - 1 P ...,47.92,2,11.98,Cards
9501,CA-2019-149237,26-05-2019,30-05-2019,Standard Class,CM-12235,Chris McAfee,Consumer,United States,Milwaukee,Wisconsin,Central,FUR-FU-10002088,Furniture,Furnishings,Nu-Dell Float Frame 11 x 14 1/2,26.94,3,11.3148,COD
7606,CA-2019-101791,27-05-2019,31-05-2019,Standard Class,BS-11665,Brian Stugart,Consumer,United States,Chicago,Illinois,Central,FUR-FU-10002191,Furniture,Furnishings,G.E. Halogen Desk Lamp Bulbs,5.584,2,-1.6752,Online
7869,CA-2019-136994,27-05-2019,02-06-2019,Standard Class,LS-17245,Lynn Smith,Consumer,United States,Los Angeles,California,West,OFF-PA-10000575,Office Supplies,Paper,"Wirebound Message Books, Four 2 3/4 x 5 White Forms per Page",13.38,2,6.1548,Online
853,CA-2019-113747,28-05-2019,04-06-2019,Standard Class,VD-21670,Valerie Dominguez,Consumer,United States,Jackson,Mississippi,South,OFF-AR-10003373,Office Supplies,Art,"Boston School Pro Electric Pencil Sharpener, 1670",185.88,6,50.1876,COD
3169,CA-2019-138695,28-05-2019,03-06-2019,Standard Class,KC-16675,Kimberly Carter,Corporate,United States,Tallahassee,Florida,South,FUR-CH-10003833,Furniture,Chairs,Novimex Fabric Task Chair,390.272,8,-24.392,Cards
3423,CA-2019-134803,28-05-2019,03-06-2019,Standard Class,CL-12565,Clay Ludtke,Consumer,United States,Los Angeles,California,West,TEC-AC-10002217,Technology,Accessories,Imation Clip USB flash drive - 8 GB,131.6,7,7.896,COD
3424,CA-2019-134803,28-05-2019,03-06-2019,Standard Class,CL-12565,Clay Ludtke,Consumer,United States,Los Angeles,California,West,OFF-BI-10002215,Office Supplies,Binders,"Wilson Jones Hanging View Binder, White, 1""",22.72,4,7.384,COD
3532,CA-2019-155565,28-05-2019,28-05-2019,Same Day,EH-13765,Edward Hooks,Corporate,United States,New York City,New York,East,OFF-SU-10001218,Office Supplies,Supplies,Fiskars Softgrip Scissors,54.9,5,15.372,Online
7315,CA-2019-121377,28-05-2019,02-06-2019,Standard Class,TN-21040,Tanja Norvell,Home Office,United States,Park Ridge,Illinois,Central,TEC-PH-10001817,Technology,Phones,Wilson Electronics DB Pro Signal Booster,286.4,1,25.06,Cards
535,CA-2019-168753,29-05-2019,01-06-2019,Second Class,RL-19615,Rob Lucas,Consumer,United States,Montgomery,Alabama,South,OFF-BI-10002557,Office Supplies,Binders,Presstex Flexible Ring Binders,22.75,5,11.375,Online
3958,CA-2019-156573,29-05-2019,02-06-2019,Standard Class,RB-19360,Raymond Buch,Consumer,United States,Nashville,Tennessee,South,OFF-BI-10002414,Office Supplies,Binders,GBC ProClick Spines for 32-Hole Punch,11.277,3,-8.6457,Cards
3959,CA-2019-156573,29-05-2019,02-06-2019,Standard Class,RB-19360,Raymond Buch,Consumer,United States,Nashville,Tennessee,South,OFF-AR-10003732,Office Supplies,Art,Newell 333,4.448,2,0.3336,COD
3960,CA-2019-156573,29-05-2019,02-06-2019,Standard Class,RB-19360,Raymond Buch,Consumer,United States,Nashville,Tennessee,South,FUR-FU-10001085,Furniture,Furnishings,3M Polarizing Light Filter Sleeves,44.76,3,14.547,Online
501,US-2019-105578,30-05-2019,04-06-2019,Standard Class,MY-17380,Maribeth Yedwab,Corporate,United States,Parker,Colorado,West,OFF-BI-10001670,Office Supplies,Binders,Vinyl Sectional Post Binders,22.62,2,-15.08,Online
502,US-2019-105578,30-05-2019,04-06-2019,Standard Class,MY-17380,Maribeth Yedwab,Corporate,United States,Parker,Colorado,West,OFF-BI-10001658,Office Supplies,Binders,GBC Standard Therm-A-Bind Covers,14.952,2,-11.9616,Online
504,US-2019-105578,30-05-2019,04-06-2019,Standard Class,MY-17380,Maribeth Yedwab,Corporate,United States,Parker,Colorado,West,OFF-BI-10000831,Office Supplies,Binders,Storex Flexible Poly Binders with Double Pockets,2.376,3,-1.9008,COD
505,US-2019-105578,30-05-2019,04-06-2019,Standard Class,MY-17380,Maribeth Yedwab,Corporate,United States,Parker,Colorado,West,OFF-PA-10000357,Office Supplies,Paper,"White Dual Perf Computer Printout Paper, 2700 Sheets, 1 Part, Heavyweight, 20 lbs., 14 7/8 x 11",32.792,1,11.8871,COD
979,CA-2019-145499,30-05-2019,31-05-2019,First Class,RW-19690,Robert Waldorf,Consumer,United States,Wilmington,North Carolina,South,OFF-BI-10000848,Office Supplies,Binders,Angle-D Ring Binders,3.282,2,-2.6256,Cards
5303,CA-2019-113831,30-05-2019,03-06-2019,Standard Class,AH-10690,Anna Häberlin,Corporate,United States,Springfield,Virginia,South,OFF-LA-10001297,Office Supplies,Labels,Avery 473,62.1,6,29.808,Cards
5471,CA-2019-158547,30-05-2019,04-06-2019,Standard Class,JM-16195,Justin MacKendrick,Consumer,United States,Hamilton,Ohio,East,OFF-AP-10003842,Office Supplies,Appliances,Euro-Pro Shark Turbo Vacuum,123.92,5,9.294,Online
7067,CA-2019-147473,30-05-2019,03-06-2019,Standard Class,NL-18310,Nancy Lomonaco,Home Office,United States,Los Angeles,California,West,OFF-PA-10004782,Office Supplies,Paper,Xerox 228,38.88,6,18.6624,COD
7255,CA-2019-152730,30-05-2019,04-06-2019,Standard Class,EM-14140,Eugene Moren,Home Office,United States,Superior,Wisconsin,Central,FUR-FU-10001037,Furniture,Furnishings,"DAX Charcoal/Nickel-Tone Document Frame, 5 x 7",47.4,5,21.33,COD
7256,CA-2019-152730,30-05-2019,04-06-2019,Standard Class,EM-14140,Eugene Moren,Home Office,United States,Superior,Wisconsin,Central,OFF-ST-10000876,Office Supplies,Storage,Eldon Simplefile Box Office,49.76,4,13.9328,Online
7257,CA-2019-152730,30-05-2019,04-06-2019,Standard Class,EM-14140,Eugene Moren,Home Office,United States,Superior,Wisconsin,Central,OFF-AR-10003732,Office Supplies,Art,Newell 333,5.56,2,1.4456,COD
7259,CA-2019-152730,30-05-2019,04-06-2019,Standard Class,EM-14140,Eugene Moren,Home Office,United States,Superior,Wisconsin,Central,OFF-AR-10000940,Office Supplies,Art,Newell 343,14.7,5,3.969,COD
7260,CA-2019-152730,30-05-2019,04-06-2019,Standard Class,EM-14140,Eugene Moren,Home Office,United States,Superior,Wisconsin,Central,OFF-PA-10004888,Office Supplies,Paper,Xerox 217,45.36,7,21.7728,Online
7261,CA-2019-152730,30-05-2019,04-06-2019,Standard Class,EM-14140,Eugene Moren,Home Office,United States,Superior,Wisconsin,Central,TEC-PH-10000441,Technology,Phones,VTech DS6151,125.99,1,35.2772,COD
7409,CA-2019-129728,30-05-2019,06-06-2019,Standard Class,JG-15310,Jason Gross,Corporate,United States,Los Angeles,California,West,FUR-FU-10003247,Furniture,Furnishings,36X48 HARDFLOOR CHAIRMAT,167.84,8,11.7488,COD
8296,CA-2019-166380,30-05-2019,03-06-2019,Standard Class,EB-13750,Edward Becker,Corporate,United States,Arlington,Virginia,South,OFF-EN-10002600,Office Supplies,Envelopes,"Redi-Strip #10 Envelopes, 4 1/8 x 9 1/2",26.55,9,12.744,COD
8297,CA-2019-166380,30-05-2019,03-06-2019,Standard Class,EB-13750,Edward Becker,Corporate,United States,Arlington,Virginia,South,TEC-AC-10000109,Technology,Accessories,Sony Micro Vault Click 16 GB USB 2.0 Flash Drive,111.98,2,26.8752,Online
9718,CA-2019-108210,30-05-2019,31-05-2019,Same Day,AT-10735,Annie Thurman,Consumer,United States,Houston,Texas,Central,TEC-PH-10002293,Technology,Phones,Anker 36W 4-Port USB Wall Charger Travel Power Adapter for iPhone 5s 5c 5,79.96,5,7.996,COD
9719,CA-2019-108210,30-05-2019,31-05-2019,Same Day,AT-10735,Annie Thurman,Consumer,United States,Houston,Texas,Central,TEC-AC-10000109,Technology,Accessories,Sony Micro Vault Click 16 GB USB 2.0 Flash Drive,223.96,5,11.198,COD
8901,CA-2019-150483,31-05-2019,04-06-2019,Standard Class,BP-11290,Beth Paige,Consumer,United States,Decatur,Illinois,Central,FUR-FU-10001379,Furniture,Furnishings,"Executive Impressions 16-1/2"" Circular Wall Clock",32.064,3,-12.8256,Online
8902,CA-2019-150483,31-05-2019,04-06-2019,Standard Class,BP-11290,Beth Paige,Consumer,United States,Decatur,Illinois,Central,OFF-PA-10001846,Office Supplies,Paper,Xerox 1899,18.496,4,6.7048,COD
8904,CA-2019-150483,31-05-2019,04-06-2019,Standard Class,BP-11290,Beth Paige,Consumer,United States,Decatur,Illinois,Central,OFF-PA-10004621,Office Supplies,Paper,Xerox 212,10.368,2,3.6288,Online
9631,CA-2019-168844,31-05-2019,06-06-2019,Standard Class,NM-18520,Neoma Murray,Consumer,United States,New York City,New York,East,OFF-BI-10002609,Office Supplies,Binders,Avery Hidden Tab Dividers for Binding Systems,7.152,3,2.3244,COD
2851,US-2019-128293,02-06-2019,05-06-2019,First Class,KC-16255,Karen Carlisle,Corporate,United States,Philadelphia,Pennsylvania,East,OFF-ST-10000736,Office Supplies,Storage,Carina Double Wide Media Storage Towers in Natural & Black,64.784,1,-12.9568,Online
7211,US-2019-119046,02-06-2019,06-06-2019,Standard Class,EH-13765,Edward Hooks,Corporate,United States,Seattle,Washington,West,OFF-PA-10000246,Office Supplies,Paper,Riverleaf Stik-Withit Designer Note Cubes,30.18,3,13.8828,COD
7213,US-2019-119046,02-06-2019,06-06-2019,Standard Class,EH-13765,Edward Hooks,Corporate,United States,Seattle,Washington,West,OFF-BI-10000138,Office Supplies,Binders,Acco Translucent Poly Ring Binders,11.232,3,3.9312,COD
9938,CA-2019-164889,03-06-2019,06-06-2019,Second Class,CP-12340,Christine Phan,Corporate,United States,Los Angeles,California,West,FUR-TA-10001676,Furniture,Tables,Hon 61000 Series Interactive Training Tables,71.088,2,-1.7772,COD
70,CA-2019-119823,04-06-2019,06-06-2019,First Class,KD-16270,Karen Daniels,Consumer,United States,Springfield,Virginia,South,OFF-PA-10000482,Office Supplies,Paper,"Snap-A-Way Black Print Carbonless Ruled Speed Letter, Triplicate",75.88,2,35.6636,COD
238,CA-2019-157749,04-06-2019,09-06-2019,Second Class,KL-16645,Ken Lonsdale,Consumer,United States,Chicago,Illinois,Central,OFF-PA-10003349,Office Supplies,Paper,Xerox 1957,25.92,5,9.396,Online
240,CA-2019-157749,04-06-2019,09-06-2019,Second Class,KL-16645,Ken Lonsdale,Consumer,United States,Chicago,Illinois,Central,FUR-FU-10004351,Furniture,Furnishings,Staple-based wall hangings,11.688,3,-4.6752,Online
241,CA-2019-157749,04-06-2019,09-06-2019,Second Class,KL-16645,Ken Lonsdale,Consumer,United States,Chicago,Illinois,Central,TEC-PH-10000011,Technology,Phones,PureGear Roll-On Screen Protector,31.984,2,11.1944,Online
243,CA-2019-157749,04-06-2019,09-06-2019,Second Class,KL-16645,Ken Lonsdale,Consumer,United States,Chicago,Illinois,Central,FUR-FU-10002505,Furniture,Furnishings,Eldon 100 Class Desk Accessories,4.044,3,-2.8308,COD
244,CA-2019-157749,04-06-2019,09-06-2019,Second Class,KL-16645,Ken Lonsdale,Consumer,United States,Chicago,Illinois,Central,OFF-AR-10004685,Office Supplies,Art,"Binney & Smith Crayola Metallic Colored Pencils, 8-Color Set",7.408,2,1.2038,COD
2602,CA-2019-165848,04-06-2019,04-06-2019,Same Day,EN-13780,Edward Nazzal,Consumer,United States,New York City,New York,East,OFF-PA-10000349,Office Supplies,Paper,Easy-staple paper,14.94,3,7.0218,COD
2604,CA-2019-165848,04-06-2019,04-06-2019,Same Day,EN-13780,Edward Nazzal,Consumer,United States,New York City,New York,East,FUR-BO-10000362,Furniture,Bookcases,Sauder Inglewood Library Bookcases,136.784,1,5.1294,COD
2605,CA-2019-165848,04-06-2019,04-06-2019,Same Day,EN-13780,Edward Nazzal,Consumer,United States,New York City,New York,East,FUR-FU-10003878,Furniture,Furnishings,"Linden 10"" Round Wall Clock, Black",61.12,4,20.7808,COD
1134,US-2019-134908,05-06-2019,09-06-2019,Standard Class,JS-15940,Joni Sundaresam,Home Office,United States,Philadelphia,Pennsylvania,East,OFF-ST-10003479,Office Supplies,Storage,"Eldon Base for stackable storage shelf, platinum",124.608,4,-23.364,COD
1135,US-2019-134908,05-06-2019,09-06-2019,Standard Class,JS-15940,Joni Sundaresam,Home Office,United States,Philadelphia,Pennsylvania,East,OFF-LA-10000973,Office Supplies,Labels,Avery 502,7.56,3,2.646,COD
3728,CA-2019-165169,05-06-2019,11-06-2019,Standard Class,JL-15235,Janet Lee,Consumer,United States,Newark,Delaware,East,OFF-AR-10000122,Office Supplies,Art,Newell 314,11.16,2,2.79,Online
3729,CA-2019-165169,05-06-2019,11-06-2019,Standard Class,JL-15235,Janet Lee,Consumer,United States,Newark,Delaware,East,OFF-LA-10000407,Office Supplies,Labels,Avery White Multi-Purpose Labels,14.94,3,6.8724,COD
5523,CA-2019-110982,05-06-2019,07-06-2019,First Class,CK-12205,Chloris Kastensmidt,Consumer,United States,Santa Clara,California,West,OFF-BI-10000829,Office Supplies,Binders,Avery Non-Stick Binders,21.552,6,7.0044,COD
5524,CA-2019-110982,05-06-2019,07-06-2019,First Class,CK-12205,Chloris Kastensmidt,Consumer,United States,Santa Clara,California,West,OFF-AP-10004859,Office Supplies,Appliances,Acco 6 Outlet Guardian Premium Surge Suppressor,58.24,4,15.7248,Online
9375,CA-2019-149671,05-06-2019,09-06-2019,Standard Class,KB-16600,Ken Brennan,Corporate,United States,Seattle,Washington,West,OFF-SU-10002537,Office Supplies,Supplies,Acme Box Cutter Scissors,61.38,6,15.9588,COD
265,CA-2019-125318,06-06-2019,13-06-2019,Standard Class,RC-19825,Roy Collins,Consumer,United States,Chicago,Illinois,Central,TEC-PH-10001433,Technology,Phones,Cisco Small Business SPA 502G VoIP phone,328.224,4,28.7196,COD
5085,CA-2019-108350,06-06-2019,09-06-2019,Second Class,SC-20230,Scot Coram,Corporate,United States,Lowell,Massachusetts,East,OFF-PA-10003656,Office Supplies,Paper,Xerox 1935,105.52,4,48.5392,COD
5533,US-2019-167472,06-06-2019,07-06-2019,First Class,CK-12595,Clytie Kelty,Consumer,United States,Little Rock,Arkansas,South,TEC-AC-10003038,Technology,Accessories,Kingston Digital DataTraveler 16GB USB 2.0,26.85,3,5.1015,COD
5535,US-2019-167472,06-06-2019,07-06-2019,First Class,CK-12595,Clytie Kelty,Consumer,United States,Little Rock,Arkansas,South,OFF-PA-10000157,Office Supplies,Paper,Xerox 191,59.94,3,28.1718,Online
5536,US-2019-167472,06-06-2019,07-06-2019,First Class,CK-12595,Clytie Kelty,Consumer,United States,Little Rock,Arkansas,South,OFF-BI-10001721,Office Supplies,Binders,Trimflex Flexible Post Binders,64.14,3,30.7872,COD
5537,US-2019-167472,06-06-2019,07-06-2019,First Class,CK-12595,Clytie Kelty,Consumer,United States,Little Rock,Arkansas,South,OFF-BI-10000591,Office Supplies,Binders,Avery Binder Labels,11.67,3,5.6016,COD
5538,US-2019-167472,06-06-2019,07-06-2019,First Class,CK-12595,Clytie Kelty,Consumer,United States,Little Rock,Arkansas,South,OFF-PA-10001534,Office Supplies,Paper,Xerox 230,12.96,2,6.2208,Online
9120,US-2019-155971,06-06-2019,12-06-2019,Standard Class,RB-19795,Ross Baird,Home Office,United States,Los Angeles,California,West,OFF-LA-10000452,Office Supplies,Labels,Avery 488,22.05,7,10.584,COD
9121,US-2019-155971,06-06-2019,12-06-2019,Standard Class,RB-19795,Ross Baird,Home Office,United States,Los Angeles,California,West,OFF-PA-10000210,Office Supplies,Paper,Xerox Blank Computer Paper,99.9,5,46.953,COD
9662,CA-2019-160717,06-06-2019,11-06-2019,Standard Class,ME-17320,Maria Etezadi,Home Office,United States,Santa Barbara,California,West,TEC-AC-10002134,Technology,Accessories,Rosewill 107 Normal Keys USB Wired Standard Keyboard,26.96,2,3.7744,Online
9898,CA-2019-112830,06-06-2019,10-06-2019,Standard Class,LP-17095,Liz Preis,Consumer,United States,Fairfield,Ohio,East,FUR-FU-10004306,Furniture,Furnishings,Electrix Halogen Magnifier Lamp,466.32,3,34.974,COD
9899,CA-2019-112830,06-06-2019,10-06-2019,Standard Class,LP-17095,Liz Preis,Consumer,United States,Fairfield,Ohio,East,FUR-FU-10004845,Furniture,Furnishings,"Deflect-o EconoMat Nonstudded, No Bevel Mat",82.64,2,0.0,Online
3149,CA-2019-120558,07-06-2019,10-06-2019,First Class,RD-19810,Ross DeVincentis,Home Office,United States,New York City,New York,East,OFF-PA-10003441,Office Supplies,Paper,Xerox 226,32.4,5,15.552,COD
3577,CA-2019-103163,07-06-2019,11-06-2019,Standard Class,FM-14290,Frank Merwin,Home Office,United States,Bakersfield,California,West,OFF-BI-10003305,Office Supplies,Binders,Avery Hanging File Binders,4.784,1,1.5548,Online
3578,CA-2019-103163,07-06-2019,11-06-2019,Standard Class,FM-14290,Frank Merwin,Home Office,United States,Bakersfield,California,West,OFF-PA-10004000,Office Supplies,Paper,"While You Were Out Pads, 50 per Pad, 4 x 5 1/4, Green Cycle",4.73,1,2.3177,COD
9583,CA-2019-107475,07-06-2019,11-06-2019,Standard Class,RS-19870,Roy Skaria,Home Office,United States,Philadelphia,Pennsylvania,East,OFF-FA-10002988,Office Supplies,Fasteners,Ideal Clamps,9.648,6,3.4974,COD
1927,US-2019-139710,09-06-2019,15-06-2019,Standard Class,GM-14680,Greg Matthias,Consumer,United States,Los Angeles,California,West,TEC-PH-10001198,Technology,Phones,Avaya 4621SW VoIP phone,177.48,3,19.9665,COD
5468,CA-2019-122448,09-06-2019,14-06-2019,Standard Class,DB-13210,Dean Braden,Consumer,United States,San Francisco,California,West,FUR-CH-10002774,Furniture,Chairs,"Global Deluxe Stacking Chair, Gray",122.352,3,13.7646,COD
557,CA-2019-113243,10-06-2019,15-06-2019,Standard Class,OT-18730,Olvera Toch,Consumer,United States,Los Angeles,California,West,OFF-LA-10001297,Office Supplies,Labels,Avery 473,20.7,2,9.936,COD
559,CA-2019-113243,10-06-2019,15-06-2019,Standard Class,OT-18730,Olvera Toch,Consumer,United States,Los Angeles,California,West,OFF-PA-10003441,Office Supplies,Paper,Xerox 226,32.4,5,15.552,COD
4583,CA-2019-121993,10-06-2019,12-06-2019,First Class,JB-16000,Joy Bell-,Consumer,United States,Philadelphia,Pennsylvania,East,OFF-LA-10003720,Office Supplies,Labels,Avery 487,23.616,8,7.9704,COD
2428,CA-2019-169922,11-06-2019,17-06-2019,Standard Class,MZ-17515,Mary Zewe,Corporate,United States,Arlington,Texas,Central,OFF-BI-10003784,Office Supplies,Binders,Computer Printout Index Tabs,1.344,4,-2.1504,COD
2429,CA-2019-169922,11-06-2019,17-06-2019,Standard Class,MZ-17515,Mary Zewe,Corporate,United States,Arlington,Texas,Central,OFF-BI-10001617,Office Supplies,Binders,GBC Wire Binding Combs,8.272,4,-13.6488,Online
2430,CA-2019-169922,11-06-2019,17-06-2019,Standard Class,MZ-17515,Mary Zewe,Corporate,United States,Arlington,Texas,Central,FUR-FU-10004415,Furniture,Furnishings,"Stacking Tray, Side-Loading, Legal, Smoke",12.544,7,-9.0944,Online
5668,CA-2019-142405,11-06-2019,15-06-2019,Standard Class,SE-20110,Sanjit Engle,Consumer,United States,Seattle,Washington,West,OFF-LA-10004093,Office Supplies,Labels,Avery 486,14.62,2,6.8714,COD
3,CA-2019-138688,12-06-2019,16-06-2019,Second Class,DV-13045,Darrin Van Huff,Corporate,United States,Los Angeles,California,West,OFF-LA-10000240,Office Supplies,Labels,Self-Adhesive Address Labels for Typewriters by Universal,14.62,2,6.8714,Online
81,CA-2019-127208,12-06-2019,15-06-2019,First Class,SC-20770,Stewart Carmichael,Corporate,United States,Decatur,Alabama,South,OFF-BI-10002309,Office Supplies,Binders,Avery Heavy-Duty EZD  Binder With Locking Rings,16.74,3,8.0352,Online
120,CA-2019-103730,12-06-2019,15-06-2019,First Class,SC-20725,Steven Cartwright,Consumer,United States,Wilmington,Delaware,East,FUR-FU-10002157,Furniture,Furnishings,Artistic Insta-Plaque,47.04,3,18.3456,Online
121,CA-2019-103730,12-06-2019,15-06-2019,First Class,SC-20725,Steven Cartwright,Consumer,United States,Wilmington,Delaware,East,OFF-BI-10003910,Office Supplies,Binders,DXL Angle-View Binders with Locking Rings by Samsill,30.84,4,13.878,Online
124,CA-2019-103730,12-06-2019,15-06-2019,First Class,SC-20725,Steven Cartwright,Consumer,United States,Wilmington,Delaware,East,TEC-PH-10003875,Technology,Phones,KLD Oscar II Style Snap-on Ultra Thin Side Flip Synthetic Leather Cover Case for HTC One HTC M7,68.04,7,19.7316,Online
2903,CA-2019-164035,12-06-2019,17-06-2019,Standard Class,CR-12730,Craig Reiter,Consumer,United States,Chicago,Illinois,Central,OFF-PA-10002160,Office Supplies,Paper,Xerox 1978,23.12,5,8.381,COD
7148,CA-2019-139941,12-06-2019,17-06-2019,Standard Class,CB-12415,Christy Brittain,Consumer,United States,Long Beach,New York,East,OFF-PA-10000241,Office Supplies,Paper,"IBM Multi-Purpose Copy Paper, 8 1/2 x 11"", Case",92.94,3,41.823,COD
7149,CA-2019-139941,12-06-2019,17-06-2019,Standard Class,CB-12415,Christy Brittain,Consumer,United States,Long Beach,New York,East,OFF-AP-10004036,Office Supplies,Appliances,Bionaire 99.97% HEPA Air Cleaner,52.56,3,18.396,COD
8225,CA-2019-104633,12-06-2019,16-06-2019,Standard Class,EA-14035,Erin Ashbrook,Corporate,United States,Pasadena,California,West,OFF-PA-10004782,Office Supplies,Paper,Xerox 228,12.96,2,6.2208,COD
8718,CA-2019-120824,12-06-2019,16-06-2019,Second Class,AW-10930,Arthur Wiediger,Home Office,United States,Houston,Texas,Central,FUR-FU-10001424,Furniture,Furnishings,Dax Clear Box Frame,6.984,2,-4.5396,COD
8719,CA-2019-120824,12-06-2019,16-06-2019,Second Class,AW-10930,Arthur Wiediger,Home Office,United States,Houston,Texas,Central,OFF-AR-10003469,Office Supplies,Art,Nontoxic Chalk,11.264,8,3.9424,COD
8720,CA-2019-120824,12-06-2019,16-06-2019,Second Class,AW-10930,Arthur Wiediger,Home Office,United States,Houston,Texas,Central,OFF-PA-10000232,Office Supplies,Paper,Xerox 1975,15.552,3,5.6376,COD
8722,CA-2019-120824,12-06-2019,16-06-2019,Second Class,AW-10930,Arthur Wiediger,Home Office,United States,Houston,Texas,Central,OFF-ST-10002562,Office Supplies,Storage,Staple magnet,67.536,9,6.7536,COD
8723,CA-2019-120824,12-06-2019,16-06-2019,Second Class,AW-10930,Arthur Wiediger,Home Office,United States,Houston,Texas,Central,OFF-BI-10001525,Office Supplies,Binders,"Acco Pressboard Covers with Storage Hooks, 14 7/8"" x 11"", Executive Red",1.524,2,-2.667,COD
4142,CA-2019-136287,13-06-2019,17-06-2019,Standard Class,SS-20590,Sonia Sunley,Consumer,United States,Wichita,Kansas,Central,OFF-LA-10003148,Office Supplies,Labels,Avery 51,18.9,3,8.694,COD
6594,CA-2019-126795,13-06-2019,16-06-2019,Second Class,GT-14710,Greg Tran,Consumer,United States,New York City,New York,East,OFF-BI-10001989,Office Supplies,Binders,Premium Transparent Presentation Covers by GBC,33.568,2,11.7488,COD
1099,CA-2019-107216,14-06-2019,17-06-2019,First Class,PV-18985,Paul Van Hugh,Home Office,United States,San Francisco,California,West,OFF-AR-10001545,Office Supplies,Art,Newell 326,7.04,4,2.0416,COD
1100,CA-2019-107216,14-06-2019,17-06-2019,First Class,PV-18985,Paul Van Hugh,Home Office,United States,San Francisco,California,West,FUR-FU-10000206,Furniture,Furnishings,"GE General Purpose, Extra Long Life, Showcase & Floodlight Incandescent Bulbs",8.73,3,4.1031,Online
1101,CA-2019-107216,14-06-2019,17-06-2019,First Class,PV-18985,Paul Van Hugh,Home Office,United States,San Francisco,California,West,TEC-AC-10001013,Technology,Accessories,Logitech ClearChat Comfort/USB Headset H390,29.29,1,9.6657,COD
1102,CA-2019-107216,14-06-2019,17-06-2019,First Class,PV-18985,Paul Van Hugh,Home Office,United States,San Francisco,California,West,OFF-AR-10002255,Office Supplies,Art,Newell 346,8.64,3,2.5056,COD
7992,CA-2019-133872,14-06-2019,17-06-2019,First Class,VM-21835,Vivian Mathis,Consumer,United States,Boca Raton,Florida,South,OFF-BI-10002082,Office Supplies,Binders,GBC Twin Loop Wire Binding Elements,39.936,4,-26.624,Cards
7993,CA-2019-133872,14-06-2019,17-06-2019,First Class,VM-21835,Vivian Mathis,Consumer,United States,Boca Raton,Florida,South,TEC-AC-10000521,Technology,Accessories,"Verbatim Slim CD and DVD Storage Cases, 50/Pack",18.464,2,2.308,Online
4179,CA-2019-148593,16-06-2019,18-06-2019,Second Class,BD-11320,Bill Donatelli,Consumer,United States,Los Angeles,California,West,OFF-PA-10001776,Office Supplies,Paper,"Wirebound Message Books, Four 2 3/4"" x 5"" Forms per Page, 600 Sets per Book",46.35,5,21.7845,Cards
9456,CA-2019-140977,16-06-2019,19-06-2019,Second Class,JL-15175,James Lanier,Home Office,United States,Chattanooga,Tennessee,South,TEC-MA-10003493,Technology,Machines,Penpower WorldCard Pro Card Scanner,91.475,1,-1.8295,COD
9744,CA-2019-137127,16-06-2019,22-06-2019,Standard Class,JJ-15445,Jennifer Jackson,Consumer,United States,Newark,Delaware,East,OFF-LA-10001641,Office Supplies,Labels,Avery 518,9.45,3,4.536,Online
57,CA-2019-111682,17-06-2019,18-06-2019,First Class,TB-21055,Ted Butterfield,Consumer,United States,Troy,New York,East,OFF-PA-10001569,Office Supplies,Paper,Xerox 232,32.4,5,15.552,Online
58,CA-2019-111682,17-06-2019,18-06-2019,First Class,TB-21055,Ted Butterfield,Consumer,United States,Troy,New York,East,FUR-CH-10003968,Furniture,Chairs,Novimex Turbo Task Chair,319.41,5,7.098,Online
59,CA-2019-111682,17-06-2019,18-06-2019,First Class,TB-21055,Ted Butterfield,Consumer,United States,Troy,New York,East,OFF-PA-10000587,Office Supplies,Paper,"Array Parchment Paper, Assorted Colors",14.56,2,6.9888,Cards
60,CA-2019-111682,17-06-2019,18-06-2019,First Class,TB-21055,Ted Butterfield,Consumer,United States,Troy,New York,East,TEC-AC-10002167,Technology,Accessories,Imation 8gb Micro Traveldrive Usb 2.0 Flash Drive,30.0,2,3.3,Online
61,CA-2019-111682,17-06-2019,18-06-2019,First Class,TB-21055,Ted Butterfield,Consumer,United States,Troy,New York,East,OFF-BI-10001460,Office Supplies,Binders,Plastic Binding Combs,48.48,4,16.362,COD
62,CA-2019-111682,17-06-2019,18-06-2019,First Class,TB-21055,Ted Butterfield,Consumer,United States,Troy,New York,East,OFF-AR-10001868,Office Supplies,Art,Prang Dustless Chalk Sticks,1.68,1,0.84,Online
3537,CA-2019-145842,17-06-2019,20-06-2019,Second Class,FM-14380,Fred McMath,Consumer,United States,New York City,New York,East,OFF-ST-10000419,Office Supplies,Storage,"Rogers Jumbo File, Granite",40.74,3,0.4074,COD
6616,CA-2019-123512,17-06-2019,19-06-2019,First Class,MV-18190,Mike Vittorini,Consumer,United States,Los Angeles,California,West,FUR-BO-10004218,Furniture,Bookcases,"Bush Heritage Pine Collection 5-Shelf Bookcase, Albany Pine Finish, *Special Order",239.666,2,14.098,COD
6617,CA-2019-123512,17-06-2019,19-06-2019,First Class,MV-18190,Mike Vittorini,Consumer,United States,Los Angeles,California,West,OFF-LA-10000081,Office Supplies,Labels,Avery 496,22.5,6,10.8,COD
7532,CA-2019-107146,17-06-2019,19-06-2019,First Class,LC-16885,Lena Creighton,Consumer,United States,Longmont,Colorado,West,FUR-FU-10002298,Furniture,Furnishings,"Rubbermaid ClusterMat Chairmats, Mat Size- 66"" x 60"", Lip 20"" x 11"" -90 Degree Angle",266.352,3,-13.3176,Cards
7744,CA-2019-133613,17-06-2019,22-06-2019,Standard Class,CP-12340,Christine Phan,Corporate,United States,Waterbury,Connecticut,East,OFF-BI-10002003,Office Supplies,Binders,Ibico Presentation Index for Binding Systems,7.96,2,3.7412,COD
7746,CA-2019-133613,17-06-2019,22-06-2019,Standard Class,CP-12340,Christine Phan,Corporate,United States,Waterbury,Connecticut,East,OFF-AR-10003829,Office Supplies,Art,Newell 35,9.84,3,2.8536,Cards
6849,US-2019-163461,18-06-2019,21-06-2019,First Class,BT-11440,Bobby Trafton,Consumer,United States,Frankfort,Illinois,Central,OFF-PA-10003134,Office Supplies,Paper,Xerox 1937,76.864,2,26.9024,COD
9548,CA-2019-131744,18-06-2019,20-06-2019,Second Class,SC-20770,Stewart Carmichael,Corporate,United States,Philadelphia,Pennsylvania,East,OFF-PA-10004610,Office Supplies,Paper,Xerox 1900,6.848,2,2.14,Cards
9549,CA-2019-131744,18-06-2019,20-06-2019,Second Class,SC-20770,Stewart Carmichael,Corporate,United States,Philadelphia,Pennsylvania,East,OFF-BI-10003910,Office Supplies,Binders,DXL Angle-View Binders with Locking Rings by Samsill,4.626,2,-3.855,Online
941,CA-2019-105760,19-06-2019,20-06-2019,First Class,KC-16255,Karen Carlisle,Corporate,United States,San Francisco,California,West,OFF-PA-10000350,Office Supplies,Paper,"Message Book, Standard Line ""While You Were Out"", 5 1/2"" X 4"", 200 Sets/Book",17.12,2,8.0464,COD
48,CA-2019-169194,20-06-2019,25-06-2019,Standard Class,LH-16900,Lena Hernandez,Consumer,United States,Dover,Delaware,East,TEC-AC-10002167,Technology,Accessories,Imation 8gb Micro Traveldrive Usb 2.0 Flash Drive,45.0,3,4.95,Online
49,CA-2019-169194,20-06-2019,25-06-2019,Standard Class,LH-16900,Lena Hernandez,Consumer,United States,Dover,Delaware,East,TEC-PH-10003988,Technology,Phones,"LF Elite 3D Dazzle Designer Hard Case Cover, Lf Stylus Pen and Wiper For Apple Iphone 5c Mini Lite",21.8,2,6.104,Online
851,CA-2019-152534,20-06-2019,25-06-2019,Second Class,DP-13105,Dave Poirier,Corporate,United States,Salinas,California,West,OFF-AR-10002335,Office Supplies,Art,DIXON Oriole Pencils,5.16,2,1.3416,Online
852,CA-2019-152534,20-06-2019,25-06-2019,Second Class,DP-13105,Dave Poirier,Corporate,United States,Salinas,California,West,OFF-PA-10001870,Office Supplies,Paper,Xerox 202,38.88,6,18.6624,Cards
934,CA-2019-140081,20-06-2019,24-06-2019,Standard Class,CG-12040,Catherine Glotzbach,Home Office,United States,Philadelphia,Pennsylvania,East,OFF-PA-10001745,Office Supplies,Paper,"Wirebound Message Books, 2 7/8"" x 5"", 3 Forms per Page",45.056,8,15.2064,Cards
935,CA-2019-140081,20-06-2019,24-06-2019,Standard Class,CG-12040,Catherine Glotzbach,Home Office,United States,Philadelphia,Pennsylvania,East,OFF-BI-10004826,Office Supplies,Binders,JM Magazine Binder,29.718,6,-21.7932,COD
936,CA-2019-140081,20-06-2019,24-06-2019,Standard Class,CG-12040,Catherine Glotzbach,Home Office,United States,Philadelphia,Pennsylvania,East,OFF-PA-10001870,Office Supplies,Paper,Xerox 202,15.552,3,5.4432,COD
937,CA-2019-140081,20-06-2019,24-06-2019,Standard Class,CG-12040,Catherine Glotzbach,Home Office,United States,Philadelphia,Pennsylvania,East,OFF-AP-10001058,Office Supplies,Appliances,Sanyo 2.5 Cubic Foot Mid-Size Office Refrigerators,447.696,2,33.5772,Cards
1307,CA-2019-141397,20-06-2019,21-06-2019,First Class,RC-19825,Roy Collins,Consumer,United States,Pasadena,California,West,OFF-PA-10002986,Office Supplies,Paper,Xerox 1898,46.76,7,22.4448,Cards
1308,CA-2019-141397,20-06-2019,21-06-2019,First Class,RC-19825,Roy Collins,Consumer,United States,Pasadena,California,West,OFF-BI-10000320,Office Supplies,Binders,GBC Plastic Binding Combs,17.712,3,6.4206,COD
1309,CA-2019-141397,20-06-2019,21-06-2019,First Class,RC-19825,Roy Collins,Consumer,United States,Pasadena,California,West,OFF-AP-10003971,Office Supplies,Appliances,Belkin 6 Outlet Metallic Surge Strip,21.78,2,5.6628,COD
1310,CA-2019-141397,20-06-2019,21-06-2019,First Class,RC-19825,Roy Collins,Consumer,United States,Pasadena,California,West,OFF-ST-10001469,Office Supplies,Storage,Fellowes Bankers Box Recycled Super Stor/Drawer,161.94,3,9.7164,Online
1311,CA-2019-141397,20-06-2019,21-06-2019,First Class,RC-19825,Roy Collins,Consumer,United States,Pasadena,California,West,FUR-CH-10003846,Furniture,Chairs,Hon Valutask Swivel Chairs,161.568,2,-8.0784,Online
1945,CA-2019-108581,20-06-2019,26-06-2019,Standard Class,EA-14035,Erin Ashbrook,Corporate,United States,Carrollton,Texas,Central,TEC-AC-10001109,Technology,Accessories,Logitech Trackman Marble Mouse,95.968,4,26.3912,Online
1946,CA-2019-108581,20-06-2019,26-06-2019,Standard Class,EA-14035,Erin Ashbrook,Corporate,United States,Carrollton,Texas,Central,OFF-PA-10000809,Office Supplies,Paper,Xerox 206,10.368,2,3.6288,COD
7287,CA-2019-149965,20-06-2019,25-06-2019,Standard Class,BS-11365,Bill Shonely,Corporate,United States,Oklahoma City,Oklahoma,Central,TEC-AC-10004877,Technology,Accessories,Imation 30456 USB Flash Drive 8GB,6.9,1,0.552,Cards
7288,CA-2019-149965,20-06-2019,25-06-2019,Standard Class,BS-11365,Bill Shonely,Corporate,United States,Oklahoma City,Oklahoma,Central,FUR-FU-10004270,Furniture,Furnishings,"Executive Impressions 13"" Clairmont Wall Clock",57.69,3,23.6529,Online
5226,CA-2019-119865,21-06-2019,26-06-2019,Standard Class,AS-10090,Adam Shillingsburg,Consumer,United States,New York City,New York,East,OFF-BI-10001553,Office Supplies,Binders,SpineVue Locking Slant-D Ring Binders by Cardinal,36.56,5,12.796,COD
8659,CA-2019-168361,21-06-2019,25-06-2019,Standard Class,KB-16600,Ken Brennan,Corporate,United States,Chicago,Illinois,Central,OFF-BI-10003727,Office Supplies,Binders,Avery Durable Slant Ring Binders With Label Holder,0.836,1,-1.3376,Online
2086,CA-2019-140501,23-06-2019,28-06-2019,Standard Class,IM-15070,Irene Maddox,Consumer,United States,New York City,New York,East,OFF-LA-10000248,Office Supplies,Labels,Avery 52,18.45,5,8.6715,COD
2087,CA-2019-140501,23-06-2019,28-06-2019,Standard Class,IM-15070,Irene Maddox,Consumer,United States,New York City,New York,East,OFF-ST-10000060,Office Supplies,Storage,Fellowes Bankers Box Staxonsteel Drawer File/Stacking System,324.9,5,38.988,COD
2089,CA-2019-140501,23-06-2019,28-06-2019,Standard Class,IM-15070,Irene Maddox,Consumer,United States,New York City,New York,East,OFF-FA-10004076,Office Supplies,Fasteners,Translucent Push Pins by OIC,3.96,2,1.4652,Cards
6928,CA-2019-140382,23-06-2019,25-06-2019,Second Class,RD-19900,Ruben Dartt,Consumer,United States,San Francisco,California,West,OFF-ST-10003638,Office Supplies,Storage,Mobile Personal File Cube,93.68,4,25.2936,Online
6929,CA-2019-140382,23-06-2019,25-06-2019,Second Class,RD-19900,Ruben Dartt,Consumer,United States,San Francisco,California,West,OFF-LA-10001934,Office Supplies,Labels,Avery 516,21.93,3,10.3071,Online
6931,CA-2019-140382,23-06-2019,25-06-2019,Second Class,RD-19900,Ruben Dartt,Consumer,United States,San Francisco,California,West,OFF-PA-10001019,Office Supplies,Paper,Xerox 1884,19.98,1,9.3906,Online
7019,US-2019-154256,23-06-2019,27-06-2019,Second Class,SM-20005,Sally Matthias,Consumer,United States,New York City,New York,East,OFF-LA-10003720,Office Supplies,Labels,Avery 487,25.83,7,12.1401,Cards
3529,CA-2019-130680,24-06-2019,29-06-2019,Standard Class,BD-11320,Bill Donatelli,Consumer,United States,San Diego,California,West,TEC-PH-10004833,Technology,Phones,Macally Suction Cup Mount,38.24,4,-9.56,COD
4704,CA-2019-166240,24-06-2019,28-06-2019,Standard Class,DH-13075,Dave Hallsten,Corporate,United States,Houston,Texas,Central,OFF-AP-10002082,Office Supplies,Appliances,Holmes HEPA Air Purifier,8.712,2,-19.602,COD
9167,CA-2019-100300,24-06-2019,26-06-2019,Second Class,MJ-17740,Max Jones,Consumer,United States,San Diego,California,West,OFF-PA-10000418,Office Supplies,Paper,Xerox 189,104.85,1,50.328,Cards
2146,US-2019-152051,25-06-2019,29-06-2019,Standard Class,TS-21160,Theresa Swint,Corporate,United States,York,Pennsylvania,East,FUR-CH-10002965,Furniture,Chairs,"Global Leather Highback Executive Chair with Pneumatic Height Adjustment, Black",422.058,3,-18.0882,COD
2147,US-2019-152051,25-06-2019,29-06-2019,Standard Class,TS-21160,Theresa Swint,Corporate,United States,York,Pennsylvania,East,OFF-BI-10004781,Office Supplies,Binders,GBC Wire Binding Strips,38.088,4,-27.9312,Online
2191,CA-2019-118913,25-06-2019,29-06-2019,Standard Class,AS-10240,Alan Shonely,Consumer,United States,Los Angeles,California,West,OFF-AP-10000692,Office Supplies,Appliances,Fellowes Mighty 8 Compact Surge Protector,60.81,3,17.0268,Online
7426,CA-2019-101693,25-06-2019,27-06-2019,Second Class,LC-17140,Logan Currie,Consumer,United States,Houston,Texas,Central,FUR-CH-10001146,Furniture,Chairs,"Global Value Mid-Back Manager's Chair, Gray",85.246,2,-6.089,Online
7427,CA-2019-101693,25-06-2019,27-06-2019,Second Class,LC-17140,Logan Currie,Consumer,United States,Houston,Texas,Central,FUR-FU-10003919,Furniture,Furnishings,Eldon Executive Woodline II Cherry Finish Desk Accessories,32.712,2,-26.1696,Online
480,CA-2019-100790,26-06-2019,02-07-2019,Standard Class,JG-15805,John Grady,Corporate,United States,New York City,New York,East,OFF-AR-10003045,Office Supplies,Art,Prang Colored Pencils,14.7,5,6.615,COD
1286,CA-2019-119445,26-06-2019,03-07-2019,Standard Class,GM-14500,Gene McClure,Consumer,United States,Providence,Rhode Island,East,OFF-ST-10000617,Office Supplies,Storage,Woodgrain Magazine Files by Perma,14.9,5,1.043,Online
1694,US-2019-158708,26-06-2019,29-06-2019,Second Class,AB-10255,Alejandro Ballentine,Home Office,United States,Plano,Texas,Central,TEC-AC-10003133,Technology,Accessories,Memorex Mini Travel Drive 4 GB USB 2.0 Flash Drive,13.616,2,3.5742,Cards
3957,CA-2019-114951,26-06-2019,03-07-2019,Standard Class,DN-13690,Duane Noonan,Consumer,United States,San Francisco,California,West,FUR-FU-10002364,Furniture,Furnishings,"Eldon Expressions Wood Desk Accessories, Oak",22.14,3,6.4206,Online
6506,CA-2019-152331,26-06-2019,30-06-2019,Standard Class,LD-16855,Lela Donovan,Corporate,United States,Chicago,Illinois,Central,OFF-AR-10001547,Office Supplies,Art,Newell 311,5.304,3,0.4641,Cards
8261,CA-2019-118101,26-06-2019,26-06-2019,Same Day,SN-20560,Skye Norling,Home Office,United States,Roseville,Michigan,Central,OFF-BI-10000773,Office Supplies,Binders,Insertable Tab Post Binder Dividers,8.02,1,3.7694,Online
8262,CA-2019-118101,26-06-2019,26-06-2019,Same Day,SN-20560,Skye Norling,Home Office,United States,Roseville,Michigan,Central,OFF-ST-10001837,Office Supplies,Storage,"SAFCO Mobile Desk Side File, Wire Frame",171.04,4,44.4704,COD
8687,CA-2019-144015,26-06-2019,26-06-2019,Same Day,AH-10075,Adam Hart,Corporate,United States,Los Angeles,California,West,OFF-SU-10003505,Office Supplies,Supplies,Premier Electric Letter Opener,231.72,2,11.586,Cards
8688,CA-2019-144015,26-06-2019,26-06-2019,Same Day,AH-10075,Adam Hart,Corporate,United States,Los Angeles,California,West,OFF-FA-10000624,Office Supplies,Fasteners,OIC Binder Clips,17.9,5,8.95,Cards
8689,CA-2019-144015,26-06-2019,26-06-2019,Same Day,AH-10075,Adam Hart,Corporate,United States,Los Angeles,California,West,OFF-PA-10002870,Office Supplies,Paper,"Ampad Phone Message Book, Recycled, 400 Message Capacity, 5 ¾” x 11”",12.48,2,5.616,COD
9025,CA-2019-102127,26-06-2019,02-07-2019,Standard Class,VP-21760,Victoria Pisteka,Corporate,United States,New York City,New York,East,TEC-AC-10002020,Technology,Accessories,AmazonBasics 3-Button USB Wired Mouse,20.97,3,9.0171,COD
9026,CA-2019-102127,26-06-2019,02-07-2019,Standard Class,VP-21760,Victoria Pisteka,Corporate,United States,New York City,New York,East,TEC-AC-10000397,Technology,Accessories,"Perixx PERIBOARD-512B, Ergonomic Split Keyboard",139.96,4,9.7972,COD
9027,CA-2019-102127,26-06-2019,02-07-2019,Standard Class,VP-21760,Victoria Pisteka,Corporate,United States,New York City,New York,East,FUR-FU-10003976,Furniture,Furnishings,"DAX Executive Solid Wood Document Frame, Desktop or Hang, Mahogany, 5 x 7",37.74,3,12.8316,Cards
9774,CA-2019-160234,26-06-2019,03-07-2019,Standard Class,PF-19225,Phillip Flathmann,Consumer,United States,Atlanta,Georgia,South,TEC-PH-10004434,Technology,Phones,Cisco IP Phone 7961G VoIP phone - Dark gray,135.95,1,39.4255,COD
2904,CA-2019-153577,27-06-2019,01-07-2019,Standard Class,KH-16330,Katharine Harms,Corporate,United States,Highland Park,Illinois,Central,OFF-PA-10000575,Office Supplies,Paper,"Wirebound Message Books, Four 2 3/4 x 5 White Forms per Page",37.464,7,12.1758,Cards
2905,CA-2019-153577,27-06-2019,01-07-2019,Standard Class,KH-16330,Katharine Harms,Corporate,United States,Highland Park,Illinois,Central,FUR-CH-10003981,Furniture,Chairs,Global Commerce Series Low-Back Swivel/Tilt Chairs,539.658,3,-7.7094,Online
6149,CA-2019-161928,27-06-2019,29-06-2019,Second Class,AC-10660,Anna Chung,Consumer,United States,San Francisco,California,West,TEC-PH-10003484,Technology,Phones,Ooma Telo VoIP Home Phone System,201.584,2,12.599,Cards
3922,CA-2019-110044,28-06-2019,02-07-2019,Second Class,RF-19735,Roland Fjeld,Consumer,United States,Chicago,Illinois,Central,TEC-PH-10001299,Technology,Phones,Polycom CX300 Desktop Phone USB VoIP phone,359.976,3,35.9976,Cards
4307,CA-2019-161095,28-06-2019,28-06-2019,Same Day,CS-12250,Chris Selesnick,Corporate,United States,Los Angeles,California,West,OFF-BI-10002764,Office Supplies,Binders,Recycled Pressboard Report Cover with Reinforced Top Hinge,7.752,3,2.8101,COD
4308,CA-2019-161095,28-06-2019,28-06-2019,Same Day,CS-12250,Chris Selesnick,Corporate,United States,Los Angeles,California,West,OFF-BI-10001524,Office Supplies,Binders,GBC Premium Transparent Covers with Diagonal Lined Pattern,33.568,2,11.7488,Online
6751,CA-2019-154767,28-06-2019,30-06-2019,Second Class,BP-11155,Becky Pak,Consumer,United States,Paterson,New Jersey,East,FUR-CH-10003535,Furniture,Chairs,"Global Armless Task Chair, Royal Blue",121.96,2,20.7332,Cards
6752,CA-2019-154767,28-06-2019,30-06-2019,Second Class,BP-11155,Becky Pak,Consumer,United States,Paterson,New Jersey,East,OFF-AP-10000595,Office Supplies,Appliances,Disposable Triple-Filter Dust Bags,8.74,2,2.2724,Cards
6753,CA-2019-154767,28-06-2019,30-06-2019,Second Class,BP-11155,Becky Pak,Consumer,United States,Paterson,New Jersey,East,OFF-PA-10003039,Office Supplies,Paper,Xerox 1960,61.96,2,27.882,Cards
6754,CA-2019-154767,28-06-2019,30-06-2019,Second Class,BP-11155,Becky Pak,Consumer,United States,Paterson,New Jersey,East,OFF-BI-10002003,Office Supplies,Binders,Ibico Presentation Index for Binding Systems,7.96,2,3.7412,Cards
1901,CA-2019-140543,29-06-2019,03-07-2019,Second Class,Co-12640,Corey-Lock,Consumer,United States,Florence,South Carolina,South,OFF-ST-10000563,Office Supplies,Storage,Fellowes Bankers Box Stor/Drawer Steel Plus,191.88,6,19.188,Cards
8231,CA-2019-162355,30-06-2019,02-07-2019,Second Class,PF-19165,Philip Fox,Consumer,United States,Sandy Springs,Georgia,South,OFF-AR-10004344,Office Supplies,Art,Bulldog Vacuum Base Pencil Sharpener,35.97,3,9.7119,Online
8882,CA-2019-135594,30-06-2019,03-07-2019,Second Class,AH-10120,Adrian Hane,Home Office,United States,Aurora,Illinois,Central,TEC-AC-10003038,Technology,Accessories,Kingston Digital DataTraveler 16GB USB 2.0,50.12,7,-0.6265,COD
4173,CA-2019-152163,01-07-2019,01-07-2019,Same Day,JF-15355,Jay Fein,Consumer,United States,Columbia,South Carolina,South,OFF-BI-10002215,Office Supplies,Binders,"Wilson Jones Hanging View Binder, White, 1""",14.2,2,6.532,Cards
4174,CA-2019-152163,01-07-2019,01-07-2019,Same Day,JF-15355,Jay Fein,Consumer,United States,Columbia,South Carolina,South,OFF-PA-10000788,Office Supplies,Paper,Xerox 210,12.96,2,6.2208,COD
4175,CA-2019-152163,01-07-2019,01-07-2019,Same Day,JF-15355,Jay Fein,Consumer,United States,Columbia,South Carolina,South,OFF-BI-10003364,Office Supplies,Binders,Binding Machine Supplies,58.34,2,28.0032,COD
8905,US-2019-126431,01-07-2019,01-07-2019,Same Day,SU-20665,Stephanie Ulpright,Home Office,United States,New York City,New York,East,OFF-LA-10001474,Office Supplies,Labels,Avery 477,30.53,1,14.0438,COD
8906,US-2019-126431,01-07-2019,01-07-2019,Same Day,SU-20665,Stephanie Ulpright,Home Office,United States,New York City,New York,East,TEC-AC-10001635,Technology,Accessories,KeyTronic KT400U2 - Keyboard - Black,30.84,3,6.168,COD
8907,US-2019-126431,01-07-2019,01-07-2019,Same Day,SU-20665,Stephanie Ulpright,Home Office,United States,New York City,New York,East,OFF-PA-10001950,Office Supplies,Paper,Southworth 25% Cotton Antique Laid Paper & Envelopes,75.06,9,33.777,Cards
9753,US-2019-158680,01-07-2019,02-07-2019,First Class,NZ-18565,Nick Zandusky,Home Office,United States,Seattle,Washington,West,OFF-BI-10000145,Office Supplies,Binders,Zipper Ring Binder Pockets,2.496,1,0.9048,Online
1159,CA-2019-149314,02-07-2019,07-07-2019,Second Class,GB-14530,George Bell,Corporate,United States,Los Angeles,California,West,FUR-CH-10002126,Furniture,Chairs,Hon Deluxe Fabric Upholstered Stacking Chairs,195.184,1,19.5184,COD
8337,CA-2019-101469,02-07-2019,08-07-2019,Standard Class,KH-16360,Katherine Hughes,Consumer,United States,Arlington,Virginia,South,OFF-AR-10003986,Office Supplies,Art,Avery Hi-Liter Pen Style Six-Color Fluorescent Set,7.7,2,3.157,Online
8777,CA-2019-102813,02-07-2019,03-07-2019,First Class,EA-14035,Erin Ashbrook,Corporate,United States,Huntsville,Texas,Central,FUR-CH-10000665,Furniture,Chairs,"Global Airflow Leather Mesh Back Chair, Black",528.43,5,0.0,Online
8778,CA-2019-102813,02-07-2019,03-07-2019,First Class,EA-14035,Erin Ashbrook,Corporate,United States,Huntsville,Texas,Central,OFF-PA-10000520,Office Supplies,Paper,Xerox 201,41.472,8,14.5152,Online
3565,CA-2019-130029,03-07-2019,06-07-2019,First Class,GT-14755,Guy Thornton,Consumer,United States,Los Angeles,California,West,OFF-PA-10000552,Office Supplies,Paper,Xerox 200,12.96,2,6.2208,Cards
3566,CA-2019-130029,03-07-2019,06-07-2019,First Class,GT-14755,Guy Thornton,Consumer,United States,Los Angeles,California,West,OFF-FA-10001135,Office Supplies,Fasteners,"Brites Rubber Bands, 1 1/2 oz. Box",3.96,2,0.0792,Cards
9773,CA-2019-104983,03-07-2019,03-07-2019,Same Day,FM-14215,Filia McAdams,Corporate,United States,Philadelphia,Pennsylvania,East,OFF-PA-10000167,Office Supplies,Paper,Xerox 1925,123.92,5,38.725,Cards
4452,CA-2019-147137,04-07-2019,06-07-2019,First Class,AA-10645,Anna Andreadi,Consumer,United States,San Francisco,California,West,FUR-FU-10000221,Furniture,Furnishings,"Master Caster Door Stop, Brown",25.4,5,8.636,Cards
4453,CA-2019-147137,04-07-2019,06-07-2019,First Class,AA-10645,Anna Andreadi,Consumer,United States,San Francisco,California,West,OFF-EN-10003567,Office Supplies,Envelopes,"Inter-Office Recycled Envelopes, Brown Kraft, Button-String,10"" x 13"" , 100/Box",43.96,2,20.6612,COD
4455,CA-2019-147137,04-07-2019,06-07-2019,First Class,AA-10645,Anna Andreadi,Consumer,United States,San Francisco,California,West,OFF-ST-10002486,Office Supplies,Storage,Eldon Shelf Savers Cubes and Bins,27.92,4,0.5584,Cards
5936,CA-2019-103107,04-07-2019,04-07-2019,Same Day,RB-19465,Rick Bensley,Home Office,United States,Seattle,Washington,West,FUR-FU-10000221,Furniture,Furnishings,"Master Caster Door Stop, Brown",25.4,5,8.636,Cards
5937,CA-2019-103107,04-07-2019,04-07-2019,Same Day,RB-19465,Rick Bensley,Home Office,United States,Seattle,Washington,West,TEC-PH-10001198,Technology,Phones,Avaya 4621SW VoIP phone,177.48,3,19.9665,Online
5938,CA-2019-103107,04-07-2019,04-07-2019,Same Day,RB-19465,Rick Bensley,Home Office,United States,Seattle,Washington,West,TEC-PH-10002564,Technology,Phones,OtterBox Defender Series Case - Samsung Galaxy S4,71.976,3,8.997,Online
725,CA-2019-114713,07-07-2019,12-07-2019,Standard Class,SC-20695,Steve Chapman,Corporate,United States,Hialeah,Florida,South,OFF-SU-10004664,Office Supplies,Supplies,Acme Softgrip Scissors,45.584,7,5.1282,Online
2372,CA-2019-159940,07-07-2019,11-07-2019,Second Class,BF-11020,Barry Französisch,Corporate,United States,Aurora,Illinois,Central,FUR-FU-10004973,Furniture,Furnishings,Flat Face Poster Frame,60.288,8,-27.1296,COD
2373,CA-2019-159940,07-07-2019,11-07-2019,Second Class,BF-11020,Barry Französisch,Corporate,United States,Aurora,Illinois,Central,OFF-FA-10000936,Office Supplies,Fasteners,Acco Hot Clips Clips to Go,2.632,1,0.8225,COD
2374,CA-2019-159940,07-07-2019,11-07-2019,Second Class,BF-11020,Barry Französisch,Corporate,United States,Aurora,Illinois,Central,OFF-PA-10001609,Office Supplies,Paper,Tops Wirebound Message Log Books,23.688,9,7.6986,Online
2375,CA-2019-159940,07-07-2019,11-07-2019,Second Class,BF-11020,Barry Französisch,Corporate,United States,Aurora,Illinois,Central,FUR-CH-10000785,Furniture,Chairs,Global Ergonomic Managers Chair,253.372,2,-14.4784,Online
3983,CA-2019-135265,07-07-2019,09-07-2019,Second Class,CC-12370,Christopher Conant,Consumer,United States,Los Angeles,California,West,FUR-CH-10003061,Furniture,Chairs,"Global Leather Task Chair, Black",287.968,4,-3.5996,COD
3985,CA-2019-135265,07-07-2019,09-07-2019,Second Class,CC-12370,Christopher Conant,Consumer,United States,Los Angeles,California,West,OFF-PA-10002923,Office Supplies,Paper,Xerox 1942,48.94,1,24.47,COD
6524,CA-2019-129308,07-07-2019,13-07-2019,Standard Class,CC-12100,Chad Cunningham,Home Office,United States,Philadelphia,Pennsylvania,East,OFF-LA-10002945,Office Supplies,Labels,"Permanent Self-Adhesive File Folder Labels for Typewriters, 1 1/8 x 3 1/2, White",10.08,2,3.276,Online
6525,CA-2019-129308,07-07-2019,13-07-2019,Standard Class,CC-12100,Chad Cunningham,Home Office,United States,Philadelphia,Pennsylvania,East,TEC-PH-10002310,Technology,Phones,Panasonic KX T7731-B Digital phone,59.994,1,-12.9987,COD
6526,CA-2019-129308,07-07-2019,13-07-2019,Standard Class,CC-12100,Chad Cunningham,Home Office,United States,Philadelphia,Pennsylvania,East,OFF-BI-10001525,Office Supplies,Binders,"Acco Pressboard Covers with Storage Hooks, 14 7/8"" x 11"", Executive Red",5.715,5,-4.7625,COD
6527,CA-2019-129308,07-07-2019,13-07-2019,Standard Class,CC-12100,Chad Cunningham,Home Office,United States,Philadelphia,Pennsylvania,East,OFF-BI-10001308,Office Supplies,Binders,GBC Standard Plastic Binding Systems' Combs,9.42,5,-7.85,COD
8797,CA-2019-106397,07-07-2019,13-07-2019,Standard Class,MJ-17740,Max Jones,Consumer,United States,Orem,Utah,West,OFF-PA-10003441,Office Supplies,Paper,Xerox 226,12.96,2,6.2208,Online
8798,CA-2019-106397,07-07-2019,13-07-2019,Standard Class,MJ-17740,Max Jones,Consumer,United States,Orem,Utah,West,OFF-AR-10004602,Office Supplies,Art,Boston KS Multi-Size Manual Pencil Sharpener,45.98,2,12.8744,Online
1924,CA-2019-156685,08-07-2019,10-07-2019,Second Class,SC-20230,Scot Coram,Corporate,United States,Arlington,Texas,Central,OFF-AR-10000588,Office Supplies,Art,Newell 345,47.616,3,3.5712,Online
1938,CA-2019-112109,08-07-2019,12-07-2019,Standard Class,JE-15715,Joe Elijah,Consumer,United States,Broomfield,Colorado,West,OFF-BI-10002082,Office Supplies,Binders,GBC Twin Loop Wire Binding Elements,19.968,2,-13.312,COD
1939,CA-2019-112109,08-07-2019,12-07-2019,Standard Class,JE-15715,Joe Elijah,Consumer,United States,Broomfield,Colorado,West,OFF-ST-10001505,Office Supplies,Storage,"Perma STOR-ALL Hanging File Box, 13 1/8""W x 12 1/4""D x 10 1/2""H",33.488,7,-1.2558,COD
1940,CA-2019-112109,08-07-2019,12-07-2019,Standard Class,JE-15715,Joe Elijah,Consumer,United States,Broomfield,Colorado,West,OFF-BI-10001634,Office Supplies,Binders,Wilson Jones Active Use Binders,8.736,4,-6.1152,Online
3255,CA-2019-155474,08-07-2019,14-07-2019,Standard Class,CC-12220,Chris Cortes,Consumer,United States,Seattle,Washington,West,TEC-PH-10001580,Technology,Phones,Logitech Mobile Speakerphone P710e - speaker phone,107.984,1,9.4486,Online
3256,CA-2019-155474,08-07-2019,14-07-2019,Standard Class,CC-12220,Chris Cortes,Consumer,United States,Seattle,Washington,West,OFF-BI-10004209,Office Supplies,Binders,"Fellowes Twister Kit, Gray/Clear, 3/pkg",19.296,3,6.03,Online
3816,CA-2019-152471,08-07-2019,08-07-2019,Same Day,ZD-21925,Zuschuss Donatelli,Consumer,United States,Jacksonville,Florida,South,OFF-PA-10004965,Office Supplies,Paper,Xerox 1921,15.984,2,4.995,Online
7604,CA-2019-152520,08-07-2019,12-07-2019,Standard Class,TH-21115,Thea Hudgings,Corporate,United States,Providence,Rhode Island,East,OFF-PA-10000289,Office Supplies,Paper,Xerox 213,12.96,2,6.2208,COD
1413,CA-2019-136329,09-07-2019,13-07-2019,Standard Class,JD-15895,Jonathan Doherty,Corporate,United States,New York City,New York,East,FUR-FU-10000723,Furniture,Furnishings,"Deflect-o EconoMat Studded, No Bevel Mat for Low Pile Carpeting",165.28,4,14.8752,COD
536,CA-2019-126613,10-07-2019,16-07-2019,Standard Class,AA-10375,Allen Armold,Consumer,United States,Mesa,Arizona,West,OFF-ST-10001325,Office Supplies,Storage,Sterilite Officeware Hinged File Box,16.768,2,1.4672,COD
1734,US-2019-131149,10-07-2019,14-07-2019,Standard Class,LH-17155,Logan Haushalter,Consumer,United States,Dallas,Texas,Central,OFF-AR-10002135,Office Supplies,Art,Boston Heavy-Duty Trimline Electric Pencil Sharpeners,154.24,4,17.352,COD
478,CA-2019-103891,12-07-2019,19-07-2019,Standard Class,KH-16690,Kristen Hastings,Corporate,United States,Los Angeles,California,West,TEC-PH-10000149,Technology,Phones,Cisco SPA525G2 IP Phone - Wireless,95.76,6,7.182,COD
542,CA-2019-136924,14-07-2019,17-07-2019,First Class,ES-14080,Erin Smith,Corporate,United States,Tucson,Arizona,West,TEC-PH-10002262,Technology,Phones,LG Electronics Tone+ HBS-730 Bluetooth Headset,380.864,8,38.0864,COD
599,CA-2019-120200,14-07-2019,16-07-2019,First Class,TP-21130,Theone Pippenger,Consumer,United States,Philadelphia,Pennsylvania,East,OFF-SU-10004115,Office Supplies,Supplies,Acme Stainless Steel Office Snips,11.632,2,1.0178,Online
1207,CA-2019-137050,14-07-2019,18-07-2019,Second Class,SW-20755,Steven Ward,Corporate,United States,New York City,New York,East,OFF-ST-10004634,Office Supplies,Storage,"Personal Folder Holder, Ebony",11.21,1,3.363,Online
1208,CA-2019-137050,14-07-2019,18-07-2019,Second Class,SW-20755,Steven Ward,Corporate,United States,New York City,New York,East,OFF-BI-10002160,Office Supplies,Binders,Acco Hanging Data Binders,9.144,3,3.2004,Online
1209,CA-2019-137050,14-07-2019,18-07-2019,Second Class,SW-20755,Steven Ward,Corporate,United States,New York City,New York,East,OFF-FA-10002988,Office Supplies,Fasteners,Ideal Clamps,14.07,7,6.8943,Online
1210,CA-2019-137050,14-07-2019,18-07-2019,Second Class,SW-20755,Steven Ward,Corporate,United States,New York City,New York,East,OFF-AR-10004999,Office Supplies,Art,Newell 315,41.86,7,10.465,Online
1211,CA-2019-137050,14-07-2019,18-07-2019,Second Class,SW-20755,Steven Ward,Corporate,United States,New York City,New York,East,OFF-BI-10001031,Office Supplies,Binders,Pressboard Data Binders by Wilson Jones,8.544,2,2.8836,COD
2154,CA-2019-117282,14-07-2019,18-07-2019,Standard Class,DR-12880,Dan Reichenbach,Corporate,United States,New York City,New York,East,OFF-BI-10004094,Office Supplies,Binders,GBC Standard Plastic Binding Systems Combs,14.16,2,5.133,COD
2187,CA-2019-101378,14-07-2019,14-07-2019,Same Day,RH-19600,Rob Haberlin,Consumer,United States,Huntsville,Alabama,South,TEC-AC-10002345,Technology,Accessories,HP Standard 104 key PS/2 Keyboard,29.0,2,7.25,COD
4682,CA-2019-169215,14-07-2019,18-07-2019,Second Class,RE-19450,Richard Eichhorn,Consumer,United States,Auburn,New York,East,OFF-FA-10000936,Office Supplies,Fasteners,Acco Hot Clips Clips to Go,29.61,9,13.3245,COD
6957,CA-2019-157588,14-07-2019,19-07-2019,Standard Class,AR-10570,Anemone Ratner,Consumer,United States,Columbus,Georgia,South,OFF-BI-10003963,Office Supplies,Binders,Cardinal Holdit Data Disk Pockets,36.4,5,17.108,COD
6958,CA-2019-157588,14-07-2019,19-07-2019,Standard Class,AR-10570,Anemone Ratner,Consumer,United States,Columbus,Georgia,South,FUR-FU-10004848,Furniture,Furnishings,"Howard Miller 13-3/4"" Diameter Brushed Chrome Round Wall Clock",51.75,1,15.525,COD
7224,CA-2019-109953,14-07-2019,18-07-2019,Standard Class,RB-19360,Raymond Buch,Consumer,United States,San Francisco,California,West,TEC-PH-10004093,Technology,Phones,Panasonic Kx-TS550,110.376,3,12.4173,COD
7225,CA-2019-109953,14-07-2019,18-07-2019,Standard Class,RB-19360,Raymond Buch,Consumer,United States,San Francisco,California,West,OFF-AP-10002998,Office Supplies,Appliances,Holmes 99% HEPA Air Purifier,151.62,7,50.0346,COD
7226,CA-2019-109953,14-07-2019,18-07-2019,Standard Class,RB-19360,Raymond Buch,Consumer,United States,San Francisco,California,West,FUR-FU-10000073,Furniture,Furnishings,Deflect-O Glasstique Clear Desk Accessories,30.8,4,10.164,COD
2238,CA-2019-122322,15-07-2019,21-07-2019,Standard Class,RH-19510,Rick Huthwaite,Home Office,United States,Provo,Utah,West,OFF-SU-10000952,Office Supplies,Supplies,Fiskars Home & Office Scissors,44.4,5,12.432,COD
7932,US-2019-168095,15-07-2019,20-07-2019,Standard Class,MC-17425,Mark Cousins,Corporate,United States,Portland,Oregon,West,FUR-CH-10004886,Furniture,Chairs,Bevis Steel Folding Chairs,230.28,3,23.028,COD
7933,US-2019-168095,15-07-2019,20-07-2019,Standard Class,MC-17425,Mark Cousins,Corporate,United States,Portland,Oregon,West,OFF-PA-10003641,Office Supplies,Paper,Xerox 1909,105.52,5,34.294,COD
188,CA-2019-157000,16-07-2019,22-07-2019,Standard Class,AM-10360,Alice McCarthy,Corporate,United States,Grand Prairie,Texas,Central,OFF-ST-10001328,Office Supplies,Storage,"Personal Filing Tote with Lid, Black/Gray",37.224,3,3.7224,COD
189,CA-2019-157000,16-07-2019,22-07-2019,Standard Class,AM-10360,Alice McCarthy,Corporate,United States,Grand Prairie,Texas,Central,OFF-PA-10001950,Office Supplies,Paper,Southworth 25% Cotton Antique Laid Paper & Envelopes,20.016,3,6.255,Online
602,US-2019-100720,16-07-2019,21-07-2019,Standard Class,CK-12205,Chloris Kastensmidt,Consumer,United States,Philadelphia,Pennsylvania,East,OFF-SU-10001574,Office Supplies,Supplies,Acme Value Line Scissors,5.84,2,0.73,COD
3365,CA-2019-130050,16-07-2019,18-07-2019,Second Class,MC-17425,Mark Cousins,Corporate,United States,Houston,Texas,Central,FUR-FU-10001940,Furniture,Furnishings,Staple-based wall hangings,9.552,3,-3.8208,Online
6963,CA-2019-157161,16-07-2019,20-07-2019,Second Class,JD-15895,Jonathan Doherty,Corporate,United States,Columbia,South Carolina,South,OFF-EN-10001509,Office Supplies,Envelopes,Poly String Tie Envelopes,10.2,5,4.794,COD
6964,CA-2019-157161,16-07-2019,20-07-2019,Second Class,JD-15895,Jonathan Doherty,Corporate,United States,Columbia,South Carolina,South,OFF-AR-10003338,Office Supplies,Art,"Eberhard Faber 3 1/2"" Golf Pencils",22.32,3,5.58,COD
6965,CA-2019-157161,16-07-2019,20-07-2019,Second Class,JD-15895,Jonathan Doherty,Corporate,United States,Columbia,South Carolina,South,OFF-BI-10004728,Office Supplies,Binders,Wilson Jones Turn Tabs Binder Tool for Ring Binders,24.1,5,11.086,COD
6966,CA-2019-157161,16-07-2019,20-07-2019,Second Class,JD-15895,Jonathan Doherty,Corporate,United States,Columbia,South Carolina,South,TEC-AC-10000358,Technology,Accessories,Imation Secure Drive + Hardware Encrypted USB flash drive - 16 GB,75.98,2,18.2352,COD
6967,CA-2019-157161,16-07-2019,20-07-2019,Second Class,JD-15895,Jonathan Doherty,Corporate,United States,Columbia,South Carolina,South,OFF-BI-10002764,Office Supplies,Binders,Recycled Pressboard Report Cover with Reinforced Top Hinge,6.46,2,3.1654,Online
6968,CA-2019-157161,16-07-2019,20-07-2019,Second Class,JD-15895,Jonathan Doherty,Corporate,United States,Columbia,South Carolina,South,OFF-PA-10001461,Office Supplies,Paper,HP Office Paper (20Lb. and 87 Bright),60.12,9,28.8576,COD
43,CA-2019-101343,17-07-2019,22-07-2019,Standard Class,RA-19885,Ruben Ausman,Corporate,United States,Los Angeles,California,West,OFF-ST-10003479,Office Supplies,Storage,"Eldon Base for stackable storage shelf, platinum",77.88,2,3.894,COD
2046,CA-2019-131835,17-07-2019,21-07-2019,Standard Class,MC-17590,Matt Collister,Corporate,United States,Perth Amboy,New Jersey,East,OFF-AP-10004487,Office Supplies,Appliances,Kensington 4 Outlet MasterPiece Compact Power Control Center,162.64,2,45.5392,Online
2048,CA-2019-131835,17-07-2019,21-07-2019,Standard Class,MC-17590,Matt Collister,Corporate,United States,Perth Amboy,New Jersey,East,OFF-PA-10004071,Office Supplies,Paper,"Eaton Premium Continuous-Feed Paper, 25% Cotton, Letter Size, White, 1000 Shts/Box",55.48,1,26.6304,Online
3108,CA-2019-121671,17-07-2019,22-07-2019,Standard Class,AA-10480,Andrew Allen,Consumer,United States,Springfield,Missouri,Central,OFF-PA-10001471,Office Supplies,Paper,Strathmore Photo Frame Cards,21.93,3,10.0878,COD
3109,CA-2019-121671,17-07-2019,22-07-2019,Standard Class,AA-10480,Andrew Allen,Consumer,United States,Springfield,Missouri,Central,OFF-ST-10002344,Office Supplies,Storage,"Carina 42""Hx23 3/4""W Media Storage Unit",242.94,3,4.8588,COD
3110,CA-2019-121671,17-07-2019,22-07-2019,Standard Class,AA-10480,Andrew Allen,Consumer,United States,Springfield,Missouri,Central,OFF-PA-10001892,Office Supplies,Paper,"Rediform Wirebound ""Phone Memo"" Message Book, 11 x 5-3/4",7.64,1,3.7436,COD
3111,CA-2019-121671,17-07-2019,22-07-2019,Standard Class,AA-10480,Andrew Allen,Consumer,United States,Springfield,Missouri,Central,OFF-PA-10001934,Office Supplies,Paper,Xerox 1993,51.84,8,25.4016,COD
3112,CA-2019-121671,17-07-2019,22-07-2019,Standard Class,AA-10480,Andrew Allen,Consumer,United States,Springfield,Missouri,Central,OFF-ST-10000078,Office Supplies,Storage,Tennsco 6- and 18-Compartment Lockers,265.17,1,47.7306,Online
6274,US-2019-139087,17-07-2019,22-07-2019,Second Class,DK-13375,Dennis Kane,Consumer,United States,Seattle,Washington,West,FUR-FU-10001847,Furniture,Furnishings,Eldon Image Series Black Desk Accessories,12.42,3,4.4712,COD
6276,US-2019-139087,17-07-2019,22-07-2019,Second Class,DK-13375,Dennis Kane,Consumer,United States,Seattle,Washington,West,FUR-FU-10004164,Furniture,Furnishings,"Eldon 300 Class Desk Accessories, Black",24.75,5,10.89,COD
6277,US-2019-139087,17-07-2019,22-07-2019,Second Class,DK-13375,Dennis Kane,Consumer,United States,Seattle,Washington,West,OFF-LA-10001074,Office Supplies,Labels,Round Specialty Laser Printer Labels,87.71,7,41.2237,Online
6278,US-2019-139087,17-07-2019,22-07-2019,Second Class,DK-13375,Dennis Kane,Consumer,United States,Seattle,Washington,West,OFF-ST-10000604,Office Supplies,Storage,Home/Office Personal File Carts,69.52,2,17.38,Online
6279,US-2019-139087,17-07-2019,22-07-2019,Second Class,DK-13375,Dennis Kane,Consumer,United States,Seattle,Washington,West,TEC-PH-10000148,Technology,Phones,Cyber Acoustics AC-202b Speech Recognition Stereo Headset,20.784,2,-4.6764,Online
6280,US-2019-139087,17-07-2019,22-07-2019,Second Class,DK-13375,Dennis Kane,Consumer,United States,Seattle,Washington,West,OFF-BI-10000042,Office Supplies,Binders,"Pressboard Data Binder, Crimson, 12"" X 8 1/2""",12.816,3,4.1652,Online
7842,CA-2019-116603,17-07-2019,22-07-2019,Standard Class,AT-10735,Annie Thurman,Consumer,United States,New York City,New York,East,OFF-AP-10002892,Office Supplies,Appliances,Belkin F5C206VTEL 6 Outlet Surge,45.96,2,13.788,COD
1201,CA-2019-114727,18-07-2019,24-07-2019,Standard Class,LS-16945,Linda Southworth,Corporate,United States,Denver,Colorado,West,FUR-CH-10002335,Furniture,Chairs,Hon GuestStacker Chair,544.008,3,40.8006,COD
1202,CA-2019-114727,18-07-2019,24-07-2019,Standard Class,LS-16945,Linda Southworth,Corporate,United States,Denver,Colorado,West,OFF-BI-10004967,Office Supplies,Binders,Round Ring Binders,1.872,3,-1.4352,COD
1842,CA-2019-157763,18-07-2019,23-07-2019,Standard Class,KH-16330,Katharine Harms,Corporate,United States,Bowling Green,Kentucky,South,FUR-CH-10000988,Furniture,Chairs,Hon Olson Stacker Stools,140.81,1,39.4268,COD
3661,CA-2019-161676,18-07-2019,23-07-2019,Standard Class,JP-15460,Jennifer Patt,Corporate,United States,Glendale,Arizona,West,OFF-SU-10004782,Office Supplies,Supplies,"Elite 5"" Scissors",33.8,5,4.225,COD
4730,CA-2019-124681,18-07-2019,23-07-2019,Second Class,SV-20935,Susan Vittorini,Consumer,United States,Dallas,Texas,Central,TEC-AC-10000487,Technology,Accessories,SanDisk Cruzer 4 GB USB Flash Drive,15.576,3,3.3099,COD
6848,CA-2019-162110,18-07-2019,22-07-2019,Standard Class,NP-18670,Nora Paige,Consumer,United States,Phoenix,Arizona,West,TEC-PH-10001924,Technology,Phones,iHome FM Clock Radio with Lightning Dock,55.992,1,3.4995,Online
8139,CA-2019-102561,18-07-2019,22-07-2019,Standard Class,NK-18490,Neil Knudson,Home Office,United States,Philadelphia,Pennsylvania,East,OFF-AR-10001545,Office Supplies,Art,Newell 326,11.264,8,1.2672,Online
8141,CA-2019-102561,18-07-2019,22-07-2019,Standard Class,NK-18490,Neil Knudson,Home Office,United States,Philadelphia,Pennsylvania,East,OFF-PA-10004971,Office Supplies,Paper,Xerox 196,18.496,4,6.7048,Online
5986,CA-2019-163776,19-07-2019,25-07-2019,Standard Class,JS-16030,Joy Smith,Consumer,United States,Hattiesburg,Mississippi,South,OFF-BI-10003007,Office Supplies,Binders,"Premium Transparent Presentation Covers, No Pattern/Clear, 8 1/2"" x 11""",77.56,2,35.6776,Online
5987,CA-2019-163776,19-07-2019,25-07-2019,Standard Class,JS-16030,Joy Smith,Consumer,United States,Hattiesburg,Mississippi,South,OFF-ST-10002485,Office Supplies,Storage,Rogers Deluxe File Chest,87.92,4,0.8792,COD
5989,CA-2019-163776,19-07-2019,25-07-2019,Standard Class,JS-16030,Joy Smith,Consumer,United States,Hattiesburg,Mississippi,South,OFF-BI-10000404,Office Supplies,Binders,Avery Printable Repositionable Plastic Tabs,8.6,1,4.042,Online
7278,CA-2019-157217,19-07-2019,21-07-2019,First Class,TC-21535,Tracy Collins,Home Office,United States,San Francisco,California,West,TEC-PH-10002070,Technology,Phones,Griffin GC36547 PowerJolt SE Lightning Charger,35.984,2,4.498,Online
7987,CA-2019-137939,20-07-2019,23-07-2019,Second Class,PJ-19015,Pauline Johnson,Consumer,United States,Long Beach,New York,East,TEC-PH-10003589,Technology,Phones,invisibleSHIELD by ZAGG Smudge-Free Screen Protector,89.95,5,43.176,COD
2071,CA-2019-146521,21-07-2019,23-07-2019,Second Class,CC-12610,Corey Catlett,Corporate,United States,Philadelphia,Pennsylvania,East,OFF-BI-10000301,Office Supplies,Binders,GBC Instant Report Kit,1.941,1,-1.294,COD
5664,CA-2019-141957,21-07-2019,21-07-2019,Same Day,JG-15310,Jason Gross,Corporate,United States,Newark,Ohio,East,OFF-AR-10000914,Office Supplies,Art,Boston 16765 Mini Stand Up Battery Pencil Sharpener,18.656,2,1.3992,COD
5665,CA-2019-141957,21-07-2019,21-07-2019,Same Day,JG-15310,Jason Gross,Corporate,United States,Newark,Ohio,East,OFF-BI-10001116,Office Supplies,Binders,"Wilson Jones 1"" Hanging DublLock Ring Binders",11.088,7,-8.1312,Online
5666,CA-2019-141957,21-07-2019,21-07-2019,Same Day,JG-15310,Jason Gross,Corporate,United States,Newark,Ohio,East,OFF-ST-10002276,Office Supplies,Storage,Safco Steel Mobile File Cart,66.688,1,4.168,COD
5667,CA-2019-141957,21-07-2019,21-07-2019,Same Day,JG-15310,Jason Gross,Corporate,United States,Newark,Ohio,East,OFF-ST-10004340,Office Supplies,Storage,"Fellowes Mobile File Cart, Black",99.488,2,8.7052,COD
5833,CA-2019-142895,21-07-2019,26-07-2019,Standard Class,BP-11290,Beth Paige,Consumer,United States,Concord,North Carolina,South,OFF-LA-10000262,Office Supplies,Labels,Avery 494,6.264,3,2.0358,COD
5834,CA-2019-142895,21-07-2019,26-07-2019,Standard Class,BP-11290,Beth Paige,Consumer,United States,Concord,North Carolina,South,FUR-CH-10002961,Furniture,Chairs,"Leather Task Chair, Black",363.92,5,0.0,COD
6561,CA-2019-160941,21-07-2019,26-07-2019,Standard Class,DK-12835,Damala Kotsonis,Corporate,United States,Roseville,California,West,OFF-LA-10003766,Office Supplies,Labels,Self-Adhesive Removable Labels,3.15,1,1.512,Online
1117,CA-2019-144855,22-07-2019,24-07-2019,Second Class,DL-13495,Dionis Lloyd,Corporate,United States,San Francisco,California,West,OFF-LA-10003766,Office Supplies,Labels,Self-Adhesive Removable Labels,6.3,2,3.024,Online
1527,CA-2019-122392,22-07-2019,27-07-2019,Standard Class,CJ-12010,Caroline Jumper,Consumer,United States,Allentown,Pennsylvania,East,OFF-AR-10002221,Office Supplies,Art,12 Colored Short Pencils,4.16,2,0.364,COD
1528,CA-2019-122392,22-07-2019,27-07-2019,Standard Class,CJ-12010,Caroline Jumper,Consumer,United States,Allentown,Pennsylvania,East,FUR-FU-10002456,Furniture,Furnishings,"Master Caster Door Stop, Large Neon Orange",11.648,2,3.3488,COD
4441,US-2019-111290,22-07-2019,26-07-2019,Standard Class,DK-13375,Dennis Kane,Consumer,United States,Westland,Michigan,Central,TEC-AC-10004975,Technology,Accessories,Plantronics Audio 995 Wireless Stereo Headset,109.95,1,36.2835,COD
4443,US-2019-111290,22-07-2019,26-07-2019,Standard Class,DK-13375,Dennis Kane,Consumer,United States,Westland,Michigan,Central,OFF-AR-10001761,Office Supplies,Art,Avery Hi-Liter Smear-Safe Highlighters,29.2,5,10.512,COD
4444,US-2019-111290,22-07-2019,26-07-2019,Standard Class,DK-13375,Dennis Kane,Consumer,United States,Westland,Michigan,Central,OFF-PA-10002262,Office Supplies,Paper,Xerox 192,32.4,5,15.552,Online
5453,CA-2019-140613,22-07-2019,29-07-2019,Standard Class,KN-16705,Kristina Nunn,Home Office,United States,Sparks,Nevada,West,OFF-SU-10004261,Office Supplies,Supplies,"Fiskars 8"" Scissors, 2/Pack",86.2,5,24.998,COD
8757,CA-2019-114307,22-07-2019,26-07-2019,Standard Class,MF-17665,Maureen Fritzler,Corporate,United States,Columbia,Maryland,East,OFF-AP-10002350,Office Supplies,Appliances,Belkin F9H710-06 7 Outlet SurgeMaster Surge Protector,37.68,2,10.5504,COD
8758,CA-2019-114307,22-07-2019,26-07-2019,Standard Class,MF-17665,Maureen Fritzler,Corporate,United States,Columbia,Maryland,East,OFF-PA-10004100,Office Supplies,Paper,Xerox 216,51.84,8,24.8832,COD
8759,CA-2019-114307,22-07-2019,26-07-2019,Standard Class,MF-17665,Maureen Fritzler,Corporate,United States,Columbia,Maryland,East,FUR-FU-10000794,Furniture,Furnishings,"Eldon Stackable Tray, Side-Load, Legal, Smoke",27.42,3,9.3228,Online
8760,CA-2019-114307,22-07-2019,26-07-2019,Standard Class,MF-17665,Maureen Fritzler,Corporate,United States,Columbia,Maryland,East,OFF-BI-10002012,Office Supplies,Binders,Wilson Jones Easy Flow II Sheet Lifters,5.4,3,2.592,COD
834,CA-2019-165316,23-07-2019,27-07-2019,Standard Class,JB-15400,Jennifer Braxton,Corporate,United States,Tampa,Florida,South,OFF-AR-10002956,Office Supplies,Art,Boston 16801 Nautilus Battery Pencil Sharpener,35.216,2,2.6412,COD
835,CA-2019-165316,23-07-2019,27-07-2019,Standard Class,JB-15400,Jennifer Braxton,Corporate,United States,Tampa,Florida,South,OFF-AP-10003266,Office Supplies,Appliances,"Holmes Replacement Filter for HEPA Air Cleaner, Large Room",23.696,2,6.5164,COD
4237,CA-2019-162404,23-07-2019,27-07-2019,Standard Class,NF-18475,Neil Französisch,Home Office,United States,Rockford,Illinois,Central,OFF-BI-10000948,Office Supplies,Binders,"GBC Laser Imprintable Binding System Covers, Desert Sand",11.416,4,-18.8364,COD
7072,CA-2019-112256,23-07-2019,28-07-2019,Standard Class,CK-12205,Chloris Kastensmidt,Consumer,United States,Mcallen,Texas,Central,OFF-AR-10001216,Office Supplies,Art,Newell 339,4.448,2,0.3336,COD
7073,CA-2019-112256,23-07-2019,28-07-2019,Standard Class,CK-12205,Chloris Kastensmidt,Consumer,United States,Mcallen,Texas,Central,OFF-PA-10004355,Office Supplies,Paper,Xerox 231,5.184,1,1.8144,COD
7074,CA-2019-112256,23-07-2019,28-07-2019,Standard Class,CK-12205,Chloris Kastensmidt,Consumer,United States,Mcallen,Texas,Central,OFF-AR-10001953,Office Supplies,Art,Boston 1645 Deluxe Heavier-Duty Electric Pencil Sharpener,175.92,5,15.393,Online
7075,CA-2019-112256,23-07-2019,28-07-2019,Standard Class,CK-12205,Chloris Kastensmidt,Consumer,United States,Mcallen,Texas,Central,OFF-BI-10004364,Office Supplies,Binders,Storex Dura Pro Binders,4.752,4,-8.316,COD
7076,CA-2019-112256,23-07-2019,28-07-2019,Standard Class,CK-12205,Chloris Kastensmidt,Consumer,United States,Mcallen,Texas,Central,OFF-SU-10001165,Office Supplies,Supplies,Acme Elite Stainless Steel Scissors,13.344,2,1.0008,Online
8705,CA-2019-111318,23-07-2019,26-07-2019,First Class,IL-15100,Ivan Liston,Consumer,United States,Houston,Texas,Central,TEC-PH-10004100,Technology,Phones,Griffin GC17055 Auxiliary Audio Cable,115.136,8,11.5136,COD
6762,CA-2019-162943,24-07-2019,26-07-2019,Second Class,DB-12970,Darren Budd,Corporate,United States,New York City,New York,East,FUR-CH-10001708,Furniture,Chairs,Office Star - Contemporary Swivel Chair with Padded Adjustable Arms and Flex Back,253.764,2,31.0156,COD
8741,CA-2019-102498,24-07-2019,25-07-2019,First Class,JG-15160,James Galang,Consumer,United States,Lafayette,Louisiana,South,OFF-AR-10004456,Office Supplies,Art,Panasonic KP-4ABK Battery-Operated Pencil Sharpener,73.2,5,21.228,COD
497,CA-2019-126158,25-07-2019,31-07-2019,Standard Class,SC-20095,Sanjit Chand,Consumer,United States,Costa Mesa,California,West,OFF-BI-10002498,Office Supplies,Binders,Clear Mylar Reinforcing Strips,119.616,8,40.3704,COD
499,CA-2019-126158,25-07-2019,31-07-2019,Standard Class,SC-20095,Sanjit Chand,Consumer,United States,Costa Mesa,California,West,FUR-CH-10002602,Furniture,Chairs,DMI Arturo Collection Mission-style Design Wood Chair,241.568,2,18.1176,COD
500,CA-2019-126158,25-07-2019,31-07-2019,Standard Class,SC-20095,Sanjit Chand,Consumer,United States,Costa Mesa,California,West,FUR-FU-10000073,Furniture,Furnishings,Deflect-O Glasstique Clear Desk Accessories,69.3,9,22.869,Online
2156,CA-2019-111115,25-07-2019,27-07-2019,Second Class,LB-16735,Larry Blacks,Consumer,United States,Los Angeles,California,West,OFF-FA-10000624,Office Supplies,Fasteners,OIC Binder Clips,21.48,6,10.74,COD
3010,CA-2019-115525,25-07-2019,29-07-2019,Standard Class,RR-19525,Rick Reed,Corporate,United States,Toledo,Ohio,East,OFF-AP-10000026,Office Supplies,Appliances,Tripp Lite Isotel 6 Outlet Surge Protector with Fax/Modem Protection,243.88,5,27.4365,Online
3106,CA-2019-103037,25-07-2019,29-07-2019,Standard Class,KH-16630,Ken Heidel,Corporate,United States,Houston,Texas,Central,OFF-LA-10004345,Office Supplies,Labels,Avery 493,15.712,4,5.6956,Cards
3579,CA-2019-104157,25-07-2019,29-07-2019,Standard Class,MT-17815,Meg Tillman,Consumer,United States,Jackson,Mississippi,South,OFF-ST-10000321,Office Supplies,Storage,Akro Stacking Bins,7.89,1,0.3156,Cards
3580,CA-2019-104157,25-07-2019,29-07-2019,Standard Class,MT-17815,Meg Tillman,Consumer,United States,Jackson,Mississippi,South,OFF-PA-10004665,Office Supplies,Paper,Advantus Motivational Note Cards,65.5,5,32.095,Online
5244,CA-2019-149454,25-07-2019,26-07-2019,First Class,KM-16375,Katherine Murray,Home Office,United States,Arlington,Virginia,South,OFF-BI-10003694,Office Supplies,Binders,"Avery 3 1/2"" Diskette Storage Pages, 10/Pack",10.44,1,4.8024,Online
5446,CA-2019-128307,25-07-2019,29-07-2019,Standard Class,BE-11335,Bill Eplett,Home Office,United States,Houston,Texas,Central,OFF-EN-10003040,Office Supplies,Envelopes,Quality Park Security Envelopes,20.936,1,7.0659,COD
8309,CA-2019-149335,25-07-2019,25-07-2019,Same Day,BC-11125,Becky Castell,Home Office,United States,San Francisco,California,West,OFF-AR-10001419,Office Supplies,Art,Newell 325,37.17,9,11.151,Cards
9891,US-2019-115441,25-07-2019,28-07-2019,Second Class,SH-19975,Sally Hughsby,Corporate,United States,Milwaukee,Wisconsin,Central,OFF-PA-10004996,Office Supplies,Paper,"Speediset Carbonless Redi-Letter 7"" x 8 1/2""",20.62,2,9.6914,COD
9892,US-2019-115441,25-07-2019,28-07-2019,Second Class,SH-19975,Sally Hughsby,Corporate,United States,Milwaukee,Wisconsin,Central,TEC-AC-10003116,Technology,Accessories,Memorex Froggy Flash Drive 8 GB,124.25,7,48.4575,Cards
9895,US-2019-115441,25-07-2019,28-07-2019,Second Class,SH-19975,Sally Hughsby,Corporate,United States,Milwaukee,Wisconsin,Central,FUR-FU-10001756,Furniture,Furnishings,"Eldon Expressions Desk Accessory, Wood Photo Frame, Mahogany",95.2,5,27.608,Online
5679,CA-2019-143924,28-07-2019,03-08-2019,Standard Class,SC-20680,Steve Carroll,Home Office,United States,Holland,Michigan,Central,OFF-FA-10000735,Office Supplies,Fasteners,Staples,20.44,7,9.198,COD
6927,CA-2019-140046,28-07-2019,03-08-2019,Standard Class,KM-16660,Khloe Miller,Consumer,United States,Los Angeles,California,West,OFF-LA-10000305,Office Supplies,Labels,Avery 495,18.9,3,8.694,COD
8634,CA-2019-107783,28-07-2019,29-07-2019,First Class,OT-18730,Olvera Toch,Consumer,United States,Bethlehem,Pennsylvania,East,OFF-AP-10004052,Office Supplies,Appliances,"Hoover Replacement Belts For Soft Guard & Commercial Ltweight Upright Vacs, 2/Pk",9.48,3,0.711,Online
9592,US-2019-105452,28-07-2019,01-08-2019,Standard Class,BF-11005,Barry Franz,Home Office,United States,Pasadena,Texas,Central,FUR-FU-10003691,Furniture,Furnishings,"Eldon Image Series Desk Accessories, Ebony",24.7,5,-9.88,Cards
3445,CA-2019-116344,29-07-2019,02-08-2019,Standard Class,JO-15145,Jack O'Briant,Corporate,United States,Philadelphia,Pennsylvania,East,OFF-ST-10001713,Office Supplies,Storage,"Gould Plastics 9-Pocket Panel Bin, 18-3/8w x 5-1/4d x 20-1/2h, Black",84.784,2,-16.9568,Cards
4879,US-2019-131891,29-07-2019,31-07-2019,First Class,PW-19240,Pierre Wener,Consumer,United States,Pensacola,Florida,South,OFF-BI-10000201,Office Supplies,Binders,"Avery Triangle Shaped Sheet Lifters, Black, 2/Pack",2.214,3,-1.476,Cards
8650,CA-2019-164574,29-07-2019,03-08-2019,Standard Class,RH-19555,Ritsa Hightower,Consumer,United States,Charlotte,North Carolina,South,OFF-BI-10002429,Office Supplies,Binders,"Premier Elliptical Ring Binder, Black",27.396,3,-20.0904,Cards
2174,CA-2019-112025,30-07-2019,04-08-2019,Standard Class,LS-16975,Lindsay Shagiari,Home Office,United States,Houston,Texas,Central,OFF-BI-10002353,Office Supplies,Binders,GBC VeloBind Cover Sets,9.264,3,-13.896,COD
7455,CA-2019-137743,30-07-2019,04-08-2019,Standard Class,KH-16360,Katherine Hughes,Consumer,United States,Chicago,Illinois,Central,OFF-LA-10003663,Office Supplies,Labels,Avery 498,9.248,4,3.1212,COD
4674,CA-2019-133550,31-07-2019,06-08-2019,Standard Class,KL-16645,Ken Lonsdale,Consumer,United States,Detroit,Michigan,Central,TEC-PH-10001079,Technology,Phones,Polycom SoundPoint Pro SE-225 Corded phone,118.99,1,33.3172,COD
4675,CA-2019-133550,31-07-2019,06-08-2019,Standard Class,KL-16645,Ken Lonsdale,Consumer,United States,Detroit,Michigan,Central,FUR-FU-10002918,Furniture,Furnishings,Eldon ClusterMat Chair Mat with Cordless Antistatic Protection,272.94,3,30.0234,Cards
7102,CA-2019-144337,01-08-2019,05-08-2019,Second Class,SG-20890,Susan Gilcrest,Corporate,United States,Amarillo,Texas,Central,OFF-PA-10000249,Office Supplies,Paper,Easy-staple paper,19.648,2,6.6312,Online
7771,CA-2019-155978,01-08-2019,01-08-2019,Same Day,TS-21205,Thomas Seio,Corporate,United States,Riverside,California,West,OFF-AP-10002892,Office Supplies,Appliances,Belkin F5C206VTEL 6 Outlet Surge,45.96,2,13.788,Online
9155,CA-2019-132990,01-08-2019,03-08-2019,Second Class,KM-16660,Khloe Miller,Consumer,United States,Philadelphia,Pennsylvania,East,FUR-FU-10004864,Furniture,Furnishings,Eldon 500 Class Desk Accessories,19.312,2,3.1382,Cards
5245,CA-2019-156265,02-08-2019,04-08-2019,Second Class,BF-11020,Barry Französisch,Corporate,United States,Los Angeles,California,West,FUR-TA-10001691,Furniture,Tables,"Barricks Non-Folding Utility Table with Steel Legs, Laminate Tops",136.464,2,15.3522,Online
5246,CA-2019-156265,02-08-2019,04-08-2019,Second Class,BF-11020,Barry Französisch,Corporate,United States,Los Angeles,California,West,TEC-PH-10001918,Technology,Phones,Nortel Business Series Terminal T7208 Digital phone,333.576,3,33.3576,Online
5247,CA-2019-156265,02-08-2019,04-08-2019,Second Class,BF-11020,Barry Französisch,Corporate,United States,Los Angeles,California,West,OFF-BI-10000285,Office Supplies,Binders,XtraLife ClearVue Slant-D Ring Binders by Cardinal,12.544,2,4.704,Online
6158,CA-2019-104150,03-08-2019,05-08-2019,Second Class,AG-10330,Alex Grayson,Consumer,United States,Tulsa,Oklahoma,Central,OFF-EN-10002504,Office Supplies,Envelopes,"Tyvek  Top-Opening Peel & Seel Envelopes, Plain White",81.54,3,38.3238,COD
1764,CA-2019-110254,04-08-2019,08-08-2019,Standard Class,ML-17755,Max Ludwig,Home Office,United States,Suffolk,Virginia,South,OFF-SU-10002573,Office Supplies,Supplies,"Acme 10"" Easy Grip Assistive Scissors",35.06,2,10.518,Online
1765,CA-2019-110254,04-08-2019,08-08-2019,Standard Class,ML-17755,Max Ludwig,Home Office,United States,Suffolk,Virginia,South,OFF-LA-10004484,Office Supplies,Labels,Avery 476,4.13,1,1.8998,COD
1766,CA-2019-110254,04-08-2019,08-08-2019,Standard Class,ML-17755,Max Ludwig,Home Office,United States,Suffolk,Virginia,South,FUR-FU-10001591,Furniture,Furnishings,Advantus Panel Wall Certificate Holder - 8.5x11,109.8,9,46.116,COD
1767,CA-2019-110254,04-08-2019,08-08-2019,Standard Class,ML-17755,Max Ludwig,Home Office,United States,Suffolk,Virginia,South,OFF-LA-10002034,Office Supplies,Labels,Avery 478,9.82,2,4.8118,Online
2688,US-2019-128195,04-08-2019,05-08-2019,First Class,RA-19285,Ralph Arnett,Consumer,United States,Peoria,Illinois,Central,OFF-BI-10002003,Office Supplies,Binders,Ibico Presentation Index for Binding Systems,3.98,5,-6.567,COD
4086,CA-2019-111913,04-08-2019,06-08-2019,Second Class,LC-16930,Linda Cazamias,Corporate,United States,Sacramento,California,West,TEC-PH-10002275,Technology,Phones,Mitel 5320 IP Phone VoIP phone,302.384,2,30.2384,Cards
4087,CA-2019-111913,04-08-2019,06-08-2019,Second Class,LC-16930,Linda Cazamias,Corporate,United States,Sacramento,California,West,OFF-BI-10003291,Office Supplies,Binders,Wilson Jones Leather-Like Binders with DublLock Round Rings,20.952,3,7.0713,COD
4088,CA-2019-111913,04-08-2019,06-08-2019,Second Class,LC-16930,Linda Cazamias,Corporate,United States,Sacramento,California,West,OFF-BI-10000343,Office Supplies,Binders,"Pressboard Covers with Storage Hooks, 9 1/2"" x 11"", Light Blue",11.784,3,3.9771,Cards
3447,CA-2019-158869,06-08-2019,07-08-2019,First Class,AH-10690,Anna Häberlin,Corporate,United States,New York City,New York,East,OFF-PA-10000474,Office Supplies,Paper,Easy-staple paper,70.88,2,33.3136,Cards
5943,CA-2019-151092,06-08-2019,13-08-2019,Standard Class,VG-21790,Vivek Gonzalez,Consumer,United States,Los Angeles,California,West,TEC-PH-10001700,Technology,Phones,Panasonic KX-TG6844B Expandable Digital Cordless Telephone,211.168,4,18.4772,Cards
9511,CA-2019-105263,06-08-2019,11-08-2019,Standard Class,LM-17065,Liz MacKendrick,Consumer,United States,New York City,New York,East,OFF-AR-10002399,Office Supplies,Art,"Dixon Prang Watercolor Pencils, 10-Color Set with Brush",38.34,9,15.7194,Cards
1800,CA-2019-121034,08-08-2019,10-08-2019,Second Class,JF-15565,Jill Fjeld,Consumer,United States,Dallas,Texas,Central,OFF-FA-10000585,Office Supplies,Fasteners,OIC Bulk Pack Metal Binder Clips,11.168,4,3.6296,COD
1801,CA-2019-121034,08-08-2019,10-08-2019,Second Class,JF-15565,Jill Fjeld,Consumer,United States,Dallas,Texas,Central,OFF-PA-10001994,Office Supplies,Paper,"Ink Jet Note and Greeting Cards, 8-1/2"" x 5-1/2"" Card Size",53.952,3,17.5344,Cards
3196,CA-2019-169026,08-08-2019,13-08-2019,Standard Class,CM-12655,Corinna Mitchell,Home Office,United States,Jackson,Mississippi,South,OFF-FA-10001883,Office Supplies,Fasteners,"Alliance Super-Size Bands, Assorted Sizes",23.34,3,0.2334,COD
3497,CA-2019-107328,08-08-2019,15-08-2019,Standard Class,CA-12055,Cathy Armstrong,Home Office,United States,Los Angeles,California,West,FUR-TA-10001932,Furniture,Tables,"Chromcraft 48"" x 96"" Racetrack Double Pedestal Table",513.024,2,12.8256,Cards
3499,CA-2019-107328,08-08-2019,15-08-2019,Standard Class,CA-12055,Cathy Armstrong,Home Office,United States,Los Angeles,California,West,OFF-BI-10002160,Office Supplies,Binders,Acco Hanging Data Binders,15.24,5,5.334,Online
5257,CA-2019-130078,08-08-2019,14-08-2019,Standard Class,CC-12145,Charles Crestani,Consumer,United States,Oklahoma City,Oklahoma,Central,OFF-PA-10003270,Office Supplies,Paper,Xerox 1954,10.56,2,4.752,COD
3517,US-2019-113649,09-08-2019,12-08-2019,First Class,HA-14920,Helen Andreada,Consumer,United States,Fayetteville,North Carolina,South,OFF-PA-10000130,Office Supplies,Paper,Xerox 199,30.816,9,9.63,Cards
3518,US-2019-113649,09-08-2019,12-08-2019,First Class,HA-14920,Helen Andreada,Consumer,United States,Fayetteville,North Carolina,South,TEC-PH-10002350,Technology,Phones,Apple EarPods with Remote and Mic,44.784,2,4.4784,COD
9160,CA-2019-118934,09-08-2019,14-08-2019,Standard Class,GH-14410,Gary Hansen,Home Office,United States,Hendersonville,Tennessee,South,OFF-BI-10003314,Office Supplies,Binders,Tuff Stuff Recycled Round Ring Binders,4.338,3,-3.0366,COD
9161,CA-2019-118934,09-08-2019,14-08-2019,Standard Class,GH-14410,Gary Hansen,Home Office,United States,Hendersonville,Tennessee,South,OFF-BI-10004465,Office Supplies,Binders,Avery Durable Slant Ring Binders,11.88,5,-7.92,COD
8306,CA-2019-128671,11-08-2019,16-08-2019,Standard Class,MT-18070,Michelle Tran,Home Office,United States,Tulsa,Oklahoma,Central,OFF-PA-10001870,Office Supplies,Paper,Xerox 202,32.4,5,15.552,Cards
8307,CA-2019-128671,11-08-2019,16-08-2019,Standard Class,MT-18070,Michelle Tran,Home Office,United States,Tulsa,Oklahoma,Central,OFF-BI-10003305,Office Supplies,Binders,Avery Hanging File Binders,41.86,7,19.2556,COD
8308,CA-2019-128671,11-08-2019,16-08-2019,Standard Class,MT-18070,Michelle Tran,Home Office,United States,Tulsa,Oklahoma,Central,OFF-BI-10003007,Office Supplies,Binders,"Premium Transparent Presentation Covers, No Pattern/Clear, 8 1/2"" x 11""",77.56,2,35.6776,Online
1087,CA-2019-167584,12-08-2019,12-08-2019,Same Day,LC-16870,Lena Cacioppo,Consumer,United States,Des Moines,Iowa,Central,OFF-PA-10000029,Office Supplies,Paper,Xerox 224,6.48,1,3.1104,Cards
4646,CA-2019-143910,12-08-2019,16-08-2019,Standard Class,BC-11125,Becky Castell,Home Office,United States,New York City,New York,East,FUR-CH-10000225,Furniture,Chairs,"Global Geo Office Task Chair, Gray",145.764,2,-8.098,Cards
9717,US-2019-144477,12-08-2019,14-08-2019,Second Class,DB-13270,Deborah Brumfield,Home Office,United States,Philadelphia,Pennsylvania,East,OFF-AR-10000914,Office Supplies,Art,Boston 16765 Mini Stand Up Battery Pencil Sharpener,37.312,4,2.7984,Cards
1747,CA-2019-155670,13-08-2019,17-08-2019,Second Class,EM-14065,Erin Mull,Consumer,United States,Jacksonville,North Carolina,South,OFF-BI-10000138,Office Supplies,Binders,Acco Translucent Poly Ring Binders,11.232,8,-8.2368,COD
1748,CA-2019-155670,13-08-2019,17-08-2019,Second Class,EM-14065,Erin Mull,Consumer,United States,Jacksonville,North Carolina,South,OFF-PA-10004947,Office Supplies,Paper,Easy-staple paper,10.272,3,3.21,Cards
3763,CA-2019-156251,13-08-2019,18-08-2019,Second Class,TS-21160,Theresa Swint,Corporate,United States,West Allis,Wisconsin,Central,FUR-BO-10001337,Furniture,Bookcases,O'Sullivan Living Dimensions 2-Shelf Bookcases,241.96,2,24.196,Online
3764,CA-2019-156251,13-08-2019,18-08-2019,Second Class,TS-21160,Theresa Swint,Corporate,United States,West Allis,Wisconsin,Central,OFF-BI-10003529,Office Supplies,Binders,Avery Round Ring Poly Binders,8.52,3,4.1748,Online
6021,US-2019-156692,13-08-2019,13-08-2019,Same Day,HG-15025,Hunter Glantz,Consumer,United States,Kenner,Louisiana,South,OFF-AP-10002222,Office Supplies,Appliances,Staple holder,17.34,2,4.6818,COD
6022,US-2019-156692,13-08-2019,13-08-2019,Same Day,HG-15025,Hunter Glantz,Consumer,United States,Kenner,Louisiana,South,TEC-AC-10000158,Technology,Accessories,Sony 64GB Class 10 Micro SDHC R40 Memory Card,71.98,2,15.1158,Cards
7925,CA-2019-125843,13-08-2019,16-08-2019,First Class,RF-19840,Roy Französisch,Consumer,United States,Springfield,Virginia,South,OFF-BI-10002309,Office Supplies,Binders,Avery Heavy-Duty EZD  Binder With Locking Rings,22.32,4,10.7136,Cards
5380,CA-2019-136021,14-08-2019,18-08-2019,Standard Class,JM-15580,Jill Matthias,Consumer,United States,Los Angeles,California,West,OFF-PA-10000551,Office Supplies,Paper,Array Memo Cubes,15.54,3,7.6146,Online
5381,CA-2019-136021,14-08-2019,18-08-2019,Standard Class,JM-15580,Jill Matthias,Consumer,United States,Los Angeles,California,West,TEC-MA-10000423,Technology,Machines,Texas Instruments TI-34 Scientific Calculator,105.552,6,35.6238,COD
7049,CA-2019-119515,14-08-2019,16-08-2019,First Class,TR-21325,Toby Ritter,Consumer,United States,Nashville,Tennessee,South,OFF-PA-10000552,Office Supplies,Paper,Xerox 200,15.552,3,5.4432,COD
8693,CA-2019-136770,14-08-2019,18-08-2019,Standard Class,SP-20650,Stephanie Phelps,Corporate,United States,Akron,Ohio,East,TEC-AC-10000420,Technology,Accessories,Logitech G500s Laser Gaming Mouse with Adjustable Weight Tuning,279.96,5,48.993,Online
637,US-2019-123470,15-08-2019,21-08-2019,Standard Class,ME-17725,Max Engle,Consumer,United States,Aurora,Colorado,West,OFF-BI-10001989,Office Supplies,Binders,Premium Transparent Presentation Covers by GBC,18.882,3,-13.8468,COD
638,US-2019-123470,15-08-2019,21-08-2019,Standard Class,ME-17725,Max Engle,Consumer,United States,Aurora,Colorado,West,OFF-AP-10003287,Office Supplies,Appliances,Tripp Lite TLP810NET Broadband Surge for Modem/Fax,122.328,3,12.2328,Cards
1088,CA-2019-166163,15-08-2019,20-08-2019,Second Class,CY-12745,Craig Yedwab,Corporate,United States,Oakland,California,West,TEC-PH-10004896,Technology,Phones,Nokia Lumia 521 (T-Mobile),71.976,3,7.1976,Cards
1089,CA-2019-166163,15-08-2019,20-08-2019,Second Class,CY-12745,Craig Yedwab,Corporate,United States,Oakland,California,West,OFF-LA-10000452,Office Supplies,Labels,Avery 488,3.15,1,1.512,Online
2858,CA-2019-154690,15-08-2019,17-08-2019,Second Class,CC-12370,Christopher Conant,Consumer,United States,Fayetteville,North Carolina,South,FUR-CH-10000988,Furniture,Chairs,Hon Olson Stacker Stools,225.296,2,22.5296,COD
8895,CA-2019-167241,15-08-2019,22-08-2019,Standard Class,BD-11320,Bill Donatelli,Consumer,United States,Los Angeles,California,West,FUR-FU-10004071,Furniture,Furnishings,Luxo Professional Magnifying Clamp-On Fluorescent Lamps,312.03,3,43.6842,COD
8896,CA-2019-167241,15-08-2019,22-08-2019,Standard Class,BD-11320,Bill Donatelli,Consumer,United States,Los Angeles,California,West,OFF-ST-10001505,Office Supplies,Storage,"Perma STOR-ALL Hanging File Box, 13 1/8""W x 12 1/4""D x 10 1/2""H",17.94,3,3.0498,Cards
8897,CA-2019-167241,15-08-2019,22-08-2019,Standard Class,BD-11320,Bill Donatelli,Consumer,United States,Los Angeles,California,West,TEC-PH-10004614,Technology,Phones,AT&T 841000 Phone,165.6,3,10.35,Online
8898,CA-2019-167241,15-08-2019,22-08-2019,Standard Class,BD-11320,Bill Donatelli,Consumer,United States,Los Angeles,California,West,OFF-PA-10004911,Office Supplies,Paper,"Rediform S.O.S. 1-Up Phone Message Bk, 4-1/4x3-1/16 Bk, 1 Form/Pg, 40 Messages/Bk, 3/Pk",37.52,4,18.0096,COD
2659,CA-2019-150343,16-08-2019,20-08-2019,Standard Class,PK-19075,Pete Kriz,Consumer,United States,San Francisco,California,West,OFF-EN-10004030,Office Supplies,Envelopes,Convenience Packs of Business Envelopes,10.86,3,5.1042,Cards
6134,CA-2019-148096,16-08-2019,19-08-2019,First Class,AO-10810,Anthony O'Donnell,Corporate,United States,Los Angeles,California,West,FUR-TA-10004152,Furniture,Tables,"Barricks 18"" x 48"" Non-Folding Utility Table with Bottom Storage Shelf",161.28,2,12.096,Online
7889,CA-2019-113117,16-08-2019,22-08-2019,Standard Class,JP-15520,Jeremy Pistek,Consumer,United States,Davis,California,West,OFF-PA-10000019,Office Supplies,Paper,Xerox 1931,32.4,5,15.552,Online
3350,US-2019-157308,17-08-2019,21-08-2019,Standard Class,NM-18520,Neoma Murray,Consumer,United States,Seattle,Washington,West,OFF-BI-10003712,Office Supplies,Binders,"Acco Pressboard Covers with Storage Hooks, 14 7/8"" x 11"", Light Blue",15.712,4,5.6956,COD
2956,CA-2019-153353,18-08-2019,24-08-2019,Standard Class,GG-14650,Greg Guthrie,Corporate,United States,New York City,New York,East,TEC-PH-10000439,Technology,Phones,GE DSL Phone Line Filter,39.99,1,11.5971,COD
6056,CA-2019-113551,18-08-2019,20-08-2019,First Class,NF-18385,Natalie Fritzler,Consumer,United States,Edinburg,Texas,Central,OFF-BI-10001617,Office Supplies,Binders,GBC Wire Binding Combs,2.068,1,-3.4122,Cards
6057,CA-2019-113551,18-08-2019,20-08-2019,First Class,NF-18385,Natalie Fritzler,Consumer,United States,Edinburg,Texas,Central,OFF-PA-10004665,Office Supplies,Paper,Advantus Motivational Note Cards,83.84,8,30.392,Online
9125,CA-2019-128916,18-08-2019,20-08-2019,Second Class,MA-17560,Matt Abelman,Home Office,United States,Houston,Texas,Central,FUR-FU-10001940,Furniture,Furnishings,Staple-based wall hangings,9.552,3,-3.8208,Online
9126,CA-2019-128916,18-08-2019,20-08-2019,Second Class,MA-17560,Matt Abelman,Home Office,United States,Houston,Texas,Central,FUR-FU-10000320,Furniture,Furnishings,OIC Stacking Trays,5.344,4,-2.1376,Online
7098,CA-2019-101980,19-08-2019,20-08-2019,First Class,RP-19390,Resi Pölking,Consumer,United States,New York City,New York,East,OFF-BI-10003429,Office Supplies,Binders,"Cardinal HOLDit! Binder Insert Strips,Extra Strips",25.32,5,9.1785,Online
1902,CA-2019-151141,20-08-2019,23-08-2019,First Class,DW-13480,Dianna Wilson,Home Office,United States,Detroit,Michigan,Central,TEC-PH-10004924,Technology,Phones,"SKILCRAFT Telephone Shoulder Rest, 2"" x 6.5"" x 2.5"", Black",14.78,2,3.9906,COD
5312,CA-2019-123414,21-08-2019,27-08-2019,Standard Class,SU-20665,Stephanie Ulpright,Home Office,United States,Greenville,North Carolina,South,OFF-LA-10004559,Office Supplies,Labels,Avery 49,9.216,4,3.3408,Online
5313,CA-2019-123414,21-08-2019,27-08-2019,Standard Class,SU-20665,Stephanie Ulpright,Home Office,United States,Greenville,North Carolina,South,OFF-SU-10002573,Office Supplies,Supplies,"Acme 10"" Easy Grip Assistive Scissors",28.048,2,3.506,Cards
6865,US-2019-126452,21-08-2019,28-08-2019,Standard Class,SC-20230,Scot Coram,Corporate,United States,Los Angeles,California,West,OFF-BI-10004465,Office Supplies,Binders,Avery Durable Slant Ring Binders,12.672,2,4.752,Cards
6866,US-2019-126452,21-08-2019,28-08-2019,Standard Class,SC-20230,Scot Coram,Corporate,United States,Los Angeles,California,West,TEC-PH-10003555,Technology,Phones,Motorola HK250 Universal Bluetooth Headset,91.96,5,-20.691,Cards
6868,US-2019-126452,21-08-2019,28-08-2019,Standard Class,SC-20230,Scot Coram,Corporate,United States,Los Angeles,California,West,TEC-PH-10003187,Technology,Phones,Anker Astro Mini 3000mAh Ultra-Compact Portable Charger,31.984,2,-7.996,Cards
6870,US-2019-126452,21-08-2019,28-08-2019,Standard Class,SC-20230,Scot Coram,Corporate,United States,Los Angeles,California,West,OFF-PA-10003848,Office Supplies,Paper,Xerox 1997,12.96,2,6.2208,Cards
6871,US-2019-126452,21-08-2019,28-08-2019,Standard Class,SC-20230,Scot Coram,Corporate,United States,Los Angeles,California,West,OFF-PA-10002606,Office Supplies,Paper,Xerox 1928,47.52,9,21.384,COD
655,CA-2019-137239,22-08-2019,28-08-2019,Standard Class,CR-12730,Craig Reiter,Consumer,United States,Columbus,Ohio,East,OFF-AP-10002439,Office Supplies,Appliances,Tripp Lite Isotel 8 Ultra 8 Outlet Metal Surge,113.552,2,8.5164,Online
656,CA-2019-137239,22-08-2019,28-08-2019,Standard Class,CR-12730,Craig Reiter,Consumer,United States,Columbus,Ohio,East,OFF-BI-10002827,Office Supplies,Binders,Avery Durable Poly Binders,3.318,2,-2.6544,Cards
657,CA-2019-137239,22-08-2019,28-08-2019,Standard Class,CR-12730,Craig Reiter,Consumer,United States,Columbus,Ohio,East,OFF-EN-10002230,Office Supplies,Envelopes,Airmail Envelopes,134.288,2,45.3222,Online
4107,US-2019-148334,22-08-2019,26-08-2019,Standard Class,DD-13570,Dorothy Dickinson,Consumer,United States,Houston,Texas,Central,OFF-BI-10003676,Office Supplies,Binders,"GBC Standard Recycled Report Covers, Clear Plastic Sheets",4.312,2,-6.8992,Online
4900,CA-2019-130484,22-08-2019,27-08-2019,Standard Class,SG-20470,Sheri Gordon,Consumer,United States,Gresham,Oregon,West,OFF-BI-10000088,Office Supplies,Binders,GBC Imprintable Covers,26.352,8,-18.4464,Cards
7736,US-2019-106313,22-08-2019,26-08-2019,Standard Class,DG-13300,Deirdre Greer,Corporate,United States,Seattle,Washington,West,OFF-PA-10001870,Office Supplies,Paper,Xerox 202,19.44,3,9.3312,COD
9023,US-2019-141880,22-08-2019,23-08-2019,First Class,TC-21475,Tony Chapman,Home Office,United States,Fort Collins,Colorado,West,FUR-FU-10001979,Furniture,Furnishings,Dana Halogen Swing-Arm Architect Lamp,98.328,3,9.8328,COD
9617,CA-2019-140256,22-08-2019,29-08-2019,Standard Class,PW-19030,Pauline Webber,Corporate,United States,Los Angeles,California,West,OFF-AR-10002255,Office Supplies,Art,Newell 346,5.76,2,1.6704,COD
3018,US-2019-160528,23-08-2019,30-08-2019,Standard Class,MH-18115,Mick Hernandez,Home Office,United States,Pharr,Texas,Central,FUR-FU-10004973,Furniture,Furnishings,Flat Face Poster Frame,22.608,3,-10.1736,COD
3115,CA-2019-150350,23-08-2019,30-08-2019,Standard Class,MS-17770,Maxwell Schwartz,Consumer,United States,Seattle,Washington,West,OFF-PA-10002160,Office Supplies,Paper,Xerox 1978,34.68,6,16.9932,Online
3117,CA-2019-150350,23-08-2019,30-08-2019,Standard Class,MS-17770,Maxwell Schwartz,Consumer,United States,Seattle,Washington,West,OFF-AP-10001492,Office Supplies,Appliances,"Acco Six-Outlet Power Strip, 4' Cord Length",43.1,5,11.206,Online
3118,CA-2019-150350,23-08-2019,30-08-2019,Standard Class,MS-17770,Maxwell Schwartz,Consumer,United States,Seattle,Washington,West,OFF-SU-10002189,Office Supplies,Supplies,Acme Rosewood Handle Letter Opener,15.88,4,0.1588,COD
5615,CA-2019-158001,23-08-2019,27-08-2019,Standard Class,JP-15460,Jennifer Patt,Corporate,United States,New York City,New York,East,OFF-AR-10002399,Office Supplies,Art,"Dixon Prang Watercolor Pencils, 10-Color Set with Brush",21.3,5,8.733,Online
5617,CA-2019-158001,23-08-2019,27-08-2019,Standard Class,JP-15460,Jennifer Patt,Corporate,United States,New York City,New York,East,OFF-AR-10001954,Office Supplies,Art,Newell 331,29.34,6,7.9218,COD
7988,US-2019-117793,23-08-2019,29-08-2019,Standard Class,MA-17560,Matt Abelman,Home Office,United States,Sheboygan,Wisconsin,Central,OFF-LA-10002945,Office Supplies,Labels,"Permanent Self-Adhesive File Folder Labels for Typewriters, 1 1/8 x 3 1/2, White",25.2,4,11.592,COD
7989,US-2019-117793,23-08-2019,29-08-2019,Standard Class,MA-17560,Matt Abelman,Home Office,United States,Sheboygan,Wisconsin,Central,OFF-LA-10003537,Office Supplies,Labels,Avery 515,37.59,3,17.6673,COD
7990,US-2019-117793,23-08-2019,29-08-2019,Standard Class,MA-17560,Matt Abelman,Home Office,United States,Sheboygan,Wisconsin,Central,OFF-ST-10002406,Office Supplies,Storage,Pizazz Global Quick File,14.97,1,4.1916,COD
7991,US-2019-117793,23-08-2019,29-08-2019,Standard Class,MA-17560,Matt Abelman,Home Office,United States,Sheboygan,Wisconsin,Central,TEC-AC-10003433,Technology,Accessories,Maxell 4.7GB DVD+R 5/Pack,1.98,2,0.891,COD
993,CA-2019-105585,26-08-2019,27-08-2019,First Class,RF-19735,Roland Fjeld,Consumer,United States,San Jose,California,West,OFF-FA-10002983,Office Supplies,Fasteners,Advantus SlideClip Paper Clips,10.23,3,4.9104,Online
1463,CA-2019-152289,26-08-2019,28-08-2019,First Class,LC-16930,Linda Cazamias,Corporate,United States,Pasadena,Texas,Central,TEC-AC-10004571,Technology,Accessories,Logitech G700s Rechargeable Gaming Mouse,159.984,2,43.9956,COD
1870,CA-2019-148201,26-08-2019,29-08-2019,Second Class,CC-12145,Charles Crestani,Consumer,United States,Seattle,Washington,West,OFF-PA-10000019,Office Supplies,Paper,Xerox 1931,6.48,1,3.1104,Online
3932,CA-2019-132094,26-08-2019,02-09-2019,Standard Class,VG-21805,Vivek Grady,Corporate,United States,Philadelphia,Pennsylvania,East,OFF-AR-10004165,Office Supplies,Art,"Binney & Smith inkTank Erasable Pocket Highlighter, Chisel Tip, Yellow",5.472,3,1.6416,Online
3933,CA-2019-132094,26-08-2019,02-09-2019,Standard Class,VG-21805,Vivek Grady,Corporate,United States,Philadelphia,Pennsylvania,East,TEC-AC-10001109,Technology,Accessories,Logitech Trackman Marble Mouse,47.984,2,13.1956,Online
4584,US-2019-100405,26-08-2019,28-08-2019,Second Class,TS-21430,Tom Stivers,Corporate,United States,Los Angeles,California,West,OFF-AR-10000390,Office Supplies,Art,Newell Chalk Holder,8.26,2,3.7996,Online
5447,US-2019-127425,26-08-2019,31-08-2019,Standard Class,DR-12880,Dan Reichenbach,Corporate,United States,New York City,New York,East,TEC-PH-10003442,Technology,Phones,Samsung Replacement EH64AVFWE Premium Headset,33.0,6,8.25,Online
6695,US-2019-163538,26-08-2019,30-08-2019,Standard Class,SS-20515,Shirley Schmidt,Home Office,United States,Franklin,Wisconsin,Central,TEC-AC-10002006,Technology,Accessories,Memorex Micro Travel Drive 16 GB,47.97,3,14.8707,Online
7703,CA-2019-114601,26-08-2019,02-09-2019,Standard Class,AA-10480,Andrew Allen,Consumer,United States,Detroit,Michigan,Central,OFF-PA-10000605,Office Supplies,Paper,Xerox 1950,11.56,2,5.6644,COD
7707,CA-2019-114601,26-08-2019,02-09-2019,Standard Class,AA-10480,Andrew Allen,Consumer,United States,Detroit,Michigan,Central,OFF-AR-10002578,Office Supplies,Art,Newell 335,8.64,3,2.5056,COD
8357,CA-2019-163174,26-08-2019,30-08-2019,Standard Class,XP-21865,Xylona Preis,Consumer,United States,Athens,Georgia,South,FUR-FU-10000308,Furniture,Furnishings,Deflect-o Glass Clear Studded Chair Mats,186.54,3,41.0388,COD
9311,US-2019-102141,26-08-2019,31-08-2019,Standard Class,KD-16615,Ken Dana,Corporate,United States,New York City,New York,East,OFF-BI-10001510,Office Supplies,Binders,Deluxe Heavy-Duty Vinyl Round Ring Binder,146.688,8,45.84,COD
9586,CA-2019-160598,26-08-2019,28-08-2019,First Class,SV-20815,Stuart Van,Corporate,United States,Miami,Florida,South,OFF-PA-10002319,Office Supplies,Paper,Xerox 1944,31.008,1,11.2404,COD
743,US-2019-146710,27-08-2019,01-09-2019,Standard Class,SS-20875,Sung Shariari,Consumer,United States,Dallas,Texas,Central,OFF-SU-10004498,Office Supplies,Supplies,Martin-Yale Premier Letter Opener,51.52,5,-10.948,Online
744,US-2019-146710,27-08-2019,01-09-2019,Standard Class,SS-20875,Sung Shariari,Consumer,United States,Dallas,Texas,Central,OFF-PA-10002615,Office Supplies,Paper,"Ampad Gold Fibre Wirebound Steno Books, 6"" x 9"", Gregg Ruled",3.528,1,1.1466,COD
745,US-2019-146710,27-08-2019,01-09-2019,Standard Class,SS-20875,Sung Shariari,Consumer,United States,Dallas,Texas,Central,OFF-PA-10004971,Office Supplies,Paper,Xerox 196,4.624,1,1.6762,Online
746,US-2019-146710,27-08-2019,01-09-2019,Standard Class,SS-20875,Sung Shariari,Consumer,United States,Dallas,Texas,Central,OFF-SU-10004261,Office Supplies,Supplies,"Fiskars 8"" Scissors, 2/Pack",55.168,4,6.2064,COD
3343,CA-2019-145982,27-08-2019,01-09-2019,Second Class,TB-21055,Ted Butterfield,Consumer,United States,Quincy,Massachusetts,East,FUR-TA-10001307,Furniture,Tables,"SAFCO PlanMaster Heigh-Adjustable Drafting Table Base, 43w x 30d x 30-37h, Black",244.615,1,20.967,Online
3344,CA-2019-145982,27-08-2019,01-09-2019,Second Class,TB-21055,Ted Butterfield,Consumer,United States,Quincy,Massachusetts,East,TEC-PH-10000011,Technology,Phones,PureGear Roll-On Screen Protector,59.97,3,28.7856,Online
3345,CA-2019-145982,27-08-2019,01-09-2019,Second Class,TB-21055,Ted Butterfield,Consumer,United States,Quincy,Massachusetts,East,OFF-PA-10002666,Office Supplies,Paper,Southworth 25% Cotton Linen-Finish Paper & Envelopes,81.54,9,36.693,COD
3346,CA-2019-145982,27-08-2019,01-09-2019,Second Class,TB-21055,Ted Butterfield,Consumer,United States,Quincy,Massachusetts,East,OFF-FA-10000735,Office Supplies,Fasteners,Staples,11.68,4,5.256,Online
3347,CA-2019-145982,27-08-2019,01-09-2019,Second Class,TB-21055,Ted Butterfield,Consumer,United States,Quincy,Massachusetts,East,OFF-BI-10000174,Office Supplies,Binders,"Wilson Jones Clip & Carry Folder Binder Tool for Ring Binders, Clear",29.0,5,13.92,Online
5603,CA-2019-117919,27-08-2019,29-08-2019,Second Class,TB-21355,Todd Boyes,Corporate,United States,Houston,Texas,Central,OFF-ST-10003572,Office Supplies,Storage,Portfile Personal File Boxes,14.16,1,1.062,COD
5604,CA-2019-117919,27-08-2019,29-08-2019,Second Class,TB-21355,Todd Boyes,Corporate,United States,Houston,Texas,Central,OFF-PA-10004353,Office Supplies,Paper,Southworth 25% Cotton Premium Laser Paper and Envelopes,79.92,5,27.972,COD
7252,CA-2019-116764,27-08-2019,02-09-2019,Standard Class,EM-13825,Elizabeth Moffitt,Corporate,United States,Hollywood,Florida,South,OFF-LA-10002473,Office Supplies,Labels,Avery 484,9.216,4,3.3408,COD
2692,US-2019-144211,28-08-2019,02-09-2019,Standard Class,CS-12130,Chad Sievert,Consumer,United States,Englewood,Colorado,West,OFF-PA-10002246,Office Supplies,Paper,"Wirebound Four 2-3/4 x 5 Forms per Page, 400 Sets per Book",15.48,3,5.6115,Online
2693,US-2019-144211,28-08-2019,02-09-2019,Standard Class,CS-12130,Chad Sievert,Consumer,United States,Englewood,Colorado,West,TEC-PH-10002890,Technology,Phones,AT&T 17929 Lendline Telephone,108.576,3,8.1432,COD
4070,CA-2019-145303,28-08-2019,31-08-2019,First Class,TP-21415,Tom Prescott,Consumer,United States,Dallas,Texas,Central,OFF-BI-10000050,Office Supplies,Binders,"Angle-D Binders with Locking Rings, Label Holders",13.14,9,-21.681,Online
4071,CA-2019-145303,28-08-2019,31-08-2019,First Class,TP-21415,Tom Prescott,Consumer,United States,Dallas,Texas,Central,OFF-BI-10002414,Office Supplies,Binders,GBC ProClick Spines for 32-Hole Punch,10.024,4,-16.5396,Online
8426,CA-2019-137652,28-08-2019,30-08-2019,First Class,EB-13750,Edward Becker,Corporate,United States,Cincinnati,Ohio,East,OFF-BI-10004099,Office Supplies,Binders,GBC VeloBinder Strips,18.432,8,-12.288,COD
100,CA-2019-158568,29-08-2019,02-09-2019,Standard Class,RB-19465,Rick Bensley,Home Office,United States,Chicago,Illinois,Central,OFF-PA-10003256,Office Supplies,Paper,Avery Personal Creations Heavyweight Cards,64.624,7,22.6184,COD
101,CA-2019-158568,29-08-2019,02-09-2019,Standard Class,RB-19465,Rick Bensley,Home Office,United States,Chicago,Illinois,Central,TEC-AC-10001767,Technology,Accessories,SanDisk Ultra 64 GB MicroSDHC Class 10 Memory Card,95.976,3,-10.7973,COD
102,CA-2019-158568,29-08-2019,02-09-2019,Standard Class,RB-19465,Rick Bensley,Home Office,United States,Chicago,Illinois,Central,OFF-BI-10002609,Office Supplies,Binders,Avery Hidden Tab Dividers for Binding Systems,1.788,3,-3.0396,Cards
1176,CA-2019-161207,29-08-2019,03-09-2019,Standard Class,AB-10060,Adam Bellavance,Home Office,United States,Concord,New Hampshire,East,OFF-SU-10000381,Office Supplies,Supplies,Acme Forged Steel Scissors with Black Enamel Handles,27.93,3,8.0997,Cards
1242,CA-2019-128727,29-08-2019,04-09-2019,Standard Class,MO-17800,Meg O'Connel,Home Office,United States,New York City,New York,East,TEC-PH-10003442,Technology,Phones,Samsung Replacement EH64AVFWE Premium Headset,22.0,4,5.5,Online
4686,CA-2019-159912,29-08-2019,03-09-2019,Standard Class,GB-14530,George Bell,Corporate,United States,Philadelphia,Pennsylvania,East,OFF-BI-10002071,Office Supplies,Binders,Fellowes Black Plastic Comb Bindings,3.486,2,-2.7888,Online
4687,CA-2019-159912,29-08-2019,03-09-2019,Standard Class,GB-14530,George Bell,Corporate,United States,Philadelphia,Pennsylvania,East,OFF-FA-10000053,Office Supplies,Fasteners,Revere Boxed Rubber Bands by Revere,10.584,7,-2.3814,Online
328,US-2019-141544,30-08-2019,01-09-2019,First Class,PO-18850,Patrick O'Brill,Consumer,United States,Philadelphia,Pennsylvania,East,OFF-ST-10000675,Office Supplies,Storage,"File Shuttle II and Handi-File, Black",54.224,2,3.389,Cards
331,US-2019-141544,30-08-2019,01-09-2019,First Class,PO-18850,Patrick O'Brill,Consumer,United States,Philadelphia,Pennsylvania,East,OFF-BI-10001524,Office Supplies,Binders,GBC Premium Transparent Covers with Diagonal Lined Pattern,37.764,6,-27.6936,Online
6337,CA-2019-165995,30-08-2019,06-09-2019,Standard Class,BG-11740,Bruce Geld,Consumer,United States,Los Angeles,California,West,FUR-FU-10000672,Furniture,Furnishings,"Executive Impressions 10"" Spectator Wall Clock",47.04,4,15.9936,Online
6338,CA-2019-165995,30-08-2019,06-09-2019,Standard Class,BG-11740,Bruce Geld,Consumer,United States,Los Angeles,California,West,TEC-PH-10004908,Technology,Phones,Panasonic KX TS3282W Corded phone,339.96,5,42.495,Online
5774,CA-2019-117408,31-08-2019,06-09-2019,Standard Class,TP-21130,Theone Pippenger,Consumer,United States,Waco,Texas,Central,OFF-ST-10001580,Office Supplies,Storage,Super Decoflex Portable Personal File,23.968,2,2.3968,Cards
350,CA-2019-129714,01-09-2019,03-09-2019,First Class,AB-10060,Adam Bellavance,Home Office,United States,New York City,New York,East,TEC-AC-10000290,Technology,Accessories,Sabrent 4-Port USB 2.0 Hub,6.79,1,2.3086,Cards
351,CA-2019-129714,01-09-2019,03-09-2019,First Class,AB-10060,Adam Bellavance,Home Office,United States,New York City,New York,East,OFF-PA-10001970,Office Supplies,Paper,Xerox 1881,24.56,2,11.5432,Online
352,CA-2019-129714,01-09-2019,03-09-2019,First Class,AB-10060,Adam Bellavance,Home Office,United States,New York City,New York,East,OFF-BI-10002160,Office Supplies,Binders,Acco Hanging Data Binders,3.048,1,1.0668,Cards
353,CA-2019-129714,01-09-2019,03-09-2019,First Class,AB-10060,Adam Bellavance,Home Office,United States,New York City,New York,East,OFF-PA-10001970,Office Supplies,Paper,Xerox 1881,49.12,4,23.0864,COD
963,CA-2019-120859,01-09-2019,04-09-2019,First Class,CV-12805,Cynthia Voltz,Corporate,United States,San Francisco,California,West,OFF-EN-10001335,Office Supplies,Envelopes,"White Business Envelopes with Contemporary Seam, Recycled White Business Envelopes",21.88,2,10.94,Online
2143,CA-2019-155481,01-09-2019,05-09-2019,Standard Class,DK-13225,Dean Katz,Corporate,United States,Philadelphia,Pennsylvania,East,OFF-PA-10004675,Office Supplies,Paper,"Telephone Message Books with Fax/Mobile Section, 5 1/2"" x 3 3/16""",30.48,6,9.906,Online
2144,CA-2019-155481,01-09-2019,05-09-2019,Standard Class,DK-13225,Dean Katz,Corporate,United States,Philadelphia,Pennsylvania,East,TEC-PH-10002293,Technology,Phones,Anker 36W 4-Port USB Wall Charger Travel Power Adapter for iPhone 5s 5c 5,23.988,2,-4.7976,Cards
2145,CA-2019-155481,01-09-2019,05-09-2019,Standard Class,DK-13225,Dean Katz,Corporate,United States,Philadelphia,Pennsylvania,East,OFF-FA-10002780,Office Supplies,Fasteners,Staples,16.688,7,5.4236,COD
6078,CA-2019-151561,01-09-2019,07-09-2019,Standard Class,PG-18820,Patrick Gardner,Consumer,United States,New York City,New York,East,TEC-AC-10003399,Technology,Accessories,Memorex Mini Travel Drive 64 GB USB 2.0 Flash Drive,72.48,2,30.4416,Cards
6079,CA-2019-151561,01-09-2019,07-09-2019,Standard Class,PG-18820,Patrick Gardner,Consumer,United States,New York City,New York,East,OFF-SU-10001574,Office Supplies,Supplies,Acme Value Line Scissors,10.95,3,3.285,Online
6983,CA-2019-116526,01-09-2019,05-09-2019,Standard Class,JA-15970,Joseph Airdo,Consumer,United States,Detroit,Michigan,Central,OFF-BI-10004728,Office Supplies,Binders,Wilson Jones Turn Tabs Binder Tool for Ring Binders,24.1,5,11.086,COD
6984,CA-2019-116526,01-09-2019,05-09-2019,Standard Class,JA-15970,Joseph Airdo,Consumer,United States,Detroit,Michigan,Central,TEC-PH-10002365,Technology,Phones,Belkin Grip Candy Sheer Case / Cover for iPhone 5 and 5S,8.78,1,2.2828,COD
6986,CA-2019-116526,01-09-2019,05-09-2019,Standard Class,JA-15970,Joseph Airdo,Consumer,United States,Detroit,Michigan,Central,OFF-BI-10000320,Office Supplies,Binders,GBC Plastic Binding Combs,29.52,4,14.4648,Online
6987,CA-2019-116526,01-09-2019,05-09-2019,Standard Class,JA-15970,Joseph Airdo,Consumer,United States,Detroit,Michigan,Central,OFF-AR-10004999,Office Supplies,Art,Newell 315,11.96,2,2.99,COD
6988,CA-2019-116526,01-09-2019,05-09-2019,Standard Class,JA-15970,Joseph Airdo,Consumer,United States,Detroit,Michigan,Central,OFF-BI-10001116,Office Supplies,Binders,"Wilson Jones 1"" Hanging DublLock Ring Binders",26.4,5,12.672,Online
7482,CA-2019-124583,01-09-2019,03-09-2019,Second Class,LB-16795,Laurel Beltran,Home Office,United States,Huntington Beach,California,West,OFF-EN-10002500,Office Supplies,Envelopes,Globe Weis Peel & Seel First Class Envelopes,12.78,1,5.751,Online
1408,CA-2019-130407,02-09-2019,06-09-2019,Standard Class,KD-16270,Karen Daniels,Consumer,United States,New York City,New York,East,OFF-AR-10002240,Office Supplies,Art,Panasonic KP-150 Electric Pencil Sharpener,75.48,2,19.6248,Online
1409,CA-2019-130407,02-09-2019,06-09-2019,Standard Class,KD-16270,Karen Daniels,Consumer,United States,New York City,New York,East,FUR-FU-10001967,Furniture,Furnishings,Telescoping Adjustable Floor Lamp,39.98,2,9.995,COD
3416,CA-2019-116540,02-09-2019,02-09-2019,Same Day,SS-20590,Sonia Sunley,Consumer,United States,Madison,Wisconsin,Central,OFF-FA-10002676,Office Supplies,Fasteners,Colored Push Pins,1.81,1,0.6516,Online
3417,CA-2019-116540,02-09-2019,02-09-2019,Same Day,SS-20590,Sonia Sunley,Consumer,United States,Madison,Wisconsin,Central,OFF-BI-10004970,Office Supplies,Binders,"ACCOHIDE 3-Ring Binder, Blue, 1""",8.26,2,3.8822,Cards
5429,CA-2019-113096,02-09-2019,04-09-2019,First Class,SZ-20035,Sam Zeldin,Home Office,United States,San Francisco,California,West,OFF-ST-10003455,Office Supplies,Storage,"Tenex File Box, Personal Filing Tote with Lid, Black",46.53,3,12.0978,Cards
6763,CA-2019-144764,02-09-2019,08-09-2019,Standard Class,RL-19615,Rob Lucas,Consumer,United States,Chicago,Illinois,Central,OFF-LA-10000240,Office Supplies,Labels,Self-Adhesive Address Labels for Typewriters by Universal,29.24,5,9.8685,COD
6764,CA-2019-144764,02-09-2019,08-09-2019,Standard Class,RL-19615,Rob Lucas,Consumer,United States,Chicago,Illinois,Central,OFF-ST-10002485,Office Supplies,Storage,Rogers Deluxe File Chest,35.168,2,-8.3524,COD
7078,CA-2019-106950,02-09-2019,06-09-2019,Standard Class,JE-15715,Joe Elijah,Consumer,United States,Charlotte,North Carolina,South,OFF-BI-10000014,Office Supplies,Binders,Heavy-Duty E-Z-D Binders,22.911,7,-17.5651,Online
7079,CA-2019-106950,02-09-2019,06-09-2019,Standard Class,JE-15715,Joe Elijah,Consumer,United States,Charlotte,North Carolina,South,OFF-AP-10000159,Office Supplies,Appliances,Belkin F9M820V08 8 Outlet Surge,309.456,9,34.8138,COD
7080,CA-2019-106950,02-09-2019,06-09-2019,Standard Class,JE-15715,Joe Elijah,Consumer,United States,Charlotte,North Carolina,South,OFF-AR-10003560,Office Supplies,Art,Zebra Zazzle Fluorescent Highlighters,19.456,4,3.4048,COD
7083,CA-2019-106950,02-09-2019,06-09-2019,Standard Class,JE-15715,Joe Elijah,Consumer,United States,Charlotte,North Carolina,South,OFF-BI-10003166,Office Supplies,Binders,GBC Plasticlear Binding Covers,17.22,5,-12.628,Cards
8679,CA-2019-112739,02-09-2019,07-09-2019,Second Class,RD-19810,Ross DeVincentis,Home Office,United States,Houston,Texas,Central,OFF-BI-10001132,Office Supplies,Binders,"Acco PRESSTEX Data Binder with Storage Hooks, Dark Blue, 9 1/2"" X 11""",8.608,8,-13.3424,Cards
8680,CA-2019-112739,02-09-2019,07-09-2019,Second Class,RD-19810,Ross DeVincentis,Home Office,United States,Houston,Texas,Central,TEC-AC-10001714,Technology,Accessories,Logitech MX Performance Wireless Mouse,159.56,5,33.9065,COD
9069,CA-2019-106278,02-09-2019,05-09-2019,Second Class,BM-11140,Becky Martin,Consumer,United States,Des Moines,Washington,West,FUR-CH-10003061,Furniture,Chairs,"Global Leather Task Chair, Black",215.976,3,-2.6997,COD
9070,CA-2019-106278,02-09-2019,05-09-2019,Second Class,BM-11140,Becky Martin,Consumer,United States,Des Moines,Washington,West,OFF-EN-10003567,Office Supplies,Envelopes,"Inter-Office Recycled Envelopes, Brown Kraft, Button-String,10"" x 13"" , 100/Box",65.94,3,30.9918,Cards
9233,CA-2019-126732,02-09-2019,06-09-2019,Standard Class,LR-16915,Lena Radford,Consumer,United States,Los Angeles,California,West,FUR-FU-10001889,Furniture,Furnishings,Ultra Door Pull Handle,94.68,9,31.2444,COD
9234,CA-2019-126732,02-09-2019,06-09-2019,Standard Class,LR-16915,Lena Radford,Consumer,United States,Los Angeles,California,West,OFF-ST-10000321,Office Supplies,Storage,Akro Stacking Bins,23.67,3,0.9468,Online
9236,CA-2019-126732,02-09-2019,06-09-2019,Standard Class,LR-16915,Lena Radford,Consumer,United States,Los Angeles,California,West,OFF-AR-10004752,Office Supplies,Art,Blackstonian Pencils,18.69,7,5.2332,Cards
9238,CA-2019-126732,02-09-2019,06-09-2019,Standard Class,LR-16915,Lena Radford,Consumer,United States,Los Angeles,California,West,OFF-BI-10001553,Office Supplies,Binders,SpineVue Locking Slant-D Ring Binders by Cardinal,7.312,1,2.5592,COD
2160,CA-2019-159737,03-09-2019,09-09-2019,Standard Class,CS-11950,Carlos Soltero,Consumer,United States,Chicago,Illinois,Central,OFF-BI-10004236,Office Supplies,Binders,"XtraLife ClearVue Slant-D Ring Binder, White, 3""",8.808,3,-14.9736,Online
2283,CA-2019-132143,03-09-2019,05-09-2019,First Class,FM-14215,Filia McAdams,Corporate,United States,Middletown,Connecticut,East,OFF-PA-10002713,Office Supplies,Paper,"Adams Phone Message Book, 200 Message Capacity, 8 1/16” x 11”",48.16,7,22.1536,Online
2772,CA-2019-163986,03-09-2019,10-09-2019,Standard Class,JJ-15445,Jennifer Jackson,Consumer,United States,Waukesha,Wisconsin,Central,OFF-ST-10000918,Office Supplies,Storage,Crate-A-Files,54.5,5,14.17,Online
5354,US-2019-101616,03-09-2019,06-09-2019,First Class,CY-12745,Craig Yedwab,Corporate,United States,Monroe,Louisiana,South,OFF-BI-10000014,Office Supplies,Binders,Heavy-Duty E-Z-D Binders,87.28,8,41.0216,Online
6779,US-2019-147711,03-09-2019,08-09-2019,Second Class,HF-14995,Herbert Flentye,Consumer,United States,Baltimore,Maryland,East,FUR-BO-10003159,Furniture,Bookcases,"Sauder Camden County Collection Libraries, Planked Cherry Finish",344.94,3,31.0446,Online
6780,US-2019-147711,03-09-2019,08-09-2019,Second Class,HF-14995,Herbert Flentye,Consumer,United States,Baltimore,Maryland,East,FUR-FU-10002364,Furniture,Furnishings,"Eldon Expressions Wood Desk Accessories, Oak",14.76,2,4.2804,Cards
6781,US-2019-147711,03-09-2019,08-09-2019,Second Class,HF-14995,Herbert Flentye,Consumer,United States,Baltimore,Maryland,East,OFF-BI-10003350,Office Supplies,Binders,Acco Expandable Hanging Binders,12.76,2,5.8696,Online
6782,US-2019-147711,03-09-2019,08-09-2019,Second Class,HF-14995,Herbert Flentye,Consumer,United States,Baltimore,Maryland,East,OFF-LA-10004093,Office Supplies,Labels,Avery 486,58.48,8,27.4856,Online
7563,US-2019-104815,03-09-2019,07-09-2019,Standard Class,RB-19570,Rob Beeghly,Consumer,United States,Chicago,Illinois,Central,FUR-BO-10003894,Furniture,Bookcases,"Safco Value Mate Steel Bookcase, Baked Enamel Finish on Steel, Black",198.744,4,0.0,Online
8660,CA-2019-153185,03-09-2019,08-09-2019,Standard Class,MH-17620,Matt Hagelstein,Corporate,United States,Cincinnati,Ohio,East,OFF-PA-10002246,Office Supplies,Paper,"Wirebound Four 2-3/4 x 5 Forms per Page, 400 Sets per Book",30.96,6,11.223,Cards
3788,CA-2019-169971,04-09-2019,09-09-2019,Standard Class,IL-15100,Ivan Liston,Consumer,United States,Houston,Texas,Central,OFF-AR-10002804,Office Supplies,Art,Faber Castell Col-Erase Pencils,3.912,1,1.0269,Cards
3789,CA-2019-169971,04-09-2019,09-09-2019,Standard Class,IL-15100,Ivan Liston,Consumer,United States,Houston,Texas,Central,OFF-AR-10001044,Office Supplies,Art,"BOSTON Ranger #55 Pencil Sharpener, Black",62.376,3,7.0173,COD
5331,CA-2019-123120,04-09-2019,08-09-2019,Standard Class,CV-12295,Christina VanderZanden,Consumer,United States,New York City,New York,East,FUR-FU-10004748,Furniture,Furnishings,"Howard Miller 16"" Diameter Gallery Wall Clock",63.94,1,24.9366,Cards
5332,CA-2019-123120,04-09-2019,08-09-2019,Standard Class,CV-12295,Christina VanderZanden,Consumer,United States,New York City,New York,East,OFF-BI-10001460,Office Supplies,Binders,Plastic Binding Combs,60.6,5,20.4525,Online
5333,CA-2019-123120,04-09-2019,08-09-2019,Standard Class,CV-12295,Christina VanderZanden,Consumer,United States,New York City,New York,East,OFF-SU-10002503,Office Supplies,Supplies,Acme Preferred Stainless Steel Scissors,22.72,4,6.5888,Online
5807,CA-2019-149783,04-09-2019,07-09-2019,Second Class,DL-13315,Delfina Latchford,Consumer,United States,Knoxville,Tennessee,South,OFF-PA-10002195,Office Supplies,Paper,"RSVP Cards & Envelopes, Blank White, 8-1/2"" X 11"", 24 Cards/25 Envelopes/Set",12.192,3,4.1148,Cards
5808,CA-2019-149783,04-09-2019,07-09-2019,Second Class,DL-13315,Delfina Latchford,Consumer,United States,Knoxville,Tennessee,South,OFF-AP-10001205,Office Supplies,Appliances,Belkin 5 Outlet SurgeMaster Power Centers,87.168,2,8.7168,Online
5809,CA-2019-149783,04-09-2019,07-09-2019,Second Class,DL-13315,Delfina Latchford,Consumer,United States,Knoxville,Tennessee,South,OFF-AR-10002987,Office Supplies,Art,Prismacolor Color Pencil Set,31.744,2,8.3328,Online
6037,CA-2019-131205,04-09-2019,08-09-2019,Standard Class,AA-10645,Anna Andreadi,Consumer,United States,Georgetown,Kentucky,South,FUR-FU-10003347,Furniture,Furnishings,Coloredge Poster Frame,42.6,3,16.614,Online
6039,CA-2019-131205,04-09-2019,08-09-2019,Standard Class,AA-10645,Anna Andreadi,Consumer,United States,Georgetown,Kentucky,South,OFF-ST-10002583,Office Supplies,Storage,Fellowes Neat Ideas Storage Cubes,129.92,4,5.1968,Cards
6040,CA-2019-131205,04-09-2019,08-09-2019,Standard Class,AA-10645,Anna Andreadi,Consumer,United States,Georgetown,Kentucky,South,OFF-AR-10003469,Office Supplies,Art,Nontoxic Chalk,5.28,3,2.5344,Cards
9073,CA-2019-142524,04-09-2019,08-09-2019,Standard Class,MB-18085,Mick Brown,Consumer,United States,Springfield,Missouri,Central,OFF-EN-10003286,Office Supplies,Envelopes,Staple envelope,16.56,2,7.7832,Online
9929,CA-2019-129630,04-09-2019,04-09-2019,Same Day,IM-15055,Ionia McGrath,Consumer,United States,San Francisco,California,West,FUR-FU-10000260,Furniture,Furnishings,"6"" Cubicle Wall Clock, Black",24.27,3,8.7372,Online
141,CA-2019-110366,05-09-2019,07-09-2019,Second Class,JD-15895,Jonathan Doherty,Corporate,United States,Philadelphia,Pennsylvania,East,FUR-FU-10004848,Furniture,Furnishings,"Howard Miller 13-3/4"" Diameter Brushed Chrome Round Wall Clock",82.8,2,10.35,COD
441,CA-2019-115756,05-09-2019,07-09-2019,Second Class,PK-19075,Pete Kriz,Consumer,United States,Detroit,Michigan,Central,FUR-FU-10000246,Furniture,Furnishings,Aluminum Document Frame,12.22,1,3.666,Online
442,CA-2019-115756,05-09-2019,07-09-2019,Second Class,PK-19075,Pete Kriz,Consumer,United States,Detroit,Michigan,Central,OFF-ST-10000060,Office Supplies,Storage,Fellowes Bankers Box Staxonsteel Drawer File/Stacking System,194.94,3,23.3928,Online
443,CA-2019-115756,05-09-2019,07-09-2019,Second Class,PK-19075,Pete Kriz,Consumer,United States,Detroit,Michigan,Central,OFF-ST-10003058,Office Supplies,Storage,Eldon Mobile Mega Data Cart  Mega Stackable  Add-On Trays,70.95,3,20.5755,COD
444,CA-2019-115756,05-09-2019,07-09-2019,Second Class,PK-19075,Pete Kriz,Consumer,United States,Detroit,Michigan,Central,OFF-PA-10002222,Office Supplies,Paper,"Xerox Color Copier Paper, 11"" x 17"", Ream",91.36,4,42.0256,Online
445,CA-2019-115756,05-09-2019,07-09-2019,Second Class,PK-19075,Pete Kriz,Consumer,United States,Detroit,Michigan,Central,FUR-CH-10002372,Furniture,Chairs,Office Star - Ergonomically Designed Knee Chair,242.94,3,29.1528,Cards
446,CA-2019-115756,05-09-2019,07-09-2019,Second Class,PK-19075,Pete Kriz,Consumer,United States,Detroit,Michigan,Central,OFF-LA-10001317,Office Supplies,Labels,Avery 520,22.05,7,10.584,Cards
1795,CA-2019-140774,05-09-2019,10-09-2019,Standard Class,BE-11455,Brad Eason,Home Office,United States,Olathe,Kansas,Central,OFF-AR-10004022,Office Supplies,Art,Panasonic KP-380BK Classic Electric Pencil Sharpener,107.94,3,26.985,Cards
3145,US-2019-148110,05-09-2019,11-09-2019,Standard Class,AR-10825,Anthony Rawles,Corporate,United States,Austin,Texas,Central,FUR-CH-10002647,Furniture,Chairs,"Situations Contoured Folding Chairs, 4/Set",347.802,7,-24.843,Cards
3524,CA-2019-137673,05-09-2019,10-09-2019,Standard Class,ML-17395,Marina Lichtenstein,Corporate,United States,San Diego,California,West,TEC-AC-10002345,Technology,Accessories,HP Standard 104 key PS/2 Keyboard,116.0,8,29.0,Cards
3617,CA-2019-154536,05-09-2019,09-09-2019,Standard Class,JC-15340,Jasper Cacioppo,Consumer,United States,Philadelphia,Pennsylvania,East,OFF-BI-10004410,Office Supplies,Binders,"C-Line Peel & Stick Add-On Filing Pockets, 8-3/4 x 5-1/8, 10/Pack",9.555,5,-7.3255,Cards
3874,CA-2019-136231,05-09-2019,07-09-2019,Second Class,DM-13015,Darrin Martin,Consumer,United States,Johnson City,Tennessee,South,OFF-EN-10001099,Office Supplies,Envelopes,Staple envelope,23.472,3,7.6284,Cards
3876,CA-2019-136231,05-09-2019,07-09-2019,Second Class,DM-13015,Darrin Martin,Consumer,United States,Johnson City,Tennessee,South,TEC-PH-10002660,Technology,Phones,Nortel Networks T7316 E Nt8 B27,108.784,2,6.799,Cards
3877,CA-2019-136231,05-09-2019,07-09-2019,Second Class,DM-13015,Darrin Martin,Consumer,United States,Johnson City,Tennessee,South,OFF-PA-10000327,Office Supplies,Paper,Xerox 1971,10.272,3,3.21,COD
4616,CA-2019-144540,05-09-2019,10-09-2019,Standard Class,GH-14410,Gary Hansen,Home Office,United States,Houston,Texas,Central,OFF-FA-10002763,Office Supplies,Fasteners,Advantus Map Pennant Flags and Round Head Tacks,28.44,9,4.266,COD
4945,CA-2019-151372,05-09-2019,06-09-2019,First Class,JH-15985,Joseph Holt,Consumer,United States,Redondo Beach,California,West,OFF-PA-10004381,Office Supplies,Paper,14-7/8 x 11 Blue Bar Computer Printout Paper,96.08,2,46.1184,Online
4946,CA-2019-151372,05-09-2019,06-09-2019,First Class,JH-15985,Joseph Holt,Consumer,United States,Redondo Beach,California,West,OFF-BI-10000050,Office Supplies,Binders,"Angle-D Binders with Locking Rings, Label Holders",11.68,2,3.942,COD
4947,CA-2019-151372,05-09-2019,06-09-2019,First Class,JH-15985,Joseph Holt,Consumer,United States,Redondo Beach,California,West,OFF-FA-10000304,Office Supplies,Fasteners,Advantus Push Pins,4.36,2,1.7876,Cards
5382,CA-2019-149195,05-09-2019,07-09-2019,Second Class,DM-13525,Don Miller,Corporate,United States,Houston,Texas,Central,OFF-PA-10001870,Office Supplies,Paper,Xerox 202,25.92,5,9.072,Online
5383,CA-2019-149195,05-09-2019,07-09-2019,Second Class,DM-13525,Don Miller,Corporate,United States,Houston,Texas,Central,OFF-FA-10001843,Office Supplies,Fasteners,Staples,15.808,8,5.3352,Online
5384,CA-2019-149195,05-09-2019,07-09-2019,Second Class,DM-13525,Don Miller,Corporate,United States,Houston,Texas,Central,OFF-PA-10002036,Office Supplies,Paper,Xerox 1930,10.368,2,3.7584,COD
6777,US-2019-152373,05-09-2019,11-09-2019,Standard Class,PT-19090,Pete Takahito,Consumer,United States,San Antonio,Texas,Central,OFF-ST-10003479,Office Supplies,Storage,"Eldon Base for stackable storage shelf, platinum",93.456,3,-17.523,Cards
6876,US-2019-121013,05-09-2019,10-09-2019,Standard Class,MM-17920,Michael Moore,Consumer,United States,Chesapeake,Virginia,South,OFF-LA-10004545,Office Supplies,Labels,Avery 50,25.06,2,11.7782,Cards
7071,CA-2019-164490,05-09-2019,10-09-2019,Second Class,SU-20665,Stephanie Ulpright,Home Office,United States,Chicago,Illinois,Central,OFF-PA-10004971,Office Supplies,Paper,Xerox 196,9.248,2,3.3524,Cards
7522,CA-2019-162383,05-09-2019,11-09-2019,Standard Class,MD-17350,Maribeth Dona,Consumer,United States,Lancaster,Ohio,East,OFF-BI-10002824,Office Supplies,Binders,Recycled Easel Ring Binders,8.952,2,-7.46,COD
7523,CA-2019-162383,05-09-2019,11-09-2019,Standard Class,MD-17350,Maribeth Dona,Consumer,United States,Lancaster,Ohio,East,OFF-BI-10001757,Office Supplies,Binders,Pressboard Hanging Data Binders for Unburst Sheets,8.856,6,-6.4944,Cards
7524,CA-2019-162383,05-09-2019,11-09-2019,Standard Class,MD-17350,Maribeth Dona,Consumer,United States,Lancaster,Ohio,East,FUR-CH-10004477,Furniture,Chairs,"Global Push Button Manager's Chair, Indigo",85.246,2,-1.2178,COD
7550,CA-2019-136595,05-09-2019,07-09-2019,First Class,EM-13825,Elizabeth Moffitt,Corporate,United States,Houston,Texas,Central,FUR-FU-10004671,Furniture,Furnishings,"Executive Impressions 12"" Wall Clock",21.204,3,-11.6622,Online
7591,CA-2019-158778,05-09-2019,09-09-2019,Standard Class,DB-13210,Dean Braden,Consumer,United States,Philadelphia,Pennsylvania,East,FUR-FU-10000260,Furniture,Furnishings,"6"" Cubicle Wall Clock, Black",58.248,9,11.6496,Cards
7592,CA-2019-158778,05-09-2019,09-09-2019,Standard Class,DB-13210,Dean Braden,Consumer,United States,Philadelphia,Pennsylvania,East,FUR-CH-10001146,Furniture,Chairs,"Global Task Chair, Black",71.246,2,-19.3382,COD
7593,CA-2019-158778,05-09-2019,09-09-2019,Standard Class,DB-13210,Dean Braden,Consumer,United States,Philadelphia,Pennsylvania,East,OFF-AR-10000896,Office Supplies,Art,Newell 329,7.872,3,0.5904,Cards
9142,CA-2019-139409,05-09-2019,07-09-2019,First Class,FW-14395,Fred Wasserman,Corporate,United States,New York City,New York,East,TEC-PH-10003988,Technology,Phones,"LF Elite 3D Dazzle Designer Hard Case Cover, Lf Stylus Pen and Wiper For Apple Iphone 5c Mini Lite",43.6,4,12.208,COD
99,CA-2019-149223,06-09-2019,11-09-2019,Standard Class,ER-13855,Elpida Rittenbach,Corporate,United States,Saint Paul,Minnesota,Central,OFF-AP-10000358,Office Supplies,Appliances,Fellowes Basic Home/Office Series Surge Protectors,77.88,6,22.5852,Cards
1042,CA-2019-102981,06-09-2019,09-09-2019,Second Class,MO-17500,Mary O'Rourke,Consumer,United States,New York City,New York,East,TEC-AC-10004761,Technology,Accessories,Maxell 4.7GB DVD+RW 3/Pack,31.86,2,11.151,Online
2686,CA-2019-133123,06-09-2019,11-09-2019,Standard Class,KB-16315,Karl Braun,Consumer,United States,Thomasville,North Carolina,South,OFF-EN-10003055,Office Supplies,Envelopes,"Blue String-Tie & Button Interoffice Envelopes, 10 x 13",95.952,3,29.985,COD
2687,CA-2019-133123,06-09-2019,11-09-2019,Standard Class,KB-16315,Karl Braun,Consumer,United States,Thomasville,North Carolina,South,OFF-BI-10001031,Office Supplies,Binders,Pressboard Data Binders by Wilson Jones,3.204,2,-2.4564,Online
4514,CA-2019-145240,06-09-2019,08-09-2019,First Class,BG-11740,Bruce Geld,Consumer,United States,Houston,Texas,Central,OFF-ST-10001590,Office Supplies,Storage,"Tenex Personal Project File with Scoop Front Design, Black",10.784,1,0.8088,Cards
5352,CA-2019-123932,06-09-2019,12-09-2019,Standard Class,YC-21895,Yoseph Carroll,Corporate,United States,Dallas,Texas,Central,OFF-PA-10004665,Office Supplies,Paper,Advantus Motivational Note Cards,41.92,4,15.196,COD
5353,CA-2019-123932,06-09-2019,12-09-2019,Standard Class,YC-21895,Yoseph Carroll,Corporate,United States,Dallas,Texas,Central,TEC-PH-10002447,Technology,Phones,AT&T CL83451 4-Handset Telephone,329.584,2,37.0782,Cards
399,CA-2019-108987,08-09-2019,10-09-2019,Second Class,AG-10675,Anna Gayman,Consumer,United States,Houston,Texas,Central,OFF-ST-10001580,Office Supplies,Storage,Super Decoflex Portable Personal File,35.952,3,3.5952,Cards
402,CA-2019-108987,08-09-2019,10-09-2019,Second Class,AG-10675,Anna Gayman,Consumer,United States,Houston,Texas,Central,TEC-AC-10000158,Technology,Accessories,Sony 64GB Class 10 Micro SDHC R40 Memory Card,57.584,2,0.7198,Online
2027,CA-2019-113516,08-09-2019,10-09-2019,Second Class,VM-21685,Valerie Mitchum,Home Office,United States,Lancaster,California,West,OFF-BI-10002225,Office Supplies,Binders,"Square Ring Data Binders, Rigid 75 Pt. Covers, 11"" x 14-7/8""",33.024,2,11.5584,Cards
2028,CA-2019-113516,08-09-2019,10-09-2019,Second Class,VM-21685,Valerie Mitchum,Home Office,United States,Lancaster,California,West,OFF-BI-10001989,Office Supplies,Binders,Premium Transparent Presentation Covers by GBC,67.136,4,23.4976,COD
2544,US-2019-114174,08-09-2019,14-09-2019,Standard Class,AP-10720,Anne Pryor,Home Office,United States,Malden,Massachusetts,East,FUR-BO-10003450,Furniture,Bookcases,"Bush Westfield Collection Bookcases, Dark Cherry Finish",173.94,3,13.9152,COD
2545,US-2019-114174,08-09-2019,14-09-2019,Standard Class,AP-10720,Anne Pryor,Home Office,United States,Malden,Massachusetts,East,OFF-LA-10000248,Office Supplies,Labels,Avery 52,14.76,4,6.9372,Cards
2591,US-2019-115455,08-09-2019,14-09-2019,Standard Class,SE-20110,Sanjit Engle,Consumer,United States,Wheeling,Illinois,Central,FUR-FU-10004671,Furniture,Furnishings,"Executive Impressions 12"" Wall Clock",14.136,2,-7.7748,Cards
4393,CA-2019-108868,08-09-2019,12-09-2019,Standard Class,KB-16585,Ken Black,Corporate,United States,Dallas,Texas,Central,OFF-AR-10001953,Office Supplies,Art,Boston 1645 Deluxe Heavier-Duty Electric Pencil Sharpener,70.368,2,6.1572,COD
4394,CA-2019-108868,08-09-2019,12-09-2019,Standard Class,KB-16585,Ken Black,Corporate,United States,Dallas,Texas,Central,TEC-PH-10000923,Technology,Phones,"Belkin SportFit Armband For iPhone 5s/5c, Fuchsia",59.96,5,21.7355,Cards
5083,CA-2019-155138,08-09-2019,12-09-2019,Standard Class,JM-15580,Jill Matthias,Consumer,United States,Monroe,North Carolina,South,TEC-AC-10004209,Technology,Accessories,Memorex Froggy Flash Drive 4 GB,35.168,4,8.3524,Online
5084,CA-2019-155138,08-09-2019,12-09-2019,Standard Class,JM-15580,Jill Matthias,Consumer,United States,Monroe,North Carolina,South,OFF-PA-10000501,Office Supplies,Paper,Petty Cash Envelope,64.704,3,23.4552,Cards
6834,CA-2019-153101,08-09-2019,08-09-2019,Same Day,PJ-19015,Pauline Johnson,Consumer,United States,Santa Ana,California,West,FUR-TA-10003008,Furniture,Tables,"Lesro Round Back Collection Coffee Table, End Table",146.04,1,-12.7785,COD
7401,CA-2019-110009,08-09-2019,13-09-2019,Standard Class,TR-21325,Toby Ritter,Consumer,United States,Seattle,Washington,West,FUR-FU-10003039,Furniture,Furnishings,"Howard Miller 11-1/2"" Diameter Grantwood Wall Clock",43.13,1,14.6642,COD
7402,CA-2019-110009,08-09-2019,13-09-2019,Standard Class,TR-21325,Toby Ritter,Consumer,United States,Seattle,Washington,West,OFF-PA-10002615,Office Supplies,Paper,"Ampad Gold Fibre Wirebound Steno Books, 6"" x 9"", Gregg Ruled",30.87,7,14.2002,Online
7464,CA-2019-103709,08-09-2019,15-09-2019,Standard Class,LP-17095,Liz Preis,Consumer,United States,Visalia,California,West,OFF-AR-10003338,Office Supplies,Art,"Eberhard Faber 3 1/2"" Golf Pencils",14.88,2,3.72,Cards
7465,CA-2019-103709,08-09-2019,15-09-2019,Standard Class,LP-17095,Liz Preis,Consumer,United States,Visalia,California,West,OFF-PA-10004610,Office Supplies,Paper,Xerox 1900,34.24,8,15.408,Online
992,CA-2019-110023,09-09-2019,11-09-2019,First Class,TS-21610,Troy Staebel,Consumer,United States,New York City,New York,East,OFF-BI-10001036,Office Supplies,Binders,Cardinal EasyOpen D-Ring Binders,14.624,2,5.484,Online
2995,CA-2019-112893,09-09-2019,13-09-2019,Second Class,AT-10735,Annie Thurman,Consumer,United States,Stockton,California,West,OFF-BI-10004654,Office Supplies,Binders,VariCap6 Expandable Binder,55.36,4,18.684,Online
3568,CA-2019-137176,09-09-2019,14-09-2019,Second Class,DB-12910,Daniel Byrd,Home Office,United States,Dallas,Texas,Central,FUR-FU-10003832,Furniture,Furnishings,"Eldon Expressions Punched Metal & Wood Desk Accessories, Black & Cherry",15.008,4,-12.0064,COD
1619,US-2019-118780,10-09-2019,14-09-2019,Second Class,PN-18775,Parhena Norris,Home Office,United States,New York City,New York,East,OFF-ST-10000352,Office Supplies,Storage,Acco Perma 2700 Stacking Storage Drawers,59.48,2,8.922,Cards
1620,US-2019-118780,10-09-2019,14-09-2019,Second Class,PN-18775,Parhena Norris,Home Office,United States,New York City,New York,East,OFF-PA-10000575,Office Supplies,Paper,"Wirebound Message Books, Four 2 3/4 x 5 White Forms per Page",6.69,1,3.0774,Online
2206,CA-2019-164350,10-09-2019,12-09-2019,Second Class,CG-12040,Catherine Glotzbach,Home Office,United States,Bristol,Tennessee,South,OFF-AR-10000538,Office Supplies,Art,"Boston Model 1800 Electric Pencil Sharpener, Gray",67.56,3,8.445,COD
8615,CA-2019-165918,10-09-2019,14-09-2019,Standard Class,BD-11770,Bryan Davis,Consumer,United States,Edmonds,Washington,West,OFF-LA-10003720,Office Supplies,Labels,Avery 487,7.38,2,3.4686,Online
8616,CA-2019-165918,10-09-2019,14-09-2019,Standard Class,BD-11770,Bryan Davis,Consumer,United States,Edmonds,Washington,West,OFF-BI-10004364,Office Supplies,Binders,Storex Dura Pro Binders,14.256,3,4.455,Online
8617,CA-2019-165918,10-09-2019,14-09-2019,Standard Class,BD-11770,Bryan Davis,Consumer,United States,Edmonds,Washington,West,OFF-PA-10000100,Office Supplies,Paper,Xerox 1945,81.98,2,40.1702,COD
8618,CA-2019-165918,10-09-2019,14-09-2019,Standard Class,BD-11770,Bryan Davis,Consumer,United States,Edmonds,Washington,West,OFF-BI-10004826,Office Supplies,Binders,JM Magazine Binder,39.624,3,13.8684,COD
251,CA-2019-145625,11-09-2019,17-09-2019,Standard Class,KC-16540,Kelly Collister,Consumer,United States,San Diego,California,West,OFF-PA-10004569,Office Supplies,Paper,"Wirebound Message Books, Two 4 1/4"" x 5"" Forms per Page",7.61,1,3.5767,COD
613,CA-2019-121223,11-09-2019,13-09-2019,Second Class,GD-14590,Giulietta Dortch,Corporate,United States,Philadelphia,Pennsylvania,East,OFF-PA-10001204,Office Supplies,Paper,Xerox 1972,8.448,2,2.64,COD
3594,CA-2019-164154,11-09-2019,17-09-2019,Standard Class,NZ-18565,Nick Zandusky,Home Office,United States,Toledo,Ohio,East,OFF-BI-10001658,Office Supplies,Binders,GBC Standard Therm-A-Bind Covers,22.428,3,-17.9424,COD
3595,CA-2019-164154,11-09-2019,17-09-2019,Standard Class,NZ-18565,Nick Zandusky,Home Office,United States,Toledo,Ohio,East,OFF-ST-10002562,Office Supplies,Storage,Staple magnet,37.52,5,3.752,COD
4641,CA-2019-102162,11-09-2019,16-09-2019,Standard Class,JF-15565,Jill Fjeld,Consumer,United States,Newport News,Virginia,South,OFF-EN-10002312,Office Supplies,Envelopes,#10 Self-Seal White Envelopes,11.09,1,5.4341,Online
5240,CA-2019-116561,11-09-2019,17-09-2019,Standard Class,EB-14110,Eugene Barchas,Consumer,United States,San Jose,California,West,OFF-ST-10004186,Office Supplies,Storage,"Stur-D-Stor Shelving, Vertical 5-Shelf: 72""H x 36""W x 18 1/2""D",332.94,3,6.6588,COD
5241,CA-2019-116561,11-09-2019,17-09-2019,Standard Class,EB-14110,Eugene Barchas,Consumer,United States,San Jose,California,West,OFF-BI-10001658,Office Supplies,Binders,GBC Standard Therm-A-Bind Covers,39.872,2,12.9584,COD
6109,CA-2019-150007,11-09-2019,16-09-2019,Standard Class,AS-10090,Adam Shillingsburg,Consumer,United States,Chicago,Illinois,Central,OFF-LA-10001982,Office Supplies,Labels,Smead Alpha-Z Color-Coded Name Labels First Letter Starter Set,6.0,2,2.1,Online
6110,CA-2019-150007,11-09-2019,16-09-2019,Standard Class,AS-10090,Adam Shillingsburg,Consumer,United States,Chicago,Illinois,Central,OFF-BI-10004141,Office Supplies,Binders,Insertable Tab Indexes For Data Binders,1.908,3,-3.2436,Online
7208,CA-2019-143476,11-09-2019,13-09-2019,First Class,LC-16930,Linda Cazamias,Corporate,United States,Phoenix,Arizona,West,OFF-AR-10003759,Office Supplies,Art,"Crayola Anti Dust Chalk, 12/Pack",2.912,2,0.91,COD
7209,CA-2019-143476,11-09-2019,13-09-2019,First Class,LC-16930,Linda Cazamias,Corporate,United States,Phoenix,Arizona,West,OFF-PA-10001837,Office Supplies,Paper,Xerox 1976,20.736,4,7.2576,Online
7210,CA-2019-143476,11-09-2019,13-09-2019,First Class,LC-16930,Linda Cazamias,Corporate,United States,Phoenix,Arizona,West,OFF-PA-10001667,Office Supplies,Paper,Great White Multi-Use Recycled Paper (20Lb. and 84 Bright),9.568,2,2.99,COD
9973,CA-2019-130225,11-09-2019,17-09-2019,Standard Class,RC-19960,Ryan Crowe,Consumer,United States,Houston,Texas,Central,OFF-EN-10000056,Office Supplies,Envelopes,Cameo Buff Policy Envelopes,99.568,2,33.6042,Online
310,CA-2019-142902,12-09-2019,14-09-2019,Second Class,BP-11185,Ben Peterman,Corporate,United States,Arvada,Colorado,West,FUR-FU-10001918,Furniture,Furnishings,C-Line Cubicle Keepers Polyproplyene Holder With Velcro Backings,15.136,4,3.5948,Online
312,CA-2019-142902,12-09-2019,14-09-2019,Second Class,BP-11185,Ben Peterman,Corporate,United States,Arvada,Colorado,West,FUR-FU-10001756,Furniture,Furnishings,"Eldon Expressions Desk Accessory, Wood Photo Frame, Mahogany",15.232,1,1.7136,Online
313,CA-2019-142902,12-09-2019,14-09-2019,Second Class,BP-11185,Ben Peterman,Corporate,United States,Arvada,Colorado,West,OFF-LA-10000634,Office Supplies,Labels,Avery 509,6.264,3,2.0358,Online
6725,CA-2019-128811,12-09-2019,16-09-2019,Standard Class,SF-20200,Sarah Foster,Consumer,United States,Seattle,Washington,West,OFF-FA-10000585,Office Supplies,Fasteners,OIC Bulk Pack Metal Binder Clips,10.47,3,4.8162,Online
6726,CA-2019-128811,12-09-2019,16-09-2019,Standard Class,SF-20200,Sarah Foster,Consumer,United States,Seattle,Washington,West,OFF-LA-10003720,Office Supplies,Labels,Avery 487,11.07,3,5.2029,COD
6727,CA-2019-128811,12-09-2019,16-09-2019,Standard Class,SF-20200,Sarah Foster,Consumer,United States,Seattle,Washington,West,OFF-BI-10000301,Office Supplies,Binders,GBC Instant Report Kit,20.704,4,7.764,Online
6842,CA-2019-123946,12-09-2019,17-09-2019,Standard Class,AJ-10795,Anthony Johnson,Corporate,United States,Springfield,Virginia,South,TEC-AC-10004877,Technology,Accessories,Imation 30456 USB Flash Drive 8GB,20.7,3,1.656,Online
6843,CA-2019-123946,12-09-2019,17-09-2019,Standard Class,AJ-10795,Anthony Johnson,Corporate,United States,Springfield,Virginia,South,OFF-FA-10002975,Office Supplies,Fasteners,Staples,11.34,3,5.2164,Online
6844,CA-2019-123946,12-09-2019,17-09-2019,Standard Class,AJ-10795,Anthony Johnson,Corporate,United States,Springfield,Virginia,South,OFF-ST-10000419,Office Supplies,Storage,"Rogers Jumbo File, Granite",67.9,5,0.679,COD
7253,CA-2019-152457,12-09-2019,18-09-2019,Standard Class,SC-20695,Steve Chapman,Corporate,United States,Roseville,Michigan,Central,OFF-PA-10003790,Office Supplies,Paper,Xerox 1991,68.52,3,31.5192,Online
8770,CA-2019-151148,12-09-2019,13-09-2019,Same Day,PO-19180,Philisse Overcash,Home Office,United States,Louisville,Colorado,West,TEC-PH-10001870,Technology,Phones,Lunatik TT5L-002 Taktik Strike Impact Protection System for iPhone 5,146.952,3,9.1845,Online
8771,CA-2019-151148,12-09-2019,13-09-2019,Same Day,PO-19180,Philisse Overcash,Home Office,United States,Louisville,Colorado,West,FUR-CH-10002304,Furniture,Chairs,"Global Stack Chair without Arms, Black",83.136,4,5.196,COD
8807,CA-2019-113082,12-09-2019,16-09-2019,Standard Class,MC-17590,Matt Collister,Corporate,United States,Utica,New York,East,FUR-FU-10002813,Furniture,Furnishings,"DAX Contemporary Wood Frame with Silver Metal Mat, Desktop, 11 x 14 Size",40.48,2,14.5728,Online
7380,CA-2019-105732,13-09-2019,18-09-2019,Standard Class,AG-10270,Alejandro Grove,Consumer,United States,Omaha,Nebraska,Central,OFF-ST-10000419,Office Supplies,Storage,"Rogers Jumbo File, Granite",40.74,3,0.4074,Online
7381,CA-2019-105732,13-09-2019,18-09-2019,Standard Class,AG-10270,Alejandro Grove,Consumer,United States,Omaha,Nebraska,Central,OFF-LA-10004559,Office Supplies,Labels,Avery 49,14.4,5,7.056,Online
7382,CA-2019-105732,13-09-2019,18-09-2019,Standard Class,AG-10270,Alejandro Grove,Consumer,United States,Omaha,Nebraska,Central,TEC-PH-10001644,Technology,Phones,"BlueLounge Milo Smartphone Stand, White/Metallic",149.95,5,41.986,Online
7383,CA-2019-105732,13-09-2019,18-09-2019,Standard Class,AG-10270,Alejandro Grove,Consumer,United States,Omaha,Nebraska,Central,OFF-SU-10004782,Office Supplies,Supplies,"Elite 5"" Scissors",16.9,2,5.07,COD
7384,CA-2019-105732,13-09-2019,18-09-2019,Standard Class,AG-10270,Alejandro Grove,Consumer,United States,Omaha,Nebraska,Central,OFF-PA-10002250,Office Supplies,Paper,Things To Do Today Pad,17.61,3,8.4528,Online
7386,CA-2019-105732,13-09-2019,18-09-2019,Standard Class,AG-10270,Alejandro Grove,Consumer,United States,Omaha,Nebraska,Central,OFF-PA-10001838,Office Supplies,Paper,"Adams Telephone Message Book W/Dividers/Space For Phone Numbers, 5 1/4""X8 1/2"", 300/Messages",17.64,3,8.6436,Online
7389,CA-2019-105732,13-09-2019,18-09-2019,Standard Class,AG-10270,Alejandro Grove,Consumer,United States,Omaha,Nebraska,Central,TEC-PH-10004897,Technology,Phones,Mediabridge Sport Armband iPhone 5s,29.97,3,0.2997,Online
2554,CA-2019-155439,14-09-2019,18-09-2019,Standard Class,PN-18775,Parhena Norris,Home Office,United States,Columbia,South Carolina,South,OFF-PA-10000029,Office Supplies,Paper,Xerox 224,25.92,4,12.4416,COD
817,CA-2019-149370,15-09-2019,19-09-2019,Standard Class,DB-13210,Dean Braden,Consumer,United States,Philadelphia,Pennsylvania,East,OFF-PA-10003651,Office Supplies,Paper,Xerox 1968,5.344,1,1.8704,Online
4517,US-2019-128678,15-09-2019,20-09-2019,Standard Class,RB-19570,Rob Beeghly,Consumer,United States,Seattle,Washington,West,OFF-PA-10000807,Office Supplies,Paper,"TOPS ""Important Message"" Pads, Canary, 4-1/4 x 5-1/2, 50 Sheets per Pad",21.4,5,10.058,Online
4518,US-2019-128678,15-09-2019,20-09-2019,Standard Class,RB-19570,Rob Beeghly,Consumer,United States,Seattle,Washington,West,OFF-BI-10002103,Office Supplies,Binders,"Cardinal Slant-D Ring Binder, Heavy Gauge Vinyl",48.664,7,15.8158,Online
8783,CA-2019-116911,15-09-2019,20-09-2019,Standard Class,JD-16150,Justin Deggeller,Corporate,United States,Twin Falls,Idaho,West,OFF-BI-10001249,Office Supplies,Binders,Avery Heavy-Duty EZD View Binder with Locking Rings,20.416,4,6.6352,Online
9427,CA-2019-160479,15-09-2019,20-09-2019,Standard Class,AH-10585,Angele Hood,Consumer,United States,Seattle,Washington,West,OFF-AR-10002445,Office Supplies,Art,SANFORD Major Accent Highlighters,35.4,5,13.452,Online
6999,US-2019-134369,16-09-2019,22-09-2019,Standard Class,BC-11125,Becky Castell,Home Office,United States,Laguna Niguel,California,West,OFF-PA-10002195,Office Supplies,Paper,Xerox 1966,12.96,2,6.3504,Online
7271,CA-2019-123337,16-09-2019,22-09-2019,Standard Class,KD-16495,Keith Dawkins,Corporate,United States,San Jose,California,West,FUR-BO-10001918,Furniture,Bookcases,"Sauder Forest Hills Library with Doors, Woodland Oak Finish",273.666,2,-12.8784,COD
7272,CA-2019-123337,16-09-2019,22-09-2019,Standard Class,KD-16495,Keith Dawkins,Corporate,United States,San Jose,California,West,OFF-AP-10002287,Office Supplies,Appliances,"Eureka Sanitaire  Multi-Pro Heavy-Duty Upright, Disposable Bags",17.48,4,4.5448,COD
8892,CA-2019-162159,16-09-2019,18-09-2019,First Class,CR-12625,Corey Roper,Home Office,United States,Columbus,Georgia,South,FUR-CH-10001146,Furniture,Chairs,"Global Value Mid-Back Manager's Chair, Gray",121.78,2,30.445,Online
90,CA-2019-109806,17-09-2019,22-09-2019,Standard Class,JS-15685,Jim Sink,Corporate,United States,Los Angeles,California,West,OFF-AR-10004930,Office Supplies,Art,Turquoise Lead Holder with Pocket Clip,20.1,3,6.633,Online
91,CA-2019-109806,17-09-2019,22-09-2019,Standard Class,JS-15685,Jim Sink,Corporate,United States,Los Angeles,California,West,TEC-PH-10004093,Technology,Phones,Panasonic Kx-TS550,73.584,2,8.2782,Online
92,CA-2019-109806,17-09-2019,22-09-2019,Standard Class,JS-15685,Jim Sink,Corporate,United States,Los Angeles,California,West,OFF-PA-10000304,Office Supplies,Paper,Xerox 1995,6.48,1,3.1104,Online
2257,CA-2019-164091,17-09-2019,22-09-2019,Standard Class,LA-16780,Laura Armstrong,Corporate,United States,Bangor,Maine,East,FUR-FU-10004952,Furniture,Furnishings,"C-Line Cubicle Keepers Polyproplyene Holder w/Velcro Back, 8-1/2x11, 25/Bx",109.48,2,33.9388,COD
3249,CA-2019-159730,17-09-2019,21-09-2019,Standard Class,SJ-20125,Sanjit Jacobs,Home Office,United States,Seattle,Washington,West,FUR-CH-10004875,Furniture,Chairs,Harbour Creations 67200 Series Stacking Chairs,113.888,2,9.9652,Online
3250,CA-2019-159730,17-09-2019,21-09-2019,Standard Class,SJ-20125,Sanjit Jacobs,Home Office,United States,Seattle,Washington,West,TEC-PH-10002085,Technology,Phones,Clarity 53712,105.584,2,7.9188,COD
3720,CA-2019-105900,17-09-2019,23-09-2019,Standard Class,BS-11590,Brendan Sweed,Corporate,United States,Columbus,Indiana,Central,OFF-AR-10002656,Office Supplies,Art,Sanford Liquid Accent Highlighters,33.4,5,12.358,Online
9028,US-2019-152415,17-09-2019,22-09-2019,Standard Class,PO-18865,Patrick O'Donnell,Consumer,United States,Marlborough,Massachusetts,East,FUR-FU-10002597,Furniture,Furnishings,"C-Line Magnetic Cubicle Keepers, Clear Polypropylene",14.82,3,6.2244,Online
9449,US-2019-148957,17-09-2019,23-09-2019,Standard Class,CC-12430,Chuck Clark,Home Office,United States,Redmond,Washington,West,OFF-LA-10002195,Office Supplies,Labels,Avery 481,12.32,4,5.9136,Online
71,CA-2019-106075,18-09-2019,23-09-2019,Standard Class,HM-14980,Henry MacAllister,Consumer,United States,New York City,New York,East,OFF-BI-10004654,Office Supplies,Binders,Avery Binding System Hidden Tab Executive Style Index Sets,4.616,1,1.731,Online
2015,CA-2019-145905,18-09-2019,23-09-2019,Standard Class,AM-10705,Anne McFarland,Consumer,United States,Auburn,Alabama,South,OFF-PA-10000533,Office Supplies,Paper,Southworth Parchment Paper & Envelopes,13.08,2,6.0168,COD
3542,CA-2019-157511,18-09-2019,20-09-2019,First Class,SV-20365,Seth Vernon,Consumer,United States,Columbus,Ohio,East,FUR-FU-10002107,Furniture,Furnishings,Eldon Pizzaz Desk Accessories,5.352,3,1.6056,COD
3543,CA-2019-157511,18-09-2019,20-09-2019,First Class,SV-20365,Seth Vernon,Consumer,United States,Columbus,Ohio,East,FUR-CH-10002647,Furniture,Chairs,"Situations Contoured Folding Chairs, 4/Set",99.372,2,-7.098,Cards
3544,CA-2019-157511,18-09-2019,20-09-2019,First Class,SV-20365,Seth Vernon,Consumer,United States,Columbus,Ohio,East,OFF-AR-10002257,Office Supplies,Art,"Eldon Spacemaker Box, Quick-Snap Lid, Clear",2.672,1,0.3674,Cards
4348,CA-2019-120355,18-09-2019,25-09-2019,Standard Class,MM-17260,Magdelene Morse,Consumer,United States,New Rochelle,New York,East,FUR-FU-10004053,Furniture,Furnishings,DAX Two-Tone Silver Metal Document Frame,60.72,3,26.1096,Online
4664,CA-2019-111409,18-09-2019,22-09-2019,Standard Class,PO-18850,Patrick O'Brill,Consumer,United States,Jacksonville,Florida,South,OFF-LA-10002787,Office Supplies,Labels,Avery 480,3.0,1,1.05,Online
9613,CA-2019-110086,18-09-2019,22-09-2019,Standard Class,BD-11320,Bill Donatelli,Consumer,United States,Woodland,California,West,TEC-PH-10001299,Technology,Phones,Polycom CX300 Desktop Phone USB VoIP phone,239.984,2,23.9984,Cards
659,US-2019-156097,19-09-2019,19-09-2019,Same Day,EH-14125,Eugene Hildebrand,Home Office,United States,Aurora,Illinois,Central,OFF-BI-10004654,Office Supplies,Binders,Avery Binding System Hidden Tab Executive Style Index Sets,2.308,2,-3.462,COD
2022,CA-2019-168354,19-09-2019,21-09-2019,First Class,RH-19510,Rick Huthwaite,Home Office,United States,Providence,Rhode Island,East,OFF-PA-10002377,Office Supplies,Paper,"Adams Telephone Message Book W/Dividers/Space For Phone Numbers, 5 1/4""X8 1/2"", 200/Messages",17.04,3,7.668,Cards
2023,CA-2019-168354,19-09-2019,21-09-2019,First Class,RH-19510,Rick Huthwaite,Home Office,United States,Providence,Rhode Island,East,OFF-BI-10004826,Office Supplies,Binders,JM Magazine Binder,49.53,3,23.7744,Online
2881,CA-2019-102932,19-09-2019,23-09-2019,Second Class,SD-20485,Shirley Daniels,Home Office,United States,Orange,New Jersey,East,OFF-BI-10000756,Office Supplies,Binders,Storex DuraTech Recycled Plastic Frosted Binders,25.44,6,12.72,Online
2882,CA-2019-102932,19-09-2019,23-09-2019,Second Class,SD-20485,Shirley Daniels,Home Office,United States,Orange,New Jersey,East,OFF-SU-10000381,Office Supplies,Supplies,Acme Forged Steel Scissors with Black Enamel Handles,27.93,3,8.0997,Online
3718,CA-2019-142370,19-09-2019,23-09-2019,Standard Class,TP-21130,Theone Pippenger,Consumer,United States,Columbus,Georgia,South,OFF-SU-10003002,Office Supplies,Supplies,Letter Slitter,5.04,2,0.1512,Cards
4582,CA-2019-120250,19-09-2019,22-09-2019,First Class,AP-10720,Anne Pryor,Home Office,United States,Philadelphia,Pennsylvania,East,FUR-FU-10003424,Furniture,Furnishings,Nu-Dell Oak Frame,25.632,3,3.8448,Cards
4770,US-2019-114888,19-09-2019,24-09-2019,Second Class,CC-12430,Chuck Clark,Home Office,United States,San Francisco,California,West,OFF-BI-10003355,Office Supplies,Binders,Cardinal Holdit Business Card Pockets,11.952,3,4.1832,Cards
4771,US-2019-114888,19-09-2019,24-09-2019,Second Class,CC-12430,Chuck Clark,Home Office,United States,San Francisco,California,West,OFF-SU-10001212,Office Supplies,Supplies,Kleencut Forged Office Shears by Acme United Corporation,6.24,3,1.872,COD
7166,CA-2019-158610,19-09-2019,22-09-2019,First Class,CK-12595,Clytie Kelty,Consumer,United States,Providence,Rhode Island,East,OFF-ST-10000604,Office Supplies,Storage,Home/Office Personal File Carts,69.52,2,17.38,COD
8468,CA-2019-168557,19-09-2019,23-09-2019,Standard Class,FH-14275,Frank Hawley,Corporate,United States,San Francisco,California,West,OFF-BI-10002309,Office Supplies,Binders,Avery Heavy-Duty EZD  Binder With Locking Rings,8.928,2,3.1248,COD
3411,CA-2019-100244,20-09-2019,24-09-2019,Standard Class,GM-14695,Greg Maxwell,Corporate,United States,San Francisco,California,West,OFF-PA-10001471,Office Supplies,Paper,Strathmore Photo Frame Cards,65.79,9,30.2634,COD
3413,CA-2019-100244,20-09-2019,24-09-2019,Standard Class,GM-14695,Greg Maxwell,Corporate,United States,San Francisco,California,West,OFF-AR-10000940,Office Supplies,Art,Newell 343,11.76,4,3.1752,Cards
3414,CA-2019-100244,20-09-2019,24-09-2019,Standard Class,GM-14695,Greg Maxwell,Corporate,United States,San Francisco,California,West,OFF-PA-10002319,Office Supplies,Paper,Xerox 1944,77.52,2,37.9848,Online
3415,CA-2019-100244,20-09-2019,24-09-2019,Standard Class,GM-14695,Greg Maxwell,Corporate,United States,San Francisco,California,West,OFF-BI-10000977,Office Supplies,Binders,Ibico Plastic Spiral Binding Combs,48.64,2,15.808,COD
5606,CA-2019-134516,20-09-2019,25-09-2019,Standard Class,FM-14215,Filia McAdams,Corporate,United States,Greensboro,North Carolina,South,FUR-FU-10001546,Furniture,Furnishings,Dana Swing-Arm Lamps,17.088,2,1.068,Online
5607,CA-2019-134516,20-09-2019,25-09-2019,Standard Class,FM-14215,Filia McAdams,Corporate,United States,Greensboro,North Carolina,South,FUR-CH-10002880,Furniture,Chairs,"Global High-Back Leather Tilter, Burgundy",98.392,1,-11.0691,Online
8484,CA-2019-126284,20-09-2019,24-09-2019,Standard Class,EN-13780,Edward Nazzal,Consumer,United States,Grand Rapids,Michigan,Central,OFF-BI-10004828,Office Supplies,Binders,GBC Poly Designer Binding Covers,83.7,5,41.013,Cards
9281,CA-2019-166772,20-09-2019,24-09-2019,Standard Class,HJ-14875,Heather Jas,Home Office,United States,Seattle,Washington,West,FUR-BO-10002853,Furniture,Bookcases,O'Sullivan 5-Shelf Heavy-Duty Bookcases,163.88,2,40.97,Online
3621,CA-2019-109743,22-09-2019,29-09-2019,Standard Class,SH-19975,Sally Hughsby,Corporate,United States,Smyrna,Tennessee,South,OFF-AR-10003727,Office Supplies,Art,Berol Giant Pencil Sharpener,40.776,3,4.5873,COD
3622,CA-2019-109743,22-09-2019,29-09-2019,Standard Class,SH-19975,Sally Hughsby,Corporate,United States,Smyrna,Tennessee,South,TEC-PH-10004071,Technology,Phones,PayAnywhere Card Reader,63.936,8,5.5944,Cards
3965,CA-2019-120257,22-09-2019,28-09-2019,Standard Class,PW-19240,Pierre Wener,Consumer,United States,Philadelphia,Pennsylvania,East,OFF-AR-10003481,Office Supplies,Art,Newell 348,7.872,3,0.8856,Cards
4665,CA-2019-116232,22-09-2019,26-09-2019,Standard Class,AC-10450,Amy Cox,Consumer,United States,Pembroke Pines,Florida,South,OFF-BI-10004022,Office Supplies,Binders,Acco Suede Grain Vinyl Round Ring Binder,7.506,9,-6.0048,Online
4666,CA-2019-116232,22-09-2019,26-09-2019,Standard Class,AC-10450,Amy Cox,Consumer,United States,Pembroke Pines,Florida,South,OFF-LA-10001158,Office Supplies,Labels,"Avery Address/Shipping Labels for Typewriters, 4"" x 2""",16.56,2,5.796,Cards
6465,US-2019-155404,22-09-2019,28-09-2019,Standard Class,AS-10630,Ann Steele,Home Office,United States,Louisville,Kentucky,South,FUR-FU-10004586,Furniture,Furnishings,G.E. Longer-Life Indoor Recessed Floodlight Bulbs,13.28,2,6.3744,Cards
7354,CA-2019-151974,22-09-2019,29-09-2019,Standard Class,RD-19660,Robert Dilbeck,Home Office,United States,Philadelphia,Pennsylvania,East,OFF-LA-10004484,Office Supplies,Labels,Avery 476,16.52,5,5.369,COD
8177,CA-2019-135965,22-09-2019,25-09-2019,First Class,SZ-20035,Sam Zeldin,Home Office,United States,New York City,New York,East,OFF-ST-10002370,Office Supplies,Storage,"Sortfiler Multipurpose Personal File Organizer, Black",128.34,6,37.2186,Cards
9447,CA-2019-158617,22-09-2019,28-09-2019,Standard Class,AC-10660,Anna Chung,Consumer,United States,Lawrence,Indiana,Central,OFF-PA-10002245,Office Supplies,Paper,Xerox 1895,35.88,6,16.146,Cards
9554,CA-2019-125724,22-09-2019,27-09-2019,Standard Class,SM-20950,Suzanne McNair,Corporate,United States,Broomfield,Colorado,West,FUR-FU-10000246,Furniture,Furnishings,Aluminum Document Frame,68.432,7,8.554,COD
9721,CA-2019-119641,22-09-2019,26-09-2019,Standard Class,CS-12250,Chris Selesnick,Corporate,United States,Green Bay,Wisconsin,Central,FUR-FU-10002445,Furniture,Furnishings,"DAX Two-Tone Rosewood/Black Document Frame, Desktop, 5 x 7",18.96,2,7.584,COD
9875,CA-2019-166653,22-09-2019,24-09-2019,Second Class,NP-18685,Nora Pelletier,Home Office,United States,Parma,Ohio,East,OFF-EN-10003055,Office Supplies,Envelopes,"Blue String-Tie & Button Interoffice Envelopes, 10 x 13",63.968,2,19.99,Cards
9983,US-2019-157728,22-09-2019,28-09-2019,Standard Class,RC-19960,Ryan Crowe,Consumer,United States,Grand Rapids,Michigan,Central,OFF-PA-10002195,Office Supplies,Paper,"RSVP Cards & Envelopes, Blank White, 8-1/2"" X 11"", 24 Cards/25 Envelopes/Set",35.56,7,16.7132,COD
9984,US-2019-157728,22-09-2019,28-09-2019,Standard Class,RC-19960,Ryan Crowe,Consumer,United States,Grand Rapids,Michigan,Central,TEC-PH-10001305,Technology,Phones,Panasonic KX TS208W Corded phone,97.98,2,27.4344,Cards
2369,US-2019-129469,23-09-2019,27-09-2019,Standard Class,KL-16555,Kelly Lampkin,Corporate,United States,Fairfield,Ohio,East,FUR-FU-10002298,Furniture,Furnishings,"Rubbermaid ClusterMat Chairmats, Mat Size- 66"" x 60"", Lip 20"" x 11"" -90 Degree Angle",532.704,6,-26.6352,Cards
2370,US-2019-129469,23-09-2019,27-09-2019,Standard Class,KL-16555,Kelly Lampkin,Corporate,United States,Fairfield,Ohio,East,OFF-AR-10000315,Office Supplies,Art,"Dixon Ticonderoga Maple Cedar Pencil, #2",4.912,2,0.307,Online
3746,CA-2019-149979,23-09-2019,28-09-2019,Second Class,RA-19915,Russell Applegate,Consumer,United States,Columbus,Georgia,South,OFF-ST-10003058,Office Supplies,Storage,Eldon Mobile Mega Data Cart  Mega Stackable  Add-On Trays,118.25,5,34.2925,Cards
5242,CA-2019-110730,23-09-2019,26-09-2019,Second Class,CM-11815,Candace McMahon,Corporate,United States,Seattle,Washington,West,OFF-SU-10004737,Office Supplies,Supplies,Acme Design Stainless Steel Bent Scissors,13.68,2,3.6936,COD
5299,CA-2019-106656,23-09-2019,26-09-2019,First Class,DV-13045,Darrin Van Huff,Corporate,United States,San Diego,California,West,OFF-EN-10001509,Office Supplies,Envelopes,Poly String Tie Envelopes,4.08,2,1.9176,COD
5300,CA-2019-106656,23-09-2019,26-09-2019,First Class,DV-13045,Darrin Van Huff,Corporate,United States,San Diego,California,West,OFF-LA-10003148,Office Supplies,Labels,Avery 51,18.9,3,8.694,Cards
5634,CA-2019-101742,23-09-2019,28-09-2019,Second Class,CR-12580,Clay Rozendal,Home Office,United States,New York City,New York,East,OFF-BI-10004187,Office Supplies,Binders,3-ring staple pack,10.528,7,3.6848,Cards
6053,CA-2019-124016,23-09-2019,26-09-2019,Second Class,JS-15940,Joni Sundaresam,Home Office,United States,Lancaster,Ohio,East,OFF-PA-10002586,Office Supplies,Paper,Xerox 1970,11.952,3,4.0338,Cards
6054,CA-2019-124016,23-09-2019,26-09-2019,Second Class,JS-15940,Joni Sundaresam,Home Office,United States,Lancaster,Ohio,East,FUR-FU-10004963,Furniture,Furnishings,"Eldon 400 Class Desk Accessories, Black Carbon",28.0,4,7.7,Online
6055,CA-2019-124016,23-09-2019,26-09-2019,Second Class,JS-15940,Joni Sundaresam,Home Office,United States,Lancaster,Ohio,East,OFF-BI-10002071,Office Supplies,Binders,Fellowes Black Plastic Comb Bindings,12.201,7,-9.7608,Cards
9351,CA-2019-159009,23-09-2019,27-09-2019,Standard Class,DP-13105,Dave Poirier,Corporate,United States,Seattle,Washington,West,OFF-BI-10004970,Office Supplies,Binders,"ACCOHIDE 3-Ring Binder, Blue, 1""",13.216,4,4.4604,Cards
9352,CA-2019-159009,23-09-2019,27-09-2019,Standard Class,DP-13105,Dave Poirier,Corporate,United States,Seattle,Washington,West,FUR-CH-10003396,Furniture,Chairs,Global Deluxe Steno Chair,184.752,3,-20.7846,Cards
1314,US-2019-134488,24-09-2019,01-10-2019,Standard Class,PK-19075,Pete Kriz,Consumer,United States,Columbus,Ohio,East,FUR-CH-10003199,Furniture,Chairs,Office Star - Contemporary Task Swivel Chair,155.372,2,-13.3176,COD
2331,CA-2019-155187,24-09-2019,26-09-2019,Second Class,LA-16780,Laura Armstrong,Corporate,United States,Los Angeles,California,West,OFF-ST-10000642,Office Supplies,Storage,"Tennsco Lockers, Gray",41.96,2,2.9372,Online
2332,CA-2019-155187,24-09-2019,26-09-2019,Second Class,LA-16780,Laura Armstrong,Corporate,United States,Los Angeles,California,West,OFF-PA-10000380,Office Supplies,Paper,"REDIFORM Incoming/Outgoing Call Register, 11"" X 8 1/2"", 100 Messages",41.7,5,20.85,Online
5397,US-2019-147340,24-09-2019,24-09-2019,Same Day,EB-13750,Edward Becker,Corporate,United States,San Francisco,California,West,FUR-FU-10002501,Furniture,Furnishings,Nu-Dell Executive Frame,63.2,5,23.384,Online
5662,CA-2019-108875,24-09-2019,01-10-2019,Standard Class,CL-12700,Craig Leslie,Home Office,United States,Aurora,Colorado,West,FUR-FU-10002671,Furniture,Furnishings,Electrix 20W Halogen Replacement Bulb for Zoom-In Desk Lamp,21.44,2,7.504,Cards
5681,CA-2019-141551,24-09-2019,30-09-2019,Standard Class,BP-11230,Benjamin Patterson,Consumer,United States,Broken Arrow,Oklahoma,Central,OFF-BI-10001249,Office Supplies,Binders,Avery Heavy-Duty EZD View Binder with Locking Rings,6.38,1,2.9348,Cards
5682,CA-2019-141551,24-09-2019,30-09-2019,Standard Class,BP-11230,Benjamin Patterson,Consumer,United States,Broken Arrow,Oklahoma,Central,OFF-PA-10001569,Office Supplies,Paper,Xerox 232,6.48,1,3.1104,Cards
5872,CA-2019-154235,24-09-2019,28-09-2019,Standard Class,RD-19900,Ruben Dartt,Consumer,United States,Bloomington,Indiana,Central,FUR-FU-10004006,Furniture,Furnishings,"Deflect-o DuraMat Lighweight, Studded, Beveled Mat for Low Pile Carpeting",127.95,3,21.7515,Online
1459,CA-2019-123722,25-09-2019,01-10-2019,Standard Class,NH-18610,Nicole Hansen,Corporate,United States,Irving,Texas,Central,OFF-LA-10001569,Office Supplies,Labels,Avery 499,15.936,4,5.1792,COD
4081,CA-2019-140417,25-09-2019,29-09-2019,Standard Class,KE-16420,Katrina Edelman,Corporate,United States,Tigard,Oregon,West,OFF-PA-10000380,Office Supplies,Paper,"REDIFORM Incoming/Outgoing Call Register, 11"" X 8 1/2"", 100 Messages",60.048,9,22.518,Cards
4082,CA-2019-140417,25-09-2019,29-09-2019,Standard Class,KE-16420,Katrina Edelman,Corporate,United States,Tigard,Oregon,West,OFF-BI-10004828,Office Supplies,Binders,GBC Poly Designer Binding Covers,5.022,1,-3.5154,Online
4519,CA-2019-101385,25-09-2019,01-10-2019,Standard Class,JW-16075,Julia West,Consumer,United States,San Francisco,California,West,OFF-AR-10004441,Office Supplies,Art,BIC Brite Liner Highlighters,16.56,4,6.9552,Cards
5621,US-2019-124163,25-09-2019,30-09-2019,Standard Class,SC-20695,Steve Chapman,Corporate,United States,La Crosse,Wisconsin,Central,OFF-AR-10000817,Office Supplies,Art,Manco Dry-Lighter Erasable Highlighter,3.04,1,1.0336,Online
5622,US-2019-124163,25-09-2019,30-09-2019,Standard Class,SC-20695,Steve Chapman,Corporate,United States,La Crosse,Wisconsin,Central,FUR-CH-10004218,Furniture,Chairs,"Global Fabric Manager's Chair, Dark Gray",201.96,2,50.49,Online
7725,CA-2019-113978,25-09-2019,29-09-2019,Standard Class,TS-21505,Tony Sayre,Consumer,United States,Cleveland,Ohio,East,OFF-AP-10003849,Office Supplies,Appliances,Hoover Shoulder Vac Commercial Portable Vacuum,286.256,1,17.891,COD
7726,CA-2019-113978,25-09-2019,29-09-2019,Standard Class,TS-21505,Tony Sayre,Consumer,United States,Cleveland,Ohio,East,OFF-ST-10004963,Office Supplies,Storage,Eldon Gobal File Keepers,24.224,2,-4.8448,Cards
9837,US-2019-125402,25-09-2019,01-10-2019,Standard Class,DL-12865,Dan Lawera,Consumer,United States,Long Beach,California,West,OFF-PA-10000141,Office Supplies,Paper,"Ampad Evidence Wirebond Steno Books, 6"" x 9""",10.9,5,5.123,COD
9838,US-2019-125402,25-09-2019,01-10-2019,Standard Class,DL-12865,Dan Lawera,Consumer,United States,Long Beach,California,West,OFF-LA-10003923,Office Supplies,Labels,Alphabetical Labels for Top Tab Filing,29.6,2,14.8,COD
9839,US-2019-125402,25-09-2019,01-10-2019,Standard Class,DL-12865,Dan Lawera,Consumer,United States,Long Beach,California,West,OFF-LA-10001771,Office Supplies,Labels,Avery 513,4.98,1,2.2908,COD
9841,US-2019-125402,25-09-2019,01-10-2019,Standard Class,DL-12865,Dan Lawera,Consumer,United States,Long Beach,California,West,TEC-PH-10003356,Technology,Phones,"SmartStand Mobile Device Holder, Assorted Colors",44.736,8,4.4736,COD
9842,US-2019-125402,25-09-2019,01-10-2019,Standard Class,DL-12865,Dan Lawera,Consumer,United States,Long Beach,California,West,OFF-AR-10002255,Office Supplies,Art,Newell 346,5.76,2,1.6704,Online
459,US-2019-157945,26-09-2019,01-10-2019,Standard Class,NF-18385,Natalie Fritzler,Consumer,United States,Decatur,Illinois,Central,OFF-EN-10001415,Office Supplies,Envelopes,Staple envelope,8.928,2,3.348,COD
2651,US-2019-146794,26-09-2019,01-10-2019,Standard Class,SH-19975,Sally Hughsby,Corporate,United States,Hesperia,California,West,FUR-BO-10004467,Furniture,Bookcases,Bestar Classic Bookcase,424.9575,5,19.998,Cards
4033,CA-2019-169957,26-09-2019,30-09-2019,Standard Class,SN-20710,Steve Nguyen,Home Office,United States,Covington,Washington,West,OFF-PA-10004040,Office Supplies,Paper,Universal Premium White Copier/Laser Paper (20Lb. and 87 Bright),29.9,5,14.651,Online
4034,CA-2019-169957,26-09-2019,30-09-2019,Standard Class,SN-20710,Steve Nguyen,Home Office,United States,Covington,Washington,West,TEC-AC-10003063,Technology,Accessories,Micro Innovations USB RF Wireless Keyboard with Mouse,100.0,4,21.0,Cards
4190,CA-2019-157714,26-09-2019,01-10-2019,Second Class,CS-12175,Charles Sheldon,Corporate,United States,Iowa City,Iowa,Central,OFF-PA-10004022,Office Supplies,Paper,Hammermill Color Copier Paper (28Lb. and 96 Bright),9.99,1,4.4955,COD
5213,CA-2019-145898,26-09-2019,26-09-2019,Same Day,CM-12445,Chuck Magee,Consumer,United States,Redlands,California,West,OFF-ST-10004507,Office Supplies,Storage,Advantus Rolling Storage Box,51.45,3,13.8915,Online
5214,CA-2019-145898,26-09-2019,26-09-2019,Same Day,CM-12445,Chuck Magee,Consumer,United States,Redlands,California,West,OFF-LA-10000262,Office Supplies,Labels,Avery 494,7.83,3,3.6018,COD
5215,CA-2019-145898,26-09-2019,26-09-2019,Same Day,CM-12445,Chuck Magee,Consumer,United States,Redlands,California,West,OFF-AR-10002445,Office Supplies,Art,SANFORD Major Accent Highlighters,35.4,5,13.452,COD
5216,CA-2019-145898,26-09-2019,26-09-2019,Same Day,CM-12445,Chuck Magee,Consumer,United States,Redlands,California,West,OFF-PA-10001667,Office Supplies,Paper,Great White Multi-Use Recycled Paper (20Lb. and 84 Bright),29.9,5,13.455,Cards
5724,CA-2019-165820,26-09-2019,30-09-2019,Standard Class,DW-13585,Dorothy Wardle,Corporate,United States,San Francisco,California,West,OFF-PA-10004735,Office Supplies,Paper,Xerox 1905,12.96,2,6.2208,Online
8322,US-2019-149790,26-09-2019,01-10-2019,Standard Class,SC-20380,Shahid Collister,Consumer,United States,Houston,Texas,Central,OFF-BI-10002026,Office Supplies,Binders,Ibico Recycled Linen-Style Covers,15.624,2,-24.9984,Online
9414,CA-2019-132019,26-09-2019,27-09-2019,First Class,MH-17620,Matt Hagelstein,Corporate,United States,Houston,Texas,Central,OFF-BI-10004001,Office Supplies,Binders,GBC Recycled VeloBinder Covers,6.816,2,-11.5872,Online
5399,CA-2019-163202,27-09-2019,02-10-2019,Standard Class,BM-11650,Brian Moss,Corporate,United States,Lancaster,Ohio,East,OFF-BI-10002764,Office Supplies,Binders,Recycled Pressboard Report Cover with Reinforced Top Hinge,2.907,3,-2.0349,Cards
7126,CA-2019-123176,27-09-2019,29-09-2019,Second Class,JG-15160,James Galang,Consumer,United States,Atlanta,Georgia,South,OFF-PA-10003971,Office Supplies,Paper,Xerox 1965,17.94,3,8.7906,Cards
7127,CA-2019-123176,27-09-2019,29-09-2019,Second Class,JG-15160,James Galang,Consumer,United States,Atlanta,Georgia,South,OFF-AR-10004685,Office Supplies,Art,"Binney & Smith Crayola Metallic Colored Pencils, 8-Color Set",13.89,3,4.5837,COD
377,US-2019-134656,28-09-2019,01-10-2019,First Class,MM-18280,Muhammed MacIntyre,Corporate,United States,Quincy,Illinois,Central,OFF-PA-10003039,Office Supplies,Paper,Xerox 1960,99.136,4,30.98,COD
868,CA-2019-134362,29-09-2019,02-10-2019,First Class,LS-16945,Linda Southworth,Corporate,United States,Philadelphia,Pennsylvania,East,OFF-LA-10004853,Office Supplies,Labels,Avery 483,15.936,4,5.1792,COD
1077,CA-2019-161781,29-09-2019,30-09-2019,First Class,CC-12100,Chad Cunningham,Home Office,United States,Columbus,Indiana,Central,OFF-AR-10000255,Office Supplies,Art,Newell 328,40.88,7,10.6288,COD
1683,US-2019-101497,29-09-2019,01-10-2019,Second Class,PS-18760,Pamela Stobb,Consumer,United States,Los Angeles,California,West,OFF-PA-10000176,Office Supplies,Paper,Xerox 1887,18.97,1,9.1056,Online
3501,CA-2019-108616,29-09-2019,03-10-2019,Standard Class,JK-15730,Joe Kamberova,Consumer,United States,Mobile,Alabama,South,OFF-BI-10001989,Office Supplies,Binders,Premium Transparent Presentation Covers by GBC,62.94,3,30.2112,Online
3502,CA-2019-108616,29-09-2019,03-10-2019,Standard Class,JK-15730,Joe Kamberova,Consumer,United States,Mobile,Alabama,South,OFF-AR-10001149,Office Supplies,Art,"Sanford Colorific Colored Pencils, 12/Box",25.92,9,7.776,COD
5357,CA-2019-138037,29-09-2019,03-10-2019,Standard Class,AR-10540,Andy Reiter,Consumer,United States,San Francisco,California,West,OFF-BI-10002982,Office Supplies,Binders,Avery Self-Adhesive Photo Pockets for Polaroid Photos,27.24,5,9.534,Cards
8088,CA-2019-106621,29-09-2019,01-10-2019,Second Class,DM-12955,Dario Medina,Corporate,United States,Yuma,Arizona,West,OFF-AR-10002375,Office Supplies,Art,Newell 351,10.496,4,1.1808,Cards
9987,CA-2019-125794,29-09-2019,03-10-2019,Standard Class,ML-17410,Maris LaWare,Consumer,United States,Los Angeles,California,West,TEC-AC-10003399,Technology,Accessories,Memorex Mini Travel Drive 64 GB USB 2.0 Flash Drive,36.24,1,15.2208,Online
4225,CA-2019-108644,30-09-2019,03-10-2019,First Class,SJ-20215,Sarah Jordon,Consumer,United States,Quincy,Illinois,Central,OFF-BI-10000343,Office Supplies,Binders,"Pressboard Covers with Storage Hooks, 9 1/2"" x 11"", Light Blue",1.964,2,-3.2406,Online
6946,CA-2019-106243,30-09-2019,04-10-2019,Standard Class,GM-14680,Greg Matthias,Consumer,United States,New York City,New York,East,FUR-BO-10003034,Furniture,Bookcases,"O'Sullivan Elevations Bookcase, Cherry Finish",523.92,5,-26.196,Online
1068,CA-2019-157686,01-10-2019,02-10-2019,First Class,BD-11620,Brian DeCherney,Consumer,United States,San Francisco,California,West,FUR-CH-10001146,Furniture,Chairs,"Global Value Mid-Back Manager's Chair, Gray",194.848,4,12.178,COD
1264,CA-2019-155992,01-10-2019,02-10-2019,First Class,CC-12220,Chris Cortes,Consumer,United States,La Porte,Indiana,Central,TEC-PH-10000215,Technology,Phones,Plantronics Cordless Phone Headset with In-line Volume - M214C,69.9,2,18.873,Online
1265,CA-2019-155992,01-10-2019,02-10-2019,First Class,CC-12220,Chris Cortes,Consumer,United States,La Porte,Indiana,Central,FUR-FU-10003724,Furniture,Furnishings,Westinghouse Clip-On Gooseneck Lamps,41.85,5,10.881,Online
2667,CA-2019-111794,01-10-2019,01-10-2019,Same Day,HG-15025,Hunter Glantz,Consumer,United States,Amarillo,Texas,Central,TEC-AC-10003832,Technology,Accessories,Imation 16GB Mini TravelDrive USB 2.0 Flash Drive,79.512,3,20.8719,Cards
2668,CA-2019-111794,01-10-2019,01-10-2019,Same Day,HG-15025,Hunter Glantz,Consumer,United States,Amarillo,Texas,Central,OFF-PA-10000474,Office Supplies,Paper,Easy-staple paper,28.352,1,9.5688,Online
7192,CA-2019-116918,01-10-2019,06-10-2019,Second Class,JK-15205,Jamie Kunitz,Consumer,United States,Hialeah,Florida,South,OFF-BI-10004140,Office Supplies,Binders,Avery Non-Stick Binders,5.388,4,-4.49,Online
7193,CA-2019-116918,01-10-2019,06-10-2019,Second Class,JK-15205,Jamie Kunitz,Consumer,United States,Hialeah,Florida,South,OFF-AR-10003631,Office Supplies,Art,Staples in misc. colors,30.976,8,5.0336,COD
2993,CA-2019-134376,02-10-2019,06-10-2019,Standard Class,TT-21265,Tim Taslimi,Corporate,United States,New York City,New York,East,OFF-AP-10004532,Office Supplies,Appliances,Kensington 6 Outlet Guardian Standard Surge Protector,61.44,3,16.5888,Cards
6826,CA-2019-118689,02-10-2019,09-10-2019,Standard Class,TC-20980,Tamara Chand,Corporate,United States,Lafayette,Indiana,Central,OFF-ST-10001558,Office Supplies,Storage,Acco Perma 4000 Stacking Storage Drawers,32.48,2,4.872,COD
6829,CA-2019-118689,02-10-2019,09-10-2019,Standard Class,TC-20980,Tamara Chand,Corporate,United States,Lafayette,Indiana,Central,OFF-BI-10003712,Office Supplies,Binders,"Acco Pressboard Covers with Storage Hooks, 14 7/8"" x 11"", Light Blue",34.37,7,16.8413,Online
6830,CA-2019-118689,02-10-2019,09-10-2019,Standard Class,TC-20980,Tamara Chand,Corporate,United States,Lafayette,Indiana,Central,OFF-AR-10001958,Office Supplies,Art,Stanley Bostitch Contemporary Electric Pencil Sharpeners,33.96,2,9.5088,COD
897,CA-2019-140634,03-10-2019,06-10-2019,Second Class,HL-15040,Hunter Lopez,Consumer,United States,Houston,Texas,Central,OFF-EN-10001099,Office Supplies,Envelopes,Staple envelope,15.648,2,5.0856,Cards
7872,CA-2019-101672,03-10-2019,07-10-2019,Standard Class,DB-12910,Daniel Byrd,Home Office,United States,Lake Forest,California,West,OFF-LA-10002271,Office Supplies,Labels,Smead Alpha-Z Color-Coded Second Alphabetical Labels and Starter Set,6.16,2,2.9568,COD
7874,CA-2019-101672,03-10-2019,07-10-2019,Standard Class,DB-12910,Daniel Byrd,Home Office,United States,Lake Forest,California,West,OFF-PA-10004610,Office Supplies,Paper,Xerox 1900,8.56,2,3.852,COD
7875,CA-2019-101672,03-10-2019,07-10-2019,Standard Class,DB-12910,Daniel Byrd,Home Office,United States,Lake Forest,California,West,OFF-PA-10001878,Office Supplies,Paper,Xerox 1891,97.82,2,45.9754,COD
4304,CA-2019-121601,04-10-2019,04-10-2019,Same Day,MO-17500,Mary O'Rourke,Consumer,United States,The Colony,Texas,Central,OFF-EN-10003862,Office Supplies,Envelopes,Laser & Ink Jet Business Envelopes,59.752,7,19.4194,Cards
7666,US-2019-140158,04-10-2019,08-10-2019,Standard Class,DR-12940,Daniel Raglin,Home Office,United States,Providence,Rhode Island,East,OFF-BI-10000977,Office Supplies,Binders,Ibico Plastic Spiral Binding Combs,30.4,1,13.984,Online
7668,US-2019-140158,04-10-2019,08-10-2019,Standard Class,DR-12940,Daniel Raglin,Home Office,United States,Providence,Rhode Island,East,OFF-ST-10000136,Office Supplies,Storage,Letter Size File,119.1,3,34.539,COD
8157,CA-2019-131296,04-10-2019,09-10-2019,Standard Class,MS-17830,Melanie Seite,Consumer,United States,Baltimore,Maryland,East,FUR-TA-10002622,Furniture,Tables,"Bush Andora Conference Table, Maple/Graphite Gray Finish",239.372,2,-23.9372,Online
8922,CA-2019-145709,04-10-2019,08-10-2019,Standard Class,AH-10690,Anna Häberlin,Corporate,United States,Coral Gables,Florida,South,TEC-PH-10003095,Technology,Phones,Samsung HM1900 Bluetooth Headset,52.68,3,19.755,COD
8923,CA-2019-145709,04-10-2019,08-10-2019,Standard Class,AH-10690,Anna Häberlin,Corporate,United States,Coral Gables,Florida,South,FUR-FU-10002885,Furniture,Furnishings,Magna Visual Magnetic Picture Hangers,11.568,3,2.6028,COD
6265,US-2019-115952,06-10-2019,06-10-2019,Same Day,JH-15910,Jonathan Howell,Consumer,United States,Tulsa,Oklahoma,Central,OFF-BI-10004654,Office Supplies,Binders,Avery Binding System Hidden Tab Executive Style Index Sets,28.85,5,14.425,Cards
7643,US-2019-157490,06-10-2019,07-10-2019,First Class,LB-16795,Laurel Beltran,Home Office,United States,Pueblo,Colorado,West,OFF-BI-10002824,Office Supplies,Binders,Recycled Easel Ring Binders,17.904,4,-14.92,Online
7644,US-2019-157490,06-10-2019,07-10-2019,First Class,LB-16795,Laurel Beltran,Home Office,United States,Pueblo,Colorado,West,OFF-BI-10002571,Office Supplies,Binders,"Avery Framed View Binder, EZD Ring (Locking), Navy, 1 1/2""",11.976,4,-9.1816,Online
7645,US-2019-157490,06-10-2019,07-10-2019,First Class,LB-16795,Laurel Beltran,Home Office,United States,Pueblo,Colorado,West,TEC-AC-10001553,Technology,Accessories,"Memorex 25GB 6X Branded Blu-Ray Recordable Disc, 15/Pack",67.96,5,0.8495,Online
3449,CA-2019-162614,07-10-2019,13-10-2019,Standard Class,TB-21250,Tim Brockman,Consumer,United States,Los Angeles,California,West,OFF-BI-10004001,Office Supplies,Binders,GBC Recycled VeloBinder Covers,27.264,2,8.8608,Online
5004,CA-2019-155033,07-10-2019,12-10-2019,Standard Class,CC-12475,Cindy Chapman,Consumer,United States,Los Angeles,California,West,OFF-PA-10000143,Office Supplies,Paper,Astroparche Fine Business Paper,10.56,2,5.0688,COD
6377,CA-2019-163216,07-10-2019,10-10-2019,First Class,AW-10930,Arthur Wiediger,Home Office,United States,Philadelphia,Pennsylvania,East,OFF-LA-10000134,Office Supplies,Labels,Avery 511,4.928,2,1.7248,Online
5507,US-2019-162026,08-10-2019,08-10-2019,Same Day,JE-15745,Joel Eaton,Consumer,United States,Los Angeles,California,West,OFF-PA-10000167,Office Supplies,Paper,Xerox 1925,61.96,2,27.882,COD
5767,CA-2019-149685,08-10-2019,15-10-2019,Standard Class,PM-19135,Peter McVee,Home Office,United States,San Antonio,Texas,Central,OFF-LA-10004545,Office Supplies,Labels,Avery 50,60.144,6,20.2986,Online
2785,CA-2019-116974,09-10-2019,15-10-2019,Standard Class,MP-17965,Michael Paige,Corporate,United States,Troy,Ohio,East,TEC-PH-10004897,Technology,Phones,Mediabridge Sport Armband iPhone 5s,23.976,4,-15.5844,COD
6507,US-2019-128909,09-10-2019,11-10-2019,Second Class,SP-20545,Sibella Parks,Corporate,United States,Philadelphia,Pennsylvania,East,OFF-PA-10001593,Office Supplies,Paper,Xerox 1947,19.136,4,5.98,Online
6508,US-2019-128909,09-10-2019,11-10-2019,Second Class,SP-20545,Sibella Parks,Corporate,United States,Philadelphia,Pennsylvania,East,FUR-FU-10004071,Furniture,Furnishings,Luxo Professional Magnifying Clamp-On Fluorescent Lamps,332.832,4,-24.9624,Online
7357,CA-2019-114748,09-10-2019,14-10-2019,Standard Class,MZ-17335,Maria Zettner,Home Office,United States,Phoenix,Arizona,West,OFF-AR-10001315,Office Supplies,Art,Newell 310,1.408,1,0.1584,COD
7358,CA-2019-114748,09-10-2019,14-10-2019,Standard Class,MZ-17335,Maria Zettner,Home Office,United States,Phoenix,Arizona,West,FUR-FU-10001488,Furniture,Furnishings,"Tenex 46"" x 60"" Computer Anti-Static Chairmat, Rectangular Shaped",169.568,2,0.0,Online
7273,US-2019-150357,10-10-2019,14-10-2019,Standard Class,EB-13975,Erica Bern,Corporate,United States,Greensboro,North Carolina,South,OFF-SU-10004498,Office Supplies,Supplies,Martin-Yale Premier Letter Opener,20.608,2,-4.3792,Online
7274,US-2019-150357,10-10-2019,14-10-2019,Standard Class,EB-13975,Erica Bern,Corporate,United States,Greensboro,North Carolina,South,OFF-BI-10002557,Office Supplies,Binders,Presstex Flexible Ring Binders,4.095,3,-2.73,COD
7969,CA-2019-157707,10-10-2019,12-10-2019,First Class,CC-12610,Corey Catlett,Corporate,United States,Denver,Colorado,West,TEC-PH-10002583,Technology,Phones,iOttie HLCRIO102 Car Mount,15.992,1,-2.9985,Online
7970,CA-2019-157707,10-10-2019,12-10-2019,First Class,CC-12610,Corey Catlett,Corporate,United States,Denver,Colorado,West,FUR-CH-10004853,Furniture,Chairs,"Global Manager's Adjustable Task Chair, Storm",120.784,1,13.5882,Online
9835,CA-2019-126627,10-10-2019,12-10-2019,First Class,WB-21850,William Brown,Consumer,United States,La Porte,Texas,Central,FUR-FU-10004963,Furniture,Furnishings,"Eldon 400 Class Desk Accessories, Black Carbon",14.0,4,-6.3,COD
9836,CA-2019-126627,10-10-2019,12-10-2019,First Class,WB-21850,William Brown,Consumer,United States,La Porte,Texas,Central,OFF-BI-10001597,Office Supplies,Binders,"Wilson Jones Ledger-Size, Piano-Hinge Binder, 2"", Blue",16.392,2,-26.2272,Online
9751,CA-2019-113390,11-10-2019,15-10-2019,Standard Class,EP-13915,Emily Phan,Consumer,United States,Chicago,Illinois,Central,OFF-AR-10003183,Office Supplies,Art,Avery Fluorescent Highlighter Four-Color Set,5.344,2,0.668,COD
9752,CA-2019-113390,11-10-2019,15-10-2019,Standard Class,EP-13915,Emily Phan,Consumer,United States,Chicago,Illinois,Central,OFF-AR-10001446,Office Supplies,Art,Newell 309,27.72,3,3.465,Online
134,CA-2019-145583,13-10-2019,19-10-2019,Standard Class,LC-16885,Lena Creighton,Consumer,United States,Roseville,California,West,OFF-PA-10001804,Office Supplies,Paper,Xerox 195,20.04,3,9.6192,COD
135,CA-2019-145583,13-10-2019,19-10-2019,Standard Class,LC-16885,Lena Creighton,Consumer,United States,Roseville,California,West,OFF-PA-10001736,Office Supplies,Paper,Xerox 1880,35.44,1,16.6568,Online
136,CA-2019-145583,13-10-2019,19-10-2019,Standard Class,LC-16885,Lena Creighton,Consumer,United States,Roseville,California,West,OFF-AR-10001149,Office Supplies,Art,"Sanford Colorific Colored Pencils, 12/Box",11.52,4,3.456,COD
137,CA-2019-145583,13-10-2019,19-10-2019,Standard Class,LC-16885,Lena Creighton,Consumer,United States,Roseville,California,West,OFF-FA-10002988,Office Supplies,Fasteners,Ideal Clamps,4.02,2,1.9698,Online
138,CA-2019-145583,13-10-2019,19-10-2019,Standard Class,LC-16885,Lena Creighton,Consumer,United States,Roseville,California,West,OFF-BI-10004781,Office Supplies,Binders,GBC Wire Binding Strips,76.176,3,26.6616,Online
139,CA-2019-145583,13-10-2019,19-10-2019,Standard Class,LC-16885,Lena Creighton,Consumer,United States,Roseville,California,West,OFF-SU-10001218,Office Supplies,Supplies,Fiskars Softgrip Scissors,65.88,6,18.4464,Online
1865,US-2019-100839,13-10-2019,17-10-2019,Standard Class,NC-18625,Noah Childs,Corporate,United States,Aurora,Colorado,West,FUR-FU-10001617,Furniture,Furnishings,"Executive Impressions 8-1/2"" Career Panel/Partition Cubicle Clock",24.96,3,4.368,COD
2164,CA-2019-154018,13-10-2019,19-10-2019,Standard Class,HA-14920,Helen Andreada,Consumer,United States,Laredo,Texas,Central,TEC-AC-10002402,Technology,Accessories,Razer Kraken PRO Over Ear PC and Music Headset,191.976,3,23.997,Online
2165,CA-2019-154018,13-10-2019,19-10-2019,Standard Class,HA-14920,Helen Andreada,Consumer,United States,Laredo,Texas,Central,OFF-PA-10000551,Office Supplies,Paper,Array Memo Cubes,8.288,2,3.0044,Online
2167,CA-2019-154018,13-10-2019,19-10-2019,Standard Class,HA-14920,Helen Andreada,Consumer,United States,Laredo,Texas,Central,OFF-AR-10002067,Office Supplies,Art,Newell 334,15.872,1,1.1904,Online
2168,CA-2019-154018,13-10-2019,19-10-2019,Standard Class,HA-14920,Helen Andreada,Consumer,United States,Laredo,Texas,Central,OFF-BI-10004140,Office Supplies,Binders,Avery Non-Stick Binders,6.286,7,-11.0005,Online
6441,CA-2019-101161,13-10-2019,20-10-2019,Standard Class,BW-11110,Bart Watters,Corporate,United States,New York City,New York,East,OFF-AR-10001860,Office Supplies,Art,BIC Liqua Brite Liner,34.7,5,12.492,COD
6442,CA-2019-101161,13-10-2019,20-10-2019,Standard Class,BW-11110,Bart Watters,Corporate,United States,New York City,New York,East,OFF-ST-10003123,Office Supplies,Storage,Fellowes Bases and Tops For Staxonsteel/High-Stak Systems,99.87,3,23.9688,COD
6443,CA-2019-101161,13-10-2019,20-10-2019,Standard Class,BW-11110,Bart Watters,Corporate,United States,New York City,New York,East,OFF-PA-10001295,Office Supplies,Paper,Computer Printout Paper with Letter-Trim Perforations,37.94,2,18.2112,COD
6444,CA-2019-101161,13-10-2019,20-10-2019,Standard Class,BW-11110,Bart Watters,Corporate,United States,New York City,New York,East,OFF-LA-10000407,Office Supplies,Labels,Avery White Multi-Purpose Labels,24.9,5,11.454,COD
6445,CA-2019-101161,13-10-2019,20-10-2019,Standard Class,BW-11110,Bart Watters,Corporate,United States,New York City,New York,East,FUR-FU-10003535,Furniture,Furnishings,Howard Miller Distant Time Traveler Alarm Clock,82.26,3,33.7266,Online
1485,US-2019-108098,14-10-2019,18-10-2019,Standard Class,CP-12340,Christine Phan,Corporate,United States,Seattle,Washington,West,TEC-AC-10000865,Technology,Accessories,WD My Passport Ultra 500GB Portable External Hard Drive,177.0,3,30.09,Online
3801,CA-2019-156503,14-10-2019,20-10-2019,Standard Class,NC-18415,Nathan Cano,Consumer,United States,Jacksonville,North Carolina,South,FUR-CH-10003606,Furniture,Chairs,SAFCO Folding Chair Trolley,102.592,1,10.2592,Online
3802,CA-2019-156503,14-10-2019,20-10-2019,Standard Class,NC-18415,Nathan Cano,Consumer,United States,Jacksonville,North Carolina,South,TEC-AC-10002473,Technology,Accessories,Maxell 4.7GB DVD-R,22.704,1,5.9598,COD
3803,CA-2019-156503,14-10-2019,20-10-2019,Standard Class,NC-18415,Nathan Cano,Consumer,United States,Jacksonville,North Carolina,South,OFF-PA-10002319,Office Supplies,Paper,Xerox 1944,93.024,3,33.7212,COD
3804,CA-2019-156503,14-10-2019,20-10-2019,Standard Class,NC-18415,Nathan Cano,Consumer,United States,Jacksonville,North Carolina,South,OFF-SU-10000946,Office Supplies,Supplies,Staple remover,12.768,2,1.4364,Online
3805,CA-2019-156503,14-10-2019,20-10-2019,Standard Class,NC-18415,Nathan Cano,Consumer,United States,Jacksonville,North Carolina,South,OFF-EN-10001335,Office Supplies,Envelopes,"White Business Envelopes with Contemporary Seam, Recycled White Business Envelopes",35.008,4,13.128,COD
3806,CA-2019-156503,14-10-2019,20-10-2019,Standard Class,NC-18415,Nathan Cano,Consumer,United States,Jacksonville,North Carolina,South,OFF-PA-10002377,Office Supplies,Paper,Xerox 1916,39.152,1,14.682,COD
2176,CA-2019-125738,15-10-2019,21-10-2019,Standard Class,PB-18805,Patrick Bzostek,Home Office,United States,Salt Lake City,Utah,West,OFF-PA-10000740,Office Supplies,Paper,Xerox 1982,45.68,2,21.0128,Online
2177,CA-2019-125738,15-10-2019,21-10-2019,Standard Class,PB-18805,Patrick Bzostek,Home Office,United States,Salt Lake City,Utah,West,OFF-PA-10003001,Office Supplies,Paper,Xerox 1986,60.12,9,28.8576,COD
2178,CA-2019-125738,15-10-2019,21-10-2019,Standard Class,PB-18805,Patrick Bzostek,Home Office,United States,Salt Lake City,Utah,West,OFF-BI-10001628,Office Supplies,Binders,"Acco Data Flex Cable Posts For Top & Bottom Load Binders, 6"" Capacity",41.72,5,13.0375,Online
2179,CA-2019-125738,15-10-2019,21-10-2019,Standard Class,PB-18805,Patrick Bzostek,Home Office,United States,Salt Lake City,Utah,West,OFF-PA-10001509,Office Supplies,Paper,"Recycled Desk Saver Line ""While You Were Out"" Book, 5 1/2"" X 4""",71.6,8,32.936,Online
2519,CA-2019-124352,15-10-2019,21-10-2019,Standard Class,CD-12790,Cynthia Delaney,Home Office,United States,Oklahoma City,Oklahoma,Central,OFF-LA-10004559,Office Supplies,Labels,Avery 49,20.16,7,9.8784,COD
2520,CA-2019-124352,15-10-2019,21-10-2019,Standard Class,CD-12790,Cynthia Delaney,Home Office,United States,Oklahoma City,Oklahoma,Central,OFF-LA-10003223,Office Supplies,Labels,Avery 508,29.46,6,14.4354,Online
2522,CA-2019-124352,15-10-2019,21-10-2019,Standard Class,CD-12790,Cynthia Delaney,Home Office,United States,Oklahoma City,Oklahoma,Central,OFF-PA-10003177,Office Supplies,Paper,Xerox 1999,12.96,2,6.2208,Online
2523,CA-2019-124352,15-10-2019,21-10-2019,Standard Class,CD-12790,Cynthia Delaney,Home Office,United States,Oklahoma City,Oklahoma,Central,TEC-PH-10003442,Technology,Phones,Samsung Replacement EH64AVFWE Premium Headset,5.5,1,1.375,Online
3696,CA-2019-142097,15-10-2019,20-10-2019,Standard Class,QJ-19255,Quincy Jones,Corporate,United States,Springfield,Virginia,South,OFF-EN-10002312,Office Supplies,Envelopes,#10 Self-Seal White Envelopes,66.54,6,32.6046,Online
3697,CA-2019-142097,15-10-2019,20-10-2019,Standard Class,QJ-19255,Quincy Jones,Corporate,United States,Springfield,Virginia,South,OFF-AP-10000696,Office Supplies,Appliances,Holmes Odor Grabber,43.26,3,14.2758,Online
1499,CA-2019-141586,17-10-2019,20-10-2019,First Class,NK-18490,Neil Knudson,Home Office,United States,San Francisco,California,West,OFF-BI-10003981,Office Supplies,Binders,"Avery Durable Plastic 1"" Binders",18.16,5,6.583,Online
8371,CA-2019-163972,17-10-2019,21-10-2019,Standard Class,MG-17890,Michael Granlund,Home Office,United States,Fresno,California,West,FUR-BO-10003894,Furniture,Bookcases,"Safco Value Mate Steel Bookcase, Baked Enamel Finish on Steel, Black",120.666,2,21.294,Online
9201,CA-2019-152688,17-10-2019,20-10-2019,First Class,NR-18550,Nick Radford,Consumer,United States,Perth Amboy,New Jersey,East,FUR-BO-10001337,Furniture,Bookcases,O'Sullivan Living Dimensions 2-Shelf Bookcases,120.98,1,12.098,COD
513,CA-2019-106341,20-10-2019,23-10-2019,First Class,LF-17185,Luke Foster,Consumer,United States,Newark,Ohio,East,OFF-AR-10002053,Office Supplies,Art,"Premium Writing Pencils, Soft, #2 by Central Association for the Blind",7.152,3,0.7152,Online
6206,CA-2019-133697,20-10-2019,24-10-2019,Second Class,CM-12445,Chuck Magee,Consumer,United States,Houston,Texas,Central,OFF-PA-10000726,Office Supplies,Paper,"Black Print Carbonless Snap-Off Rapid Letter, 8 1/2"" x 7""",51.016,7,15.9425,COD
6207,CA-2019-133697,20-10-2019,24-10-2019,Second Class,CM-12445,Chuck Magee,Consumer,United States,Houston,Texas,Central,OFF-FA-10003112,Office Supplies,Fasteners,Staples,25.248,4,7.89,Online
6208,CA-2019-133697,20-10-2019,24-10-2019,Second Class,CM-12445,Chuck Magee,Consumer,United States,Houston,Texas,Central,FUR-CH-10002372,Furniture,Chairs,Office Star - Ergonomically Designed Knee Chair,56.686,1,-14.5764,Online
6219,CA-2019-160220,20-10-2019,26-10-2019,Standard Class,JS-16030,Joy Smith,Consumer,United States,Trenton,Michigan,Central,TEC-PH-10001300,Technology,Phones,"iKross Bluetooth Portable Keyboard + Cell Phone Stand Holder + Brush for Apple iPhone 5S 5C 5, 4S 4",125.7,6,35.196,Online
6221,CA-2019-160220,20-10-2019,26-10-2019,Standard Class,JS-16030,Joy Smith,Consumer,United States,Trenton,Michigan,Central,OFF-ST-10000617,Office Supplies,Storage,Woodgrain Magazine Files by Perma,20.86,7,1.4602,Online
6611,CA-2019-168921,20-10-2019,22-10-2019,First Class,AG-10495,Andrew Gjertsen,Corporate,United States,Los Angeles,California,West,OFF-BI-10004209,Office Supplies,Binders,"Fellowes Twister Kit, Gray/Clear, 3/pkg",19.296,3,6.03,COD
8086,CA-2019-105753,20-10-2019,26-10-2019,Standard Class,LC-16960,Lindsay Castell,Home Office,United States,Arlington,Virginia,South,FUR-FU-10000246,Furniture,Furnishings,Aluminum Document Frame,61.1,5,18.33,Online
8273,CA-2019-139549,20-10-2019,25-10-2019,Standard Class,MY-18295,Muhammed Yedwab,Corporate,United States,El Cajon,California,West,FUR-CH-10001802,Furniture,Chairs,Hon Every-Day Chair Series Swivel Task Chairs,387.136,4,4.8392,Online
367,CA-2019-155516,21-10-2019,21-10-2019,Same Day,MK-17905,Michael Kennedy,Corporate,United States,Manchester,Connecticut,East,OFF-BI-10002412,Office Supplies,Binders,Wilson Jones “Snap” Scratch Pad Binder Tool for Ring Binders,23.2,4,10.44,COD
368,CA-2019-155516,21-10-2019,21-10-2019,Same Day,MK-17905,Michael Kennedy,Corporate,United States,Manchester,Connecticut,East,OFF-SU-10001225,Office Supplies,Supplies,Staple remover,7.36,2,0.1472,Online
369,CA-2019-155516,21-10-2019,21-10-2019,Same Day,MK-17905,Michael Kennedy,Corporate,United States,Manchester,Connecticut,East,OFF-ST-10002406,Office Supplies,Storage,Pizazz Global Quick File,104.79,7,29.3412,COD
1105,CA-2019-112340,21-10-2019,27-10-2019,Standard Class,NM-18520,Neoma Murray,Consumer,United States,Riverside,California,West,OFF-PA-10001892,Office Supplies,Paper,"Rediform Wirebound ""Phone Memo"" Message Book, 11 x 5-3/4",22.92,3,11.2308,Cards
2776,CA-2019-144729,21-10-2019,25-10-2019,Standard Class,JE-15745,Joel Eaton,Consumer,United States,San Diego,California,West,OFF-ST-10004804,Office Supplies,Storage,"Belkin 19"" Vented Equipment Shelf, Black",154.44,3,1.5444,Online
3486,CA-2019-151169,21-10-2019,26-10-2019,Standard Class,MY-18295,Muhammed Yedwab,Corporate,United States,Newark,Delaware,East,OFF-BI-10002813,Office Supplies,Binders,Avery Reinforcements for Hole-Punch Pages,7.92,4,3.564,Cards
4186,CA-2019-111493,21-10-2019,22-10-2019,First Class,CM-12160,Charles McCrossin,Consumer,United States,Baltimore,Maryland,East,TEC-AC-10004510,Technology,Accessories,Logitech Desktop MK120 Mouse and keyboard Combo,98.16,6,9.816,Cards
7817,CA-2019-138478,21-10-2019,26-10-2019,Second Class,DP-13390,Dennis Pardue,Home Office,United States,North Las Vegas,Nevada,West,OFF-AR-10002240,Office Supplies,Art,Panasonic KP-150 Electric Pencil Sharpener,113.22,3,29.4372,Cards
7818,CA-2019-138478,21-10-2019,26-10-2019,Second Class,DP-13390,Dennis Pardue,Home Office,United States,North Las Vegas,Nevada,West,OFF-PA-10001801,Office Supplies,Paper,Xerox 193,35.88,6,17.5812,COD
7822,CA-2019-169334,21-10-2019,24-10-2019,Second Class,GW-14605,Giulietta Weimer,Consumer,United States,Jackson,Tennessee,South,OFF-ST-10004950,Office Supplies,Storage,"Tenex Personal Filing Tote With Secure Closure Lid, Black/Frost",111.672,9,6.9795,Cards
8030,CA-2019-166373,21-10-2019,25-10-2019,Standard Class,JF-15565,Jill Fjeld,Consumer,United States,San Antonio,Texas,Central,TEC-AC-10002323,Technology,Accessories,SanDisk Ultra 32 GB MicroSDHC Class 10 Memory Card,106.08,6,-9.282,COD
9707,CA-2019-161746,21-10-2019,27-10-2019,Standard Class,CS-11950,Carlos Soltero,Consumer,United States,Los Angeles,California,West,FUR-CH-10004626,Furniture,Chairs,Office Star Flex Back Scooter Chair with Aluminum Finish Frame,242.136,3,12.1068,COD
9708,CA-2019-161746,21-10-2019,27-10-2019,Standard Class,CS-11950,Carlos Soltero,Consumer,United States,Los Angeles,California,West,OFF-AR-10000390,Office Supplies,Art,Newell Chalk Holder,12.39,3,5.6994,Online
9709,CA-2019-161746,21-10-2019,27-10-2019,Standard Class,CS-11950,Carlos Soltero,Consumer,United States,Los Angeles,California,West,FUR-FU-10003731,Furniture,Furnishings,"Eldon Expressions Wood and Plastic Desk Accessories, Oak",19.96,2,5.5888,COD
9710,CA-2019-161746,21-10-2019,27-10-2019,Standard Class,CS-11950,Carlos Soltero,Consumer,United States,Los Angeles,California,West,OFF-ST-10002743,Office Supplies,Storage,SAFCO Boltless Steel Shelving,340.92,3,3.4092,Cards
9806,CA-2019-136322,21-10-2019,26-10-2019,Standard Class,AP-10720,Anne Pryor,Home Office,United States,Fort Lauderdale,Florida,South,FUR-FU-10002878,Furniture,Furnishings,"Seth Thomas 14"" Day/Date Wall Clock",45.568,2,9.6832,COD
9807,CA-2019-136322,21-10-2019,26-10-2019,Standard Class,AP-10720,Anne Pryor,Home Office,United States,Fort Lauderdale,Florida,South,OFF-BI-10004817,Office Supplies,Binders,GBC Personal VeloBind Strips,28.752,8,-21.0848,COD
884,CA-2019-165148,22-10-2019,24-10-2019,First Class,PM-19135,Peter McVee,Home Office,United States,Detroit,Michigan,Central,FUR-FU-10000732,Furniture,Furnishings,Eldon 200 Class Desk Accessories,31.4,5,10.048,Cards
3977,US-2019-116400,22-10-2019,24-10-2019,First Class,EB-13930,Eric Barreto,Consumer,United States,Richmond,Virginia,South,FUR-FU-10003731,Furniture,Furnishings,"Eldon Expressions Wood and Plastic Desk Accessories, Oak",39.92,4,11.1776,COD
6580,CA-2019-169887,22-10-2019,22-10-2019,Same Day,MS-17530,MaryBeth Skach,Consumer,United States,Seattle,Washington,West,OFF-PA-10003001,Office Supplies,Paper,Xerox 1986,6.68,1,3.2064,COD
6581,CA-2019-169887,22-10-2019,22-10-2019,Same Day,MS-17530,MaryBeth Skach,Consumer,United States,Seattle,Washington,West,OFF-AR-10002766,Office Supplies,Art,Prang Drawing Pencil Set,8.34,3,2.2518,Online
6582,CA-2019-169887,22-10-2019,22-10-2019,Same Day,MS-17530,MaryBeth Skach,Consumer,United States,Seattle,Washington,West,FUR-FU-10003095,Furniture,Furnishings,"Linden 12"" Wall Clock With Oak Frame",101.94,3,30.582,Cards
1810,CA-2019-165484,23-10-2019,29-10-2019,Standard Class,HK-14890,Heather Kirkland,Corporate,United States,Chicago,Illinois,Central,FUR-FU-10001196,Furniture,Furnishings,DAX Cubicle Frames - 8x10,16.156,7,-12.117,COD
1811,CA-2019-165484,23-10-2019,29-10-2019,Standard Class,HK-14890,Heather Kirkland,Corporate,United States,Chicago,Illinois,Central,OFF-PA-10000595,Office Supplies,Paper,Xerox 1929,54.816,3,17.8152,Cards
5136,CA-2019-151323,23-10-2019,28-10-2019,Standard Class,AB-10255,Alejandro Ballentine,Home Office,United States,Seattle,Washington,West,OFF-FA-10002983,Office Supplies,Fasteners,Advantus SlideClip Paper Clips,17.05,5,8.184,Cards
5624,CA-2019-121748,24-10-2019,28-10-2019,Second Class,VW-21775,Victoria Wilson,Corporate,United States,Los Angeles,California,West,TEC-AC-10003063,Technology,Accessories,Micro Innovations USB RF Wireless Keyboard with Mouse,100.0,4,21.0,COD
5625,CA-2019-121748,24-10-2019,28-10-2019,Second Class,VW-21775,Victoria Wilson,Corporate,United States,Los Angeles,California,West,TEC-AC-10002637,Technology,Accessories,Logitech VX Revolution Cordless Laser Mouse for Notebooks (Black),359.98,2,21.5988,COD
6287,CA-2019-121020,24-10-2019,31-10-2019,Standard Class,CG-12040,Catherine Glotzbach,Home Office,United States,Lebanon,Tennessee,South,TEC-PH-10001061,Technology,Phones,Apple iPhone 5C,239.976,3,17.9982,COD
7760,CA-2019-158925,24-10-2019,28-10-2019,Standard Class,JP-15460,Jennifer Patt,Corporate,United States,Houston,Texas,Central,OFF-PA-10003072,Office Supplies,Paper,"Eureka Recycled Copy Paper 8 1/2"" x 11"", Ream",15.552,3,5.4432,Online
479,CA-2019-152632,27-10-2019,02-11-2019,Standard Class,JE-15475,Jeremy Ellison,Consumer,United States,Troy,New York,East,FUR-FU-10002671,Furniture,Furnishings,Electrix 20W Halogen Replacement Bulb for Zoom-In Desk Lamp,40.2,3,19.296,Cards
4387,CA-2019-156811,27-10-2019,02-11-2019,Standard Class,BP-11095,Bart Pistole,Corporate,United States,San Francisco,California,West,OFF-AP-10001366,Office Supplies,Appliances,Staple holder,43.92,4,11.8584,COD
4388,CA-2019-156811,27-10-2019,02-11-2019,Standard Class,BP-11095,Bart Pistole,Corporate,United States,San Francisco,California,West,OFF-BI-10001628,Office Supplies,Binders,"Acco Data Flex Cable Posts For Top & Bottom Load Binders, 6"" Capacity",25.032,3,7.8225,Online
8598,US-2019-117387,27-10-2019,31-10-2019,Standard Class,PA-19060,Pete Armstrong,Home Office,United States,San Francisco,California,West,OFF-BI-10004308,Office Supplies,Binders,Avery Legal 4-Ring Binder,67.136,4,25.176,Online
9534,CA-2019-116596,27-10-2019,31-10-2019,Standard Class,BW-11200,Ben Wallace,Consumer,United States,New York City,New York,East,OFF-FA-10000134,Office Supplies,Fasteners,"Advantus Push Pins, Aluminum Head",40.67,7,12.6077,Online
9535,CA-2019-116596,27-10-2019,31-10-2019,Standard Class,BW-11200,Ben Wallace,Consumer,United States,New York City,New York,East,OFF-ST-10000636,Office Supplies,Storage,Rogers Profile Extra Capacity Storage Tub,33.48,2,1.3392,COD
9536,CA-2019-116596,27-10-2019,31-10-2019,Standard Class,BW-11200,Ben Wallace,Consumer,United States,New York City,New York,East,OFF-BI-10002949,Office Supplies,Binders,Prestige Round Ring Binders,9.728,2,3.2832,COD
218,CA-2019-130162,28-10-2019,01-11-2019,Standard Class,JH-15910,Jonathan Howell,Consumer,United States,Los Angeles,California,West,OFF-ST-10001328,Office Supplies,Storage,"Personal Filing Tote with Lid, Black/Gray",93.06,6,26.0568,Online
219,CA-2019-130162,28-10-2019,01-11-2019,Standard Class,JH-15910,Jonathan Howell,Consumer,United States,Los Angeles,California,West,TEC-PH-10002563,Technology,Phones,Adtran 1202752G1,302.376,3,22.6782,COD
299,CA-2019-142545,28-10-2019,03-11-2019,Standard Class,JD-15895,Jonathan Doherty,Corporate,United States,Belleville,New Jersey,East,OFF-PA-10002105,Office Supplies,Paper,Xerox 223,32.4,5,15.552,Cards
301,CA-2019-142545,28-10-2019,03-11-2019,Standard Class,JD-15895,Jonathan Doherty,Corporate,United States,Belleville,New Jersey,East,OFF-PA-10004243,Office Supplies,Paper,Xerox 1939,56.91,3,27.3168,Online
302,CA-2019-142545,28-10-2019,03-11-2019,Standard Class,JD-15895,Jonathan Doherty,Corporate,United States,Belleville,New Jersey,East,FUR-FU-10001861,Furniture,Furnishings,"Floodlight Indoor Halogen Bulbs, 1 Bulb per Pack, 60 Watts",77.6,4,38.024,Cards
303,CA-2019-142545,28-10-2019,03-11-2019,Standard Class,JD-15895,Jonathan Doherty,Corporate,United States,Belleville,New Jersey,East,OFF-BI-10002706,Office Supplies,Binders,Avery Premier Heavy-Duty Binder with Round Locking Rings,14.28,1,6.5688,Online
382,CA-2019-134775,28-10-2019,29-10-2019,First Class,AS-10285,Alejandro Savely,Corporate,United States,San Francisco,California,West,OFF-PA-10004734,Office Supplies,Paper,Southworth Structures Collection,50.96,7,25.48,Online
383,CA-2019-134775,28-10-2019,29-10-2019,First Class,AS-10285,Alejandro Savely,Corporate,United States,San Francisco,California,West,OFF-BI-10002225,Office Supplies,Binders,"Square Ring Data Binders, Rigid 75 Pt. Covers, 11"" x 14-7/8""",49.536,3,17.3376,Online
1235,CA-2019-144344,28-10-2019,28-10-2019,Same Day,PG-18820,Patrick Gardner,Consumer,United States,Boynton Beach,Florida,South,FUR-FU-10000076,Furniture,Furnishings,24-Hour Round Wall Clock,47.952,3,13.7862,Cards
1237,CA-2019-144344,28-10-2019,28-10-2019,Same Day,PG-18820,Patrick Gardner,Consumer,United States,Boynton Beach,Florida,South,FUR-FU-10003268,Furniture,Furnishings,Eldon Radial Chair Mat for Low to Medium Pile Carpets,63.968,2,0.0,Cards
1238,CA-2019-144344,28-10-2019,28-10-2019,Same Day,PG-18820,Patrick Gardner,Consumer,United States,Boynton Beach,Florida,South,FUR-FU-10003553,Furniture,Furnishings,"Howard Miller 13-1/2"" Diameter Rosebrook Wall Clock",165.048,3,41.262,COD
1262,US-2019-144393,28-10-2019,04-11-2019,Standard Class,SM-20950,Suzanne McNair,Corporate,United States,Greenville,North Carolina,South,OFF-BI-10004236,Office Supplies,Binders,"XtraLife ClearVue Slant-D Ring Binder, White, 3""",17.616,4,-14.0928,Online
3878,CA-2019-140641,28-10-2019,02-11-2019,Standard Class,EP-13915,Emily Phan,Consumer,United States,Tampa,Florida,South,OFF-BI-10001191,Office Supplies,Binders,Canvas Sectional Post Binders,38.19,5,-26.733,COD
4951,CA-2019-125815,28-10-2019,01-11-2019,Second Class,DL-13330,Denise Leinenbach,Consumer,United States,New York City,New York,East,OFF-AR-10004441,Office Supplies,Art,BIC Brite Liner Highlighters,12.42,3,5.2164,Online
1536,CA-2019-112389,29-10-2019,02-11-2019,Standard Class,JM-15655,Jim Mitchum,Corporate,United States,Bridgeton,New Jersey,East,OFF-ST-10000419,Office Supplies,Storage,"Rogers Jumbo File, Granite",40.74,3,0.4074,Cards
1537,CA-2019-112389,29-10-2019,02-11-2019,Standard Class,JM-15655,Jim Mitchum,Corporate,United States,Bridgeton,New Jersey,East,OFF-AP-10001626,Office Supplies,Appliances,"Commercial WindTunnel Clean Air Upright Vacuum, Replacement Belts, Filtration Bags",11.67,3,3.0342,COD
3168,CA-2019-146682,29-10-2019,31-10-2019,First Class,KW-16435,Katrina Willman,Consumer,United States,Lansing,Michigan,Central,FUR-FU-10002671,Furniture,Furnishings,Electrix 20W Halogen Replacement Bulb for Zoom-In Desk Lamp,67.0,5,32.16,Online
6241,US-2019-131912,29-10-2019,01-11-2019,Second Class,LH-17155,Logan Haushalter,Consumer,United States,Los Angeles,California,West,OFF-BI-10004236,Office Supplies,Binders,"XtraLife ClearVue Slant-D Ring Binder, White, 3""",11.744,1,3.8168,Online
3292,CA-2019-167290,30-10-2019,04-11-2019,Standard Class,JF-15295,Jason Fortune-,Consumer,United States,Sterling Heights,Michigan,Central,OFF-AR-10004078,Office Supplies,Art,Newell 312,11.68,2,3.504,Online
9203,CA-2019-153836,30-10-2019,03-11-2019,Standard Class,EH-13765,Edward Hooks,Corporate,United States,New York City,New York,East,OFF-BI-10004817,Office Supplies,Binders,GBC Personal VeloBind Strips,28.752,3,10.0632,Cards
9204,CA-2019-153836,30-10-2019,03-11-2019,Standard Class,EH-13765,Edward Hooks,Corporate,United States,New York City,New York,East,OFF-AR-10004602,Office Supplies,Art,Boston KS Multi-Size Manual Pencil Sharpener,114.95,5,32.186,Online
9702,CA-2019-105291,30-10-2019,04-11-2019,Standard Class,SP-20920,Susan Pistek,Consumer,United States,San Luis Obispo,California,West,OFF-FA-10003059,Office Supplies,Fasteners,Assorted Color Push Pins,3.62,2,1.1946,Cards
2448,CA-2019-119165,31-10-2019,06-11-2019,Standard Class,BD-11320,Bill Donatelli,Consumer,United States,Philadelphia,Pennsylvania,East,FUR-CH-10000988,Furniture,Chairs,Hon Olson Stacker Stools,492.835,5,-14.081,COD
6138,US-2019-142251,31-10-2019,04-11-2019,Second Class,FO-14305,Frank Olsen,Consumer,United States,Hollywood,Florida,South,OFF-PA-10002986,Office Supplies,Paper,Xerox 1898,32.064,6,11.2224,Online
6419,CA-2019-140130,31-10-2019,05-11-2019,Standard Class,HW-14935,Helen Wasserman,Corporate,United States,Tulsa,Oklahoma,Central,OFF-SU-10001218,Office Supplies,Supplies,Fiskars Softgrip Scissors,21.96,2,6.1488,COD
6421,CA-2019-140130,31-10-2019,05-11-2019,Standard Class,HW-14935,Helen Wasserman,Corporate,United States,Tulsa,Oklahoma,Central,OFF-AR-10004269,Office Supplies,Art,Newell 31,12.39,3,3.4692,COD
6422,CA-2019-140130,31-10-2019,05-11-2019,Standard Class,HW-14935,Helen Wasserman,Corporate,United States,Tulsa,Oklahoma,Central,OFF-ST-10001128,Office Supplies,Storage,"Carina Mini System Audio Rack, Model AR050B",332.94,3,9.9882,Cards
1401,CA-2019-159212,01-11-2019,05-11-2019,Standard Class,KM-16375,Katherine Murray,Home Office,United States,Salem,Virginia,South,TEC-PH-10003988,Technology,Phones,"LF Elite 3D Dazzle Designer Hard Case Cover, Lf Stylus Pen and Wiper For Apple Iphone 5c Mini Lite",21.8,2,6.104,COD
3378,CA-2019-100671,01-11-2019,04-11-2019,First Class,CS-12490,Cindy Schnelling,Corporate,United States,Conroe,Texas,Central,OFF-ST-10004950,Office Supplies,Storage,"Tenex Personal Filing Tote With Secure Closure Lid, Black/Frost",111.672,9,6.9795,Online
4061,CA-2019-129196,01-11-2019,07-11-2019,Standard Class,XP-21865,Xylona Preis,Consumer,United States,Chicago,Illinois,Central,TEC-AC-10002473,Technology,Accessories,Maxell 4.7GB DVD-R,68.112,3,17.8794,Online
112,CA-2019-128867,03-11-2019,10-11-2019,Standard Class,CL-12565,Clay Ludtke,Consumer,United States,Urbandale,Iowa,Central,OFF-AR-10000380,Office Supplies,Art,"Hunt PowerHouse Electric Pencil Sharpener, Blue",75.96,2,22.788,Online
113,CA-2019-128867,03-11-2019,10-11-2019,Standard Class,CL-12565,Clay Ludtke,Consumer,United States,Urbandale,Iowa,Central,OFF-BI-10003981,Office Supplies,Binders,"Avery Durable Plastic 1"" Binders",27.24,6,13.3476,Online
575,CA-2019-127250,03-11-2019,07-11-2019,Standard Class,SF-20200,Sarah Foster,Consumer,United States,Marysville,Washington,West,OFF-AR-10003394,Office Supplies,Art,Newell 332,8.82,3,2.3814,Online
2475,CA-2019-114972,03-11-2019,06-11-2019,First Class,PF-19225,Phillip Flathmann,Consumer,United States,Los Angeles,California,West,TEC-AC-10000682,Technology,Accessories,Kensington K72356US Mouse-in-a-Box USB Desktop Mouse,82.95,5,29.0325,Cards
2476,CA-2019-114972,03-11-2019,06-11-2019,First Class,PF-19225,Phillip Flathmann,Consumer,United States,Los Angeles,California,West,OFF-LA-10004545,Office Supplies,Labels,Avery 50,87.71,7,41.2237,Online
4431,CA-2019-168893,03-11-2019,08-11-2019,Second Class,AP-10915,Arthur Prichep,Consumer,United States,Henderson,Kentucky,South,OFF-FA-10002280,Office Supplies,Fasteners,Advantus Plastic Paper Clips,20.0,4,9.6,Online
4432,CA-2019-168893,03-11-2019,08-11-2019,Second Class,AP-10915,Arthur Prichep,Consumer,United States,Henderson,Kentucky,South,OFF-AR-10001770,Office Supplies,Art,Economy #2 Pencils,7.98,3,2.0748,COD
4433,CA-2019-168893,03-11-2019,08-11-2019,Second Class,AP-10915,Arthur Prichep,Consumer,United States,Henderson,Kentucky,South,FUR-FU-10002885,Furniture,Furnishings,Magna Visual Magnetic Picture Hangers,24.1,5,9.158,Cards
4434,CA-2019-168893,03-11-2019,08-11-2019,Second Class,AP-10915,Arthur Prichep,Consumer,United States,Henderson,Kentucky,South,OFF-AR-10003772,Office Supplies,Art,Boston 16750 Black Compact Battery Pencil Sharpener,8.75,1,2.625,Online
4481,CA-2019-109365,03-11-2019,08-11-2019,Standard Class,XP-21865,Xylona Preis,Consumer,United States,Los Angeles,California,West,OFF-FA-10001561,Office Supplies,Fasteners,Stockwell Push Pins,15.26,7,5.0358,Online
4482,CA-2019-109365,03-11-2019,08-11-2019,Standard Class,XP-21865,Xylona Preis,Consumer,United States,Los Angeles,California,West,OFF-AP-10002998,Office Supplies,Appliances,Holmes 99% HEPA Air Purifier,43.32,2,14.2956,Online
4485,CA-2019-109365,03-11-2019,08-11-2019,Standard Class,XP-21865,Xylona Preis,Consumer,United States,Los Angeles,California,West,OFF-BI-10002071,Office Supplies,Binders,Fellowes Black Plastic Comb Bindings,9.296,2,3.0212,Online
4486,CA-2019-109365,03-11-2019,08-11-2019,Standard Class,XP-21865,Xylona Preis,Consumer,United States,Los Angeles,California,West,OFF-PA-10000477,Office Supplies,Paper,Xerox 22,19.44,3,9.3312,Cards
7046,CA-2019-160136,03-11-2019,09-11-2019,Standard Class,PJ-18835,Patrick Jones,Corporate,United States,Dallas,Texas,Central,OFF-PA-10002160,Office Supplies,Paper,Xerox 1978,9.248,2,3.3524,Online
8942,CA-2019-159023,03-11-2019,05-11-2019,First Class,NW-18400,Natalie Webber,Consumer,United States,Portland,Oregon,West,OFF-BI-10002813,Office Supplies,Binders,Avery Reinforcements for Hole-Punch Pages,4.158,7,-3.465,COD
8967,CA-2019-134180,03-11-2019,07-11-2019,Standard Class,JP-16135,Julie Prescott,Home Office,United States,Philadelphia,Pennsylvania,East,TEC-AC-10000892,Technology,Accessories,NETGEAR N750 Dual Band Wi-Fi Gigabit Router,72.0,1,14.4,COD
8968,CA-2019-134180,03-11-2019,07-11-2019,Standard Class,JP-16135,Julie Prescott,Home Office,United States,Philadelphia,Pennsylvania,East,FUR-CH-10004886,Furniture,Chairs,Bevis Steel Folding Chairs,470.155,7,-13.433,Cards
665,CA-2019-143308,04-11-2019,04-11-2019,Same Day,RC-19825,Roy Collins,Consumer,United States,Louisville,Kentucky,South,OFF-FA-10000621,Office Supplies,Fasteners,"OIC Colored Binder Clips, Assorted Sizes",10.74,3,5.2626,COD
703,CA-2019-163755,04-11-2019,08-11-2019,Second Class,AS-10285,Alejandro Savely,Corporate,United States,Seattle,Washington,West,FUR-FU-10003394,Furniture,Furnishings,"Tenex ""The Solids"" Textured Chair Mats",209.88,3,35.6796,COD
2946,CA-2019-166443,04-11-2019,05-11-2019,First Class,LH-17020,Lisa Hazard,Consumer,United States,San Francisco,California,West,FUR-FU-10004020,Furniture,Furnishings,Advantus Panel Wall Acrylic Frame,38.29,7,16.4647,COD
6306,CA-2019-163328,04-11-2019,06-11-2019,Second Class,TP-21565,Tracy Poddar,Corporate,United States,Eugene,Oregon,West,OFF-SU-10002301,Office Supplies,Supplies,Serrated Blade or Curved Handle Hand Letter Openers,17.584,7,-4.1762,Online
6307,CA-2019-163328,04-11-2019,06-11-2019,Second Class,TP-21565,Tracy Poddar,Corporate,United States,Eugene,Oregon,West,FUR-CH-10003298,Furniture,Chairs,"Office Star - Contemporary Task Swivel chair with Loop Arms, Charcoal",104.784,1,-14.4078,Cards
6308,CA-2019-163328,04-11-2019,06-11-2019,Second Class,TP-21565,Tracy Poddar,Corporate,United States,Eugene,Oregon,West,OFF-PA-10004353,Office Supplies,Paper,Southworth 25% Cotton Premium Laser Paper and Envelopes,47.952,3,16.7832,Online
6311,CA-2019-163328,04-11-2019,06-11-2019,Second Class,TP-21565,Tracy Poddar,Corporate,United States,Eugene,Oregon,West,OFF-PA-10000176,Office Supplies,Paper,Xerox 1887,15.176,1,5.3116,Online
6729,CA-2019-165827,04-11-2019,09-11-2019,Standard Class,MF-17665,Maureen Fritzler,Corporate,United States,Miami,Florida,South,FUR-FU-10001889,Furniture,Furnishings,Ultra Door Pull Handle,50.496,6,8.2056,COD
6773,CA-2019-119018,04-11-2019,08-11-2019,Standard Class,CW-11905,Carl Weiss,Home Office,United States,Los Angeles,California,West,OFF-BI-10003314,Office Supplies,Binders,Tuff Stuff Recycled Round Ring Binders,7.712,2,2.7956,COD
6774,CA-2019-119018,04-11-2019,08-11-2019,Standard Class,CW-11905,Carl Weiss,Home Office,United States,Los Angeles,California,West,OFF-BI-10000494,Office Supplies,Binders,Acco Economy Flexible Poly Round Ring Binder,4.176,1,1.305,Online
6775,CA-2019-119018,04-11-2019,08-11-2019,Standard Class,CW-11905,Carl Weiss,Home Office,United States,Los Angeles,California,West,OFF-PA-10000295,Office Supplies,Paper,Xerox 229,38.88,6,18.6624,COD
7783,CA-2019-162236,04-11-2019,06-11-2019,Second Class,ER-13855,Elpida Rittenbach,Corporate,United States,Charlotte,North Carolina,South,OFF-ST-10003442,Office Supplies,Storage,Eldon Portable Mobile Manager,45.248,2,3.9592,Cards
9322,US-2019-111563,04-11-2019,08-11-2019,Standard Class,SM-20005,Sally Matthias,Consumer,United States,Houston,Texas,Central,FUR-FU-10002445,Furniture,Furnishings,"DAX Two-Tone Rosewood/Black Document Frame, Desktop, 5 x 7",11.376,3,-5.688,COD
2450,CA-2019-140207,05-11-2019,10-11-2019,Standard Class,CS-12400,Christopher Schild,Home Office,United States,San Jose,California,West,OFF-BI-10003963,Office Supplies,Binders,Cardinal Holdit Data Disk Pockets,29.12,5,9.828,Cards
2784,US-2019-106677,05-11-2019,10-11-2019,Standard Class,AS-10285,Alejandro Savely,Corporate,United States,Philadelphia,Pennsylvania,East,TEC-PH-10003187,Technology,Phones,Anker Astro Mini 3000mAh Ultra-Compact Portable Charger,23.988,2,-15.992,Online
4266,US-2019-131611,05-11-2019,09-11-2019,Standard Class,EP-13915,Emily Phan,Consumer,United States,Houston,Texas,Central,OFF-BI-10004364,Office Supplies,Binders,Storex Dura Pro Binders,3.564,3,-6.237,COD
4268,US-2019-131611,05-11-2019,09-11-2019,Standard Class,EP-13915,Emily Phan,Consumer,United States,Houston,Texas,Central,OFF-BI-10001989,Office Supplies,Binders,Premium Transparent Presentation Covers by GBC,12.588,3,-20.1408,Cards
4269,US-2019-131611,05-11-2019,09-11-2019,Standard Class,EP-13915,Emily Phan,Consumer,United States,Houston,Texas,Central,TEC-AC-10004001,Technology,Accessories,Logitech Wireless Headset H600 Over-The-Head Design,171.96,5,45.1395,Online
4370,US-2019-165078,05-11-2019,10-11-2019,Standard Class,MA-17995,Michelle Arnett,Home Office,United States,Lawrence,Indiana,Central,OFF-BI-10001989,Office Supplies,Binders,Premium Transparent Presentation Covers by GBC,104.9,5,50.352,Cards
4371,US-2019-165078,05-11-2019,10-11-2019,Standard Class,MA-17995,Michelle Arnett,Home Office,United States,Lawrence,Indiana,Central,OFF-AR-10002987,Office Supplies,Art,Prismacolor Color Pencil Set,39.68,2,16.2688,Cards
4372,US-2019-165078,05-11-2019,10-11-2019,Standard Class,MA-17995,Michelle Arnett,Home Office,United States,Lawrence,Indiana,Central,OFF-LA-10000414,Office Supplies,Labels,Avery 503,51.75,5,24.84,Cards
5177,CA-2019-148908,05-11-2019,08-11-2019,First Class,JH-15985,Joseph Holt,Consumer,United States,San Francisco,California,West,OFF-BI-10002082,Office Supplies,Binders,GBC Twin Loop Wire Binding Elements,53.248,2,19.968,Online
5699,CA-2019-143441,05-11-2019,05-11-2019,Same Day,EB-14170,Evan Bailliet,Consumer,United States,Laredo,Texas,Central,OFF-LA-10002312,Office Supplies,Labels,Avery 490,11.84,1,4.44,Online
7307,CA-2019-144092,05-11-2019,07-11-2019,Second Class,LH-17155,Logan Haushalter,Consumer,United States,San Jose,California,West,TEC-AC-10002305,Technology,Accessories,KeyTronic E03601U1 - Keyboard - Beige,72.0,4,12.96,Cards
7308,CA-2019-144092,05-11-2019,07-11-2019,Second Class,LH-17155,Logan Haushalter,Consumer,United States,San Jose,California,West,FUR-CH-10004875,Furniture,Chairs,Harbour Creations 67200 Series Stacking Chairs,113.888,2,9.9652,Online
8964,CA-2019-157280,05-11-2019,07-11-2019,First Class,LW-17125,Liz Willingham,Consumer,United States,Virginia Beach,Virginia,South,TEC-AC-10000057,Technology,Accessories,Microsoft Natural Ergonomic Keyboard 4000,89.97,3,18.8937,COD
129,US-2019-125969,06-11-2019,10-11-2019,Second Class,LS-16975,Lindsay Shagiari,Home Office,United States,Los Angeles,California,West,FUR-CH-10001146,Furniture,Chairs,"Global Task Chair, Black",81.424,2,-9.1602,Cards
130,US-2019-125969,06-11-2019,10-11-2019,Second Class,LS-16975,Lindsay Shagiari,Home Office,United States,Los Angeles,California,West,FUR-FU-10003773,Furniture,Furnishings,Eldon Cleatmat Plus Chair Mats for High Pile Carpets,238.56,3,26.2416,Cards
4972,US-2019-153815,06-11-2019,09-11-2019,First Class,KL-16555,Kelly Lampkin,Corporate,United States,Jacksonville,Florida,South,OFF-PA-10002421,Office Supplies,Paper,Embossed Ink Jet Note Cards,36.112,2,12.6392,Cards
4973,US-2019-153815,06-11-2019,09-11-2019,First Class,KL-16555,Kelly Lampkin,Corporate,United States,Jacksonville,Florida,South,FUR-FU-10004090,Furniture,Furnishings,"Executive Impressions 14"" Contract Wall Clock",35.568,2,5.7798,Cards
4974,US-2019-153815,06-11-2019,09-11-2019,First Class,KL-16555,Kelly Lampkin,Corporate,United States,Jacksonville,Florida,South,OFF-PA-10004071,Office Supplies,Paper,"Eaton Premium Continuous-Feed Paper, 25% Cotton, Letter Size, White, 1000 Shts/Box",88.768,2,31.0688,COD
4984,CA-2019-109925,06-11-2019,10-11-2019,Second Class,IM-15070,Irene Maddox,Consumer,United States,San Diego,California,West,OFF-ST-10003442,Office Supplies,Storage,Eldon Portable Mobile Manager,84.84,3,22.9068,Cards
164,CA-2019-113817,07-11-2019,11-11-2019,Standard Class,MJ-17740,Max Jones,Consumer,United States,Seattle,Washington,West,OFF-BI-10004002,Office Supplies,Binders,Wilson Jones International Size A4 Ring Binders,27.68,2,9.688,COD
843,CA-2019-161669,07-11-2019,09-11-2019,First Class,EM-14095,Eudokia Martin,Corporate,United States,Los Angeles,California,West,OFF-BI-10001294,Office Supplies,Binders,Fellowes Binding Cases,37.44,4,11.7,COD
844,CA-2019-161669,07-11-2019,09-11-2019,First Class,EM-14095,Eudokia Martin,Corporate,United States,Los Angeles,California,West,OFF-BI-10001636,Office Supplies,Binders,Ibico Plastic and Wire Spiral Binding Combs,26.976,4,8.7672,Online
845,CA-2019-161669,07-11-2019,09-11-2019,First Class,EM-14095,Eudokia Martin,Corporate,United States,Los Angeles,California,West,OFF-SU-10002503,Office Supplies,Supplies,Acme Preferred Stainless Steel Scissors,11.36,2,3.2944,Cards
846,CA-2019-161669,07-11-2019,09-11-2019,First Class,EM-14095,Eudokia Martin,Corporate,United States,Los Angeles,California,West,OFF-LA-10004093,Office Supplies,Labels,Avery 486,14.62,2,6.8714,Cards
1684,CA-2019-147585,07-11-2019,12-11-2019,Standard Class,CB-12535,Claudia Bergmann,Corporate,United States,San Francisco,California,West,FUR-FU-10002597,Furniture,Furnishings,"C-Line Magnetic Cubicle Keepers, Clear Polypropylene",14.82,3,6.2244,COD
3061,CA-2019-144554,07-11-2019,12-11-2019,Standard Class,DM-13345,Denise Monton,Corporate,United States,Newark,Ohio,East,TEC-AC-10002800,Technology,Accessories,Plantronics Audio 478 Stereo USB Headset,119.976,3,22.4955,Online
4844,US-2019-139388,07-11-2019,09-11-2019,First Class,CC-12475,Cindy Chapman,Consumer,United States,Lakewood,New Jersey,East,OFF-FA-10004968,Office Supplies,Fasteners,Rubber Band Ball,14.96,4,0.2992,Cards
4975,CA-2019-164896,07-11-2019,12-11-2019,Standard Class,PS-19045,Penelope Sewall,Home Office,United States,Oceanside,California,West,OFF-PA-10002246,Office Supplies,Paper,"Wirebound Four 2-3/4 x 5 Forms per Page, 400 Sets per Book",12.9,2,6.321,Cards
8065,CA-2019-132997,07-11-2019,09-11-2019,First Class,LW-17215,Luke Weiss,Consumer,United States,Rochester,New York,East,OFF-PA-10004983,Office Supplies,Paper,Xerox 23,12.96,2,6.2208,Cards
8066,CA-2019-132997,07-11-2019,09-11-2019,First Class,LW-17215,Luke Weiss,Consumer,United States,Rochester,New York,East,OFF-ST-10003479,Office Supplies,Storage,"Eldon Base for stackable storage shelf, platinum",116.82,3,5.841,COD
8212,CA-2019-116337,07-11-2019,12-11-2019,Standard Class,MC-17845,Michael Chen,Consumer,United States,Dallas,Texas,Central,FUR-FU-10002030,Furniture,Furnishings,"Executive Impressions 14"" Contract Wall Clock with Quartz Movement",44.46,5,-17.784,Cards
8213,CA-2019-116337,07-11-2019,12-11-2019,Standard Class,MC-17845,Michael Chen,Consumer,United States,Dallas,Texas,Central,OFF-ST-10001272,Office Supplies,Storage,"Mini 13-1/2 Capacity Data Binder Rack, Pearl",314.088,3,19.6305,COD
9716,CA-2019-116379,07-11-2019,12-11-2019,Standard Class,LD-17005,Lisa DeCherney,Consumer,United States,San Francisco,California,West,OFF-BI-10001543,Office Supplies,Binders,GBC VeloBinder Manual Binding System,57.584,2,20.1544,Online
1,CA-2019-152156,08-11-2019,11-11-2019,Second Class,CG-12520,Claire Gute,Consumer,United States,Henderson,Kentucky,South,FUR-BO-10001798,Furniture,Bookcases,Bush Somerset Collection Bookcase,261.96,2,41.9136,Cards
895,CA-2019-105494,10-11-2019,12-11-2019,First Class,PC-18745,Pamela Coakley,Corporate,United States,San Francisco,California,West,OFF-ST-10002205,Office Supplies,Storage,File Shuttle I and Handi-File,155.82,7,42.0714,COD
896,CA-2019-105494,10-11-2019,12-11-2019,First Class,PC-18745,Pamela Coakley,Corporate,United States,San Francisco,California,West,OFF-BI-10003364,Office Supplies,Binders,Binding Machine Supplies,70.008,3,24.5028,Online
1291,CA-2019-163384,10-11-2019,12-11-2019,First Class,CC-12430,Chuck Clark,Home Office,United States,San Francisco,California,West,OFF-BI-10004970,Office Supplies,Binders,"ACCOHIDE 3-Ring Binder, Blue, 1""",13.216,4,4.4604,COD
1292,CA-2019-163384,10-11-2019,12-11-2019,First Class,CC-12430,Chuck Clark,Home Office,United States,San Francisco,California,West,OFF-PA-10003172,Office Supplies,Paper,Xerox 1996,32.4,5,15.552,Cards
2341,CA-2019-137736,10-11-2019,15-11-2019,Standard Class,DC-13285,Debra Catini,Consumer,United States,Warner Robins,Georgia,South,OFF-AR-10004999,Office Supplies,Art,Newell 315,41.86,7,10.465,Online
2868,CA-2019-115588,10-11-2019,12-11-2019,Second Class,AF-10885,Art Foster,Consumer,United States,Toledo,Ohio,East,OFF-SU-10001225,Office Supplies,Supplies,Staple remover,14.72,5,-3.312,Cards
2869,CA-2019-115588,10-11-2019,12-11-2019,Second Class,AF-10885,Art Foster,Consumer,United States,Toledo,Ohio,East,OFF-ST-10001558,Office Supplies,Storage,Acco Perma 4000 Stacking Storage Drawers,38.976,3,-2.436,Cards
3634,CA-2019-145177,10-11-2019,14-11-2019,Standard Class,PP-18955,Paul Prost,Home Office,United States,Springfield,Ohio,East,OFF-LA-10001613,Office Supplies,Labels,Avery File Folder Labels,9.216,4,3.3408,Online
3635,CA-2019-145177,10-11-2019,14-11-2019,Standard Class,PP-18955,Paul Prost,Home Office,United States,Springfield,Ohio,East,TEC-PH-10000376,Technology,Phones,Square Credit Card Reader,41.958,7,-9.7902,COD
3636,CA-2019-145177,10-11-2019,14-11-2019,Standard Class,PP-18955,Paul Prost,Home Office,United States,Springfield,Ohio,East,OFF-PA-10004039,Office Supplies,Paper,Xerox 1882,89.568,2,32.4684,COD
3637,CA-2019-145177,10-11-2019,14-11-2019,Standard Class,PP-18955,Paul Prost,Home Office,United States,Springfield,Ohio,East,OFF-PA-10001776,Office Supplies,Paper,"Wirebound Message Books, Four 2 3/4"" x 5"" Forms per Page, 600 Sets per Book",22.248,3,7.5087,Cards
3638,CA-2019-145177,10-11-2019,14-11-2019,Standard Class,PP-18955,Paul Prost,Home Office,United States,Springfield,Ohio,East,OFF-AP-10002457,Office Supplies,Appliances,"Eureka The Boss Plus 12-Amp Hard Box Upright Vacuum, Red",334.88,4,29.302,COD
3639,CA-2019-145177,10-11-2019,14-11-2019,Standard Class,PP-18955,Paul Prost,Home Office,United States,Springfield,Ohio,East,FUR-FU-10000758,Furniture,Furnishings,DAX Natural Wood-Tone Poster Frame,148.288,7,29.6576,Cards
3640,CA-2019-145177,10-11-2019,14-11-2019,Standard Class,PP-18955,Paul Prost,Home Office,United States,Springfield,Ohio,East,OFF-PA-10000682,Office Supplies,Paper,Xerox 1924,4.624,1,1.6762,COD
3894,US-2019-144547,10-11-2019,14-11-2019,Standard Class,MS-17770,Maxwell Schwartz,Consumer,United States,Houston,Texas,Central,TEC-AC-10004901,Technology,Accessories,Kensington SlimBlade Notebook Wireless Mouse with Nano Receiver,279.944,7,48.9902,COD
4511,CA-2019-119935,10-11-2019,14-11-2019,Standard Class,KM-16225,Kalyca Meade,Corporate,United States,Springfield,Missouri,Central,FUR-FU-10001085,Furniture,Furnishings,3M Polarizing Light Filter Sleeves,37.3,2,17.158,Cards
4512,CA-2019-119935,10-11-2019,14-11-2019,Standard Class,KM-16225,Kalyca Meade,Corporate,United States,Springfield,Missouri,Central,OFF-BI-10001597,Office Supplies,Binders,"Wilson Jones Ledger-Size, Piano-Hinge Binder, 2"", Blue",81.96,2,39.3408,Online
4863,CA-2019-125164,10-11-2019,14-11-2019,Standard Class,SH-19975,Sally Hughsby,Corporate,United States,New York City,New York,East,OFF-BI-10001191,Office Supplies,Binders,Canvas Sectional Post Binders,20.368,1,7.3834,Online
4864,CA-2019-125164,10-11-2019,14-11-2019,Standard Class,SH-19975,Sally Hughsby,Corporate,United States,New York City,New York,East,OFF-BI-10003982,Office Supplies,Binders,Wilson Jones Century Plastic Molded Ring Binders,49.848,3,16.8237,Cards
5042,CA-2019-158694,10-11-2019,13-11-2019,Second Class,AI-10855,Arianne Irving,Consumer,United States,Los Angeles,California,West,OFF-PA-10002421,Office Supplies,Paper,Embossed Ink Jet Note Cards,67.71,3,32.5008,COD
5043,CA-2019-158694,10-11-2019,13-11-2019,Second Class,AI-10855,Arianne Irving,Consumer,United States,Los Angeles,California,West,OFF-AP-10000055,Office Supplies,Appliances,Belkin F9S820V06 8 Outlet Surge,129.92,4,38.976,Cards
5045,CA-2019-158694,10-11-2019,13-11-2019,Second Class,AI-10855,Arianne Irving,Consumer,United States,Los Angeles,California,West,OFF-PA-10001363,Office Supplies,Paper,Xerox 1933,61.4,5,28.858,Online
5047,CA-2019-158694,10-11-2019,13-11-2019,Second Class,AI-10855,Arianne Irving,Consumer,United States,Los Angeles,California,West,OFF-BI-10004656,Office Supplies,Binders,Peel & Stick Add-On Corner Pockets,5.184,3,1.8144,Online
5048,CA-2019-158694,10-11-2019,13-11-2019,Second Class,AI-10855,Arianne Irving,Consumer,United States,Los Angeles,California,West,OFF-AR-10001227,Office Supplies,Art,Newell 338,14.7,5,3.969,Online
6792,CA-2019-162348,10-11-2019,15-11-2019,Standard Class,BF-11170,Ben Ferrer,Home Office,United States,Sacramento,California,West,FUR-FU-10003731,Furniture,Furnishings,"Eldon Expressions Wood and Plastic Desk Accessories, Oak",9.98,1,2.7944,COD
8374,CA-2019-152940,10-11-2019,13-11-2019,First Class,RO-19780,Rose O'Brian,Consumer,United States,San Francisco,California,West,OFF-ST-10000352,Office Supplies,Storage,Acco Perma 2700 Stacking Storage Drawers,29.74,1,4.461,Cards
8568,US-2019-136581,10-11-2019,12-11-2019,First Class,SV-20365,Seth Vernon,Consumer,United States,Troy,Ohio,East,OFF-PA-10002787,Office Supplies,Paper,Xerox 227,31.104,6,10.8864,COD
9249,CA-2019-127761,10-11-2019,14-11-2019,Standard Class,SW-20275,Scott Williamson,Consumer,United States,New York City,New York,East,OFF-BI-10002557,Office Supplies,Binders,Presstex Flexible Ring Binders,3.64,1,1.365,Online
1780,CA-2019-124667,11-11-2019,16-11-2019,Standard Class,BD-11770,Bryan Davis,Consumer,United States,New York City,New York,East,TEC-AC-10003447,Technology,Accessories,Micropad Numeric Keypads,59.97,3,14.9925,Online
1781,CA-2019-124667,11-11-2019,16-11-2019,Standard Class,BD-11770,Bryan Davis,Consumer,United States,New York City,New York,East,OFF-ST-10002276,Office Supplies,Storage,Safco Steel Mobile File Cart,83.36,1,20.84,COD
2514,CA-2019-124506,11-11-2019,17-11-2019,Standard Class,BB-11545,Brenda Bowman,Corporate,United States,Chicago,Illinois,Central,TEC-AC-10003280,Technology,Accessories,Belkin F8E887 USB Wired Ergonomic Keyboard,95.968,4,1.1996,COD
2515,CA-2019-124506,11-11-2019,17-11-2019,Standard Class,BB-11545,Brenda Bowman,Corporate,United States,Chicago,Illinois,Central,FUR-CH-10004540,Furniture,Chairs,Global Chrome Stack Chair,47.992,2,-2.0568,Cards
2884,CA-2019-130799,11-11-2019,16-11-2019,Second Class,BK-11260,Berenike Kampe,Consumer,United States,San Francisco,California,West,FUR-FU-10001852,Furniture,Furnishings,"Eldon Regeneration Recycled Desk Accessories, Smoke",6.96,4,2.2272,COD
4725,CA-2019-131968,11-11-2019,15-11-2019,Standard Class,LB-16795,Laurel Beltran,Home Office,United States,Apopka,Florida,South,OFF-BI-10002852,Office Supplies,Binders,Ibico Standard Transparent Covers,9.888,2,-6.9216,Online
7030,CA-2019-145548,11-11-2019,16-11-2019,Standard Class,EB-13750,Edward Becker,Corporate,United States,New York City,New York,East,OFF-ST-10002562,Office Supplies,Storage,Staple magnet,28.14,3,7.8792,Cards
7031,CA-2019-145548,11-11-2019,16-11-2019,Standard Class,EB-13750,Edward Becker,Corporate,United States,New York City,New York,East,TEC-AC-10002305,Technology,Accessories,KeyTronic E03601U1 - Keyboard - Beige,36.0,2,6.48,Cards
7032,CA-2019-145548,11-11-2019,16-11-2019,Standard Class,EB-13750,Edward Becker,Corporate,United States,New York City,New York,East,OFF-AR-10003373,Office Supplies,Art,"Boston School Pro Electric Pencil Sharpener, 1670",92.94,3,25.0938,COD
7033,CA-2019-145548,11-11-2019,16-11-2019,Standard Class,EB-13750,Edward Becker,Corporate,United States,New York City,New York,East,FUR-CH-10003774,Furniture,Chairs,"Global Wood Trimmed Manager's Task Chair, Khaki",245.646,3,8.1882,Online
7034,CA-2019-145548,11-11-2019,16-11-2019,Standard Class,EB-13750,Edward Becker,Corporate,United States,New York City,New York,East,OFF-BI-10001510,Office Supplies,Binders,Deluxe Heavy-Duty Vinyl Round Ring Binder,55.008,3,17.19,Online
7035,CA-2019-145548,11-11-2019,16-11-2019,Standard Class,EB-13750,Edward Becker,Corporate,United States,New York City,New York,East,OFF-BI-10004236,Office Supplies,Binders,"XtraLife ClearVue Slant-D Ring Binder, White, 3""",35.232,3,11.4504,Online
8120,CA-2019-116722,11-11-2019,16-11-2019,Standard Class,LP-17080,Liz Pelletier,Consumer,United States,San Francisco,California,West,FUR-FU-10001934,Furniture,Furnishings,Magnifier Swing Arm Lamp,41.96,2,10.9096,Cards
8121,CA-2019-116722,11-11-2019,16-11-2019,Standard Class,LP-17080,Liz Pelletier,Consumer,United States,San Francisco,California,West,FUR-CH-10004997,Furniture,Chairs,Hon Every-Day Series Multi-Task Chairs,451.152,3,0.0,Online
9400,CA-2019-103128,11-11-2019,15-11-2019,Standard Class,SC-20845,Sung Chung,Consumer,United States,Arlington Heights,Illinois,Central,OFF-AR-10003394,Office Supplies,Art,Newell 332,14.112,6,1.2348,COD
1074,CA-2019-134348,12-11-2019,19-11-2019,Standard Class,MS-17710,Maurice Satty,Consumer,United States,Mesa,Arizona,West,OFF-BI-10003727,Office Supplies,Binders,Avery Durable Slant Ring Binders With Label Holder,6.27,5,-4.598,Cards
1075,CA-2019-134348,12-11-2019,19-11-2019,Standard Class,MS-17710,Maurice Satty,Consumer,United States,Mesa,Arizona,West,OFF-BI-10004967,Office Supplies,Binders,Round Ring Binders,4.368,7,-3.3488,Online
1076,CA-2019-134348,12-11-2019,19-11-2019,Standard Class,MS-17710,Maurice Satty,Consumer,United States,Mesa,Arizona,West,TEC-AC-10003447,Technology,Accessories,Micropad Numeric Keypads,31.984,2,1.999,COD
1138,CA-2019-152170,12-11-2019,15-11-2019,Second Class,FH-14275,Frank Hawley,Corporate,United States,La Porte,Indiana,Central,OFF-AP-10002350,Office Supplies,Appliances,Belkin F9H710-06 7 Outlet SurgeMaster Surge Protector,37.68,2,10.5504,Online
1139,CA-2019-152170,12-11-2019,15-11-2019,Second Class,FH-14275,Frank Hawley,Corporate,United States,La Porte,Indiana,Central,OFF-PA-10001763,Office Supplies,Paper,Xerox 1896,19.98,2,8.991,Cards
1140,CA-2019-152170,12-11-2019,15-11-2019,Second Class,FH-14275,Frank Hawley,Corporate,United States,La Porte,Indiana,Central,OFF-AR-10003394,Office Supplies,Art,Newell 332,20.58,7,5.5566,Cards
1141,CA-2019-152170,12-11-2019,15-11-2019,Second Class,FH-14275,Frank Hawley,Corporate,United States,La Porte,Indiana,Central,OFF-BI-10002072,Office Supplies,Binders,Cardinal Slant-D Ring Binders,17.38,2,8.69,COD
6112,CA-2019-124590,12-11-2019,16-11-2019,Standard Class,SP-20920,Susan Pistek,Consumer,United States,Parma,Ohio,East,OFF-AP-10002311,Office Supplies,Appliances,"Holmes Replacement Filter for HEPA Air Cleaner, Very Large Room, HEPA Filter",110.096,2,33.0288,Cards
6113,CA-2019-124590,12-11-2019,16-11-2019,Standard Class,SP-20920,Susan Pistek,Consumer,United States,Parma,Ohio,East,OFF-FA-10000585,Office Supplies,Fasteners,OIC Bulk Pack Metal Binder Clips,16.752,6,5.4444,Online
6115,CA-2019-124590,12-11-2019,16-11-2019,Standard Class,SP-20920,Susan Pistek,Consumer,United States,Parma,Ohio,East,FUR-CH-10003746,Furniture,Chairs,Hon 4070 Series Pagoda Round Back Stacking Chairs,449.372,2,-12.8392,Online
7190,CA-2019-164399,12-11-2019,15-11-2019,First Class,DW-13480,Dianna Wilson,Home Office,United States,San Diego,California,West,TEC-PH-10004908,Technology,Phones,Panasonic KX TS3282W Corded phone,203.976,3,25.497,Online
7331,CA-2019-149349,12-11-2019,13-11-2019,First Class,SP-20650,Stephanie Phelps,Corporate,United States,Chicago,Illinois,Central,FUR-FU-10001037,Furniture,Furnishings,"DAX Charcoal/Nickel-Tone Document Frame, 5 x 7",22.752,6,-8.532,COD
1001,CA-2019-155488,13-11-2019,17-11-2019,Standard Class,FM-14290,Frank Merwin,Home Office,United States,Vancouver,Washington,West,OFF-AR-10002956,Office Supplies,Art,Boston 16801 Nautilus Battery Pencil Sharpener,44.02,2,11.4452,COD
1478,CA-2019-121958,13-11-2019,17-11-2019,Standard Class,CS-12505,Cindy Stewart,Consumer,United States,Thomasville,North Carolina,South,OFF-SU-10000381,Office Supplies,Supplies,Acme Forged Steel Scissors with Black Enamel Handles,52.136,7,5.8653,Cards
1802,CA-2019-149461,13-11-2019,19-11-2019,Standard Class,AS-10135,Adrian Shami,Home Office,United States,Auburn,Washington,West,FUR-FU-10004270,Furniture,Furnishings,"Eldon Image Series Desk Accessories, Burgundy",4.18,1,1.5048,Online
3260,US-2019-162103,13-11-2019,17-11-2019,Standard Class,LB-16795,Laurel Beltran,Home Office,United States,Highland Park,Illinois,Central,OFF-BI-10000285,Office Supplies,Binders,XtraLife ClearVue Slant-D Ring Binders by Cardinal,3.136,2,-4.704,Online
4627,CA-2019-101336,13-11-2019,18-11-2019,Standard Class,CK-12760,Cyma Kinney,Corporate,United States,New York City,New York,East,OFF-ST-10003455,Office Supplies,Storage,"Tenex File Box, Personal Filing Tote with Lid, Black",77.55,5,20.163,Online
4628,CA-2019-101336,13-11-2019,18-11-2019,Standard Class,CK-12760,Cyma Kinney,Corporate,United States,New York City,New York,East,OFF-ST-10000876,Office Supplies,Storage,Eldon Simplefile Box Office,24.88,2,6.9664,Online
4629,CA-2019-101336,13-11-2019,18-11-2019,Standard Class,CK-12760,Cyma Kinney,Corporate,United States,New York City,New York,East,OFF-AR-10003582,Office Supplies,Art,"Boston Electric Pencil Sharpener, Model 1818, Charcoal Black",140.75,5,39.41,Online
4630,CA-2019-101336,13-11-2019,18-11-2019,Standard Class,CK-12760,Cyma Kinney,Corporate,United States,New York City,New York,East,OFF-ST-10004258,Office Supplies,Storage,Portable Personal File Box,36.63,3,9.8901,Online
5138,CA-2019-128972,13-11-2019,17-11-2019,Standard Class,TS-21430,Tom Stivers,Corporate,United States,Oklahoma City,Oklahoma,Central,FUR-FU-10003096,Furniture,Furnishings,"Master Giant Foot Doorstop, Safety Yellow",30.36,4,13.0548,Online
6118,US-2019-113677,13-11-2019,19-11-2019,Standard Class,CM-12655,Corinna Mitchell,Home Office,United States,New York City,New York,East,OFF-LA-10001569,Office Supplies,Labels,Avery 499,14.94,3,6.8724,Online
7196,CA-2019-147683,13-11-2019,17-11-2019,Standard Class,PO-19180,Philisse Overcash,Home Office,United States,Seattle,Washington,West,FUR-FU-10004848,Furniture,Furnishings,DAX Solid Wood Frames,19.54,2,7.2298,Online
2265,CA-2019-131065,14-11-2019,16-11-2019,Second Class,AA-10375,Allen Armold,Consumer,United States,Atlanta,Georgia,South,OFF-PA-10002479,Office Supplies,Paper,Xerox 4200 Series MultiUse Premium Copy Paper (20Lb. and 84 Bright),5.28,1,2.376,Online
2266,CA-2019-131065,14-11-2019,16-11-2019,Second Class,AA-10375,Allen Armold,Consumer,United States,Atlanta,Georgia,South,OFF-BI-10004970,Office Supplies,Binders,"ACCOHIDE 3-Ring Binder, Blue, 1""",8.26,2,3.8822,Online
2504,CA-2019-149482,14-11-2019,19-11-2019,Standard Class,RR-19315,Ralph Ritter,Consumer,United States,San Francisco,California,West,OFF-LA-10000248,Office Supplies,Labels,Avery 52,7.38,2,3.4686,Online
4530,CA-2019-134691,14-11-2019,18-11-2019,Standard Class,KC-16540,Kelly Collister,Consumer,United States,Houston,Texas,Central,OFF-BI-10002393,Office Supplies,Binders,Binder Posts,2.296,2,-3.9032,Online
4532,CA-2019-118759,14-11-2019,17-11-2019,First Class,MB-17305,Maria Bertelson,Consumer,United States,New York City,New York,East,OFF-ST-10001590,Office Supplies,Storage,"Tenex Personal Project File with Scoop Front Design, Black",40.44,3,10.5144,COD
4812,CA-2019-121370,14-11-2019,19-11-2019,Second Class,EB-14110,Eugene Barchas,Consumer,United States,Philadelphia,Pennsylvania,East,FUR-CH-10000785,Furniture,Chairs,Global Ergonomic Managers Chair,380.058,3,-21.7176,Online
4814,CA-2019-121370,14-11-2019,19-11-2019,Second Class,EB-14110,Eugene Barchas,Consumer,United States,Philadelphia,Pennsylvania,East,FUR-FU-10002813,Furniture,Furnishings,"DAX Contemporary Wood Frame with Silver Metal Mat, Desktop, 11 x 14 Size",48.576,3,9.7152,Online
6030,US-2019-112970,14-11-2019,15-11-2019,First Class,TB-21250,Tim Brockman,Consumer,United States,Los Angeles,California,West,OFF-AR-10003829,Office Supplies,Art,Newell 35,9.84,3,2.8536,Online
7128,US-2019-117541,14-11-2019,20-11-2019,Standard Class,JM-16195,Justin MacKendrick,Consumer,United States,Newark,Delaware,East,OFF-PA-10001609,Office Supplies,Paper,Tops Wirebound Message Log Books,16.45,5,7.567,Online
7129,US-2019-117541,14-11-2019,20-11-2019,Standard Class,JM-16195,Justin MacKendrick,Consumer,United States,Newark,Delaware,East,FUR-FU-10000550,Furniture,Furnishings,Stacking Trays by OIC,19.92,4,6.5736,COD
7180,US-2019-144351,14-11-2019,18-11-2019,Standard Class,RC-19960,Ryan Crowe,Consumer,United States,Baltimore,Maryland,East,TEC-PH-10001644,Technology,Phones,"BlueLounge Milo Smartphone Stand, White/Metallic",89.97,3,25.1916,COD
9178,CA-2019-166618,14-11-2019,18-11-2019,Standard Class,DP-13000,Darren Powers,Consumer,United States,New York City,New York,East,TEC-PH-10003356,Technology,Phones,"SmartStand Mobile Device Holder, Assorted Colors",13.98,2,3.9144,COD
9179,CA-2019-166618,14-11-2019,18-11-2019,Standard Class,DP-13000,Darren Powers,Consumer,United States,New York City,New York,East,OFF-AR-10001725,Office Supplies,Art,Boston Home & Office Model 2000 Electric Pencil Sharpeners,23.65,1,6.149,Online
1911,CA-2019-105963,15-11-2019,22-11-2019,Standard Class,SC-20770,Stewart Carmichael,Corporate,United States,Los Angeles,California,West,TEC-AC-10003832,Technology,Accessories,Imation 16GB Mini TravelDrive USB 2.0 Flash Drive,99.39,3,40.7499,Online
2241,CA-2019-146633,15-11-2019,17-11-2019,Second Class,TG-21310,Toby Gnade,Consumer,United States,Los Angeles,California,West,OFF-BI-10002982,Office Supplies,Binders,Avery Self-Adhesive Photo Pockets for Polaroid Photos,38.136,7,13.3476,COD
4397,CA-2019-148740,15-11-2019,19-11-2019,Standard Class,AH-10690,Anna Häberlin,Corporate,United States,San Diego,California,West,TEC-PH-10002549,Technology,Phones,Polycom SoundPoint IP 450 VoIP phone,361.376,2,27.1032,Online
163,CA-2019-154508,16-11-2019,20-11-2019,Standard Class,RD-19900,Ruben Dartt,Consumer,United States,Carlsbad,New Mexico,West,OFF-EN-10001990,Office Supplies,Envelopes,Staple envelope,28.4,5,13.348,Online
6791,CA-2019-124527,16-11-2019,17-11-2019,First Class,IM-15055,Ionia McGrath,Consumer,United States,Roseville,California,West,OFF-BI-10004967,Office Supplies,Binders,Round Ring Binders,8.32,5,2.808,Online
5115,CA-2019-150658,17-11-2019,22-11-2019,Standard Class,MS-17365,Maribeth Schnelling,Consumer,United States,Carlsbad,New Mexico,West,OFF-BI-10004140,Office Supplies,Binders,Avery Non-Stick Binders,10.776,3,3.3675,Online
8566,CA-2019-134110,17-11-2019,18-11-2019,First Class,BG-11035,Barry Gonzalez,Consumer,United States,The Colony,Texas,Central,TEC-PH-10002350,Technology,Phones,Apple EarPods with Remote and Mic,67.176,3,6.7176,Online
8567,CA-2019-134110,17-11-2019,18-11-2019,First Class,BG-11035,Barry Gonzalez,Consumer,United States,The Colony,Texas,Central,OFF-PA-10000697,Office Supplies,Paper,"TOPS Voice Message Log Book, Flash Format",15.232,4,5.5216,Online
8666,CA-2019-118500,17-11-2019,18-11-2019,First Class,HJ-14875,Heather Jas,Home Office,United States,San Francisco,California,West,OFF-SU-10004231,Office Supplies,Supplies,Acme Tagit Stainless Steel Antibacterial Scissors,49.5,5,13.365,Online
3948,CA-2019-119963,18-11-2019,22-11-2019,Standard Class,SN-20710,Steve Nguyen,Home Office,United States,Pasadena,Texas,Central,OFF-AR-10003514,Office Supplies,Art,4009 Highlighters by Sanford,6.368,2,1.0348,COD
3949,CA-2019-119963,18-11-2019,22-11-2019,Standard Class,SN-20710,Steve Nguyen,Home Office,United States,Pasadena,Texas,Central,OFF-LA-10003510,Office Supplies,Labels,"Avery 4027 File Folder Labels for Dot Matrix Printers, 5000 Labels per Box, White",48.848,2,15.8756,Online
3950,CA-2019-119963,18-11-2019,22-11-2019,Standard Class,SN-20710,Steve Nguyen,Home Office,United States,Pasadena,Texas,Central,OFF-PA-10001970,Office Supplies,Paper,Xerox 1881,19.648,2,6.6312,Online
3951,CA-2019-119963,18-11-2019,22-11-2019,Standard Class,SN-20710,Steve Nguyen,Home Office,United States,Pasadena,Texas,Central,FUR-CH-10003817,Furniture,Chairs,"Global Value Steno Chair, Gray",255.108,6,-18.222,COD
4375,CA-2019-158575,18-11-2019,24-11-2019,Standard Class,SB-20290,Sean Braxton,Corporate,United States,Kent,Ohio,East,OFF-AP-10002998,Office Supplies,Appliances,Holmes 99% HEPA Air Purifier,103.968,6,16.8948,Online
4960,CA-2019-166226,18-11-2019,22-11-2019,Standard Class,TC-21535,Tracy Collins,Home Office,United States,Los Angeles,California,West,TEC-PH-10003357,Technology,Phones,Grandstream GXP2100 Mainstream Business Phone,61.192,1,6.1192,Online
4961,CA-2019-166226,18-11-2019,22-11-2019,Standard Class,TC-21535,Tracy Collins,Home Office,United States,Los Angeles,California,West,OFF-AP-10002867,Office Supplies,Appliances,Fellowes Command Center 5-outlet power strip,67.84,1,18.3168,COD
5163,CA-2019-115378,18-11-2019,23-11-2019,Second Class,AJ-10945,Ashley Jarboe,Consumer,United States,Taylor,Michigan,Central,FUR-CH-10000863,Furniture,Chairs,Novimex Swivel Fabric Task Chair,301.96,2,33.2156,Online
9587,CA-2019-108630,18-11-2019,18-11-2019,Same Day,BE-11410,Bobby Elias,Consumer,United States,Concord,California,West,OFF-BI-10002437,Office Supplies,Binders,Recycled Premium Regency Composition Covers,61.12,5,22.156,Online
681,CA-2019-164511,19-11-2019,24-11-2019,Standard Class,DJ-13630,Doug Jacobs,Consumer,United States,New York City,New York,East,OFF-BI-10003305,Office Supplies,Binders,Avery Hanging File Binders,14.352,3,4.6644,Online
682,CA-2019-164511,19-11-2019,24-11-2019,Standard Class,DJ-13630,Doug Jacobs,Consumer,United States,New York City,New York,East,OFF-ST-10002583,Office Supplies,Storage,Fellowes Neat Ideas Storage Cubes,64.96,2,2.5984,Online
683,CA-2019-164511,19-11-2019,24-11-2019,Standard Class,DJ-13630,Doug Jacobs,Consumer,United States,New York City,New York,East,OFF-ST-10004507,Office Supplies,Storage,Advantus Rolling Storage Box,68.6,4,18.522,Online
1106,US-2019-110156,19-11-2019,24-11-2019,Standard Class,EH-13945,Eric Hoffmann,Consumer,United States,Houston,Texas,Central,OFF-ST-10000642,Office Supplies,Storage,"Tennsco Lockers, Gray",100.704,6,-16.3644,COD
1107,US-2019-110156,19-11-2019,24-11-2019,Standard Class,EH-13945,Eric Hoffmann,Consumer,United States,Houston,Texas,Central,FUR-FU-10000206,Furniture,Furnishings,"GE General Purpose, Extra Long Life, Showcase & Floodlight Incandescent Bulbs",2.328,2,-0.7566,Online
1108,US-2019-110156,19-11-2019,24-11-2019,Standard Class,EH-13945,Eric Hoffmann,Consumer,United States,Houston,Texas,Central,OFF-BI-10003676,Office Supplies,Binders,"GBC Standard Recycled Report Covers, Clear Plastic Sheets",10.78,5,-17.248,COD
1110,US-2019-110156,19-11-2019,24-11-2019,Standard Class,EH-13945,Eric Hoffmann,Consumer,United States,Houston,Texas,Central,OFF-EN-10003798,Office Supplies,Envelopes,"Recycled Interoffice Envelopes with Re-Use-A-Seal Closure, 10 x 13",40.968,3,13.8267,Online
1111,US-2019-110156,19-11-2019,24-11-2019,Standard Class,EH-13945,Eric Hoffmann,Consumer,United States,Houston,Texas,Central,TEC-PH-10003589,Technology,Phones,invisibleSHIELD by ZAGG Smudge-Free Screen Protector,71.96,5,25.186,Online
1112,US-2019-110156,19-11-2019,24-11-2019,Standard Class,EH-13945,Eric Hoffmann,Consumer,United States,Houston,Texas,Central,OFF-PA-10004735,Office Supplies,Paper,Xerox 1905,10.368,2,3.6288,Cards
1113,US-2019-110156,19-11-2019,24-11-2019,Standard Class,EH-13945,Eric Hoffmann,Consumer,United States,Houston,Texas,Central,OFF-BI-10002609,Office Supplies,Binders,Avery Hidden Tab Dividers for Binding Systems,1.192,2,-2.0264,Cards
1475,CA-2019-113138,19-11-2019,25-11-2019,Standard Class,NP-18685,Nora Pelletier,Home Office,United States,Niagara Falls,New York,East,OFF-AR-10003770,Office Supplies,Art,Newell 340,17.28,6,5.0112,Online
1476,CA-2019-113138,19-11-2019,25-11-2019,Standard Class,NP-18685,Nora Pelletier,Home Office,United States,Niagara Falls,New York,East,OFF-BI-10000320,Office Supplies,Binders,GBC Plastic Binding Combs,17.712,3,6.4206,COD
5236,CA-2019-111143,19-11-2019,22-11-2019,First Class,TT-21265,Tim Taslimi,Corporate,United States,Indianapolis,Indiana,Central,OFF-AP-10001947,Office Supplies,Appliances,Acco 6 Outlet Guardian Premium Plus Surge Suppressor,54.96,3,15.9384,Cards
6029,CA-2019-157364,19-11-2019,21-11-2019,First Class,LT-17110,Liz Thompson,Consumer,United States,Jacksonville,North Carolina,South,OFF-AR-10003752,Office Supplies,Art,Deluxe Chalkboard Eraser Cleaner,18.48,2,6.006,Cards
8323,CA-2019-130778,19-11-2019,25-11-2019,Standard Class,ND-18370,Natalie DeCherney,Consumer,United States,Long Beach,New York,East,OFF-AP-10000595,Office Supplies,Appliances,Disposable Triple-Filter Dust Bags,8.74,2,2.2724,Online
8324,CA-2019-130778,19-11-2019,25-11-2019,Standard Class,ND-18370,Natalie DeCherney,Consumer,United States,Long Beach,New York,East,OFF-PA-10001509,Office Supplies,Paper,"Recycled Desk Saver Line ""While You Were Out"" Book, 5 1/2"" X 4""",44.75,5,20.585,Online
9466,CA-2019-126858,19-11-2019,23-11-2019,Standard Class,JM-15265,Janet Molinari,Corporate,United States,Seattle,Washington,West,FUR-FU-10000448,Furniture,Furnishings,Tenex Chairmats For Use With Carpeted Floors,31.96,2,1.598,Online
159,CA-2019-114104,20-11-2019,24-11-2019,Standard Class,NP-18670,Nora Paige,Consumer,United States,Edmond,Oklahoma,Central,OFF-LA-10002475,Office Supplies,Labels,Avery 519,14.62,2,6.8714,Cards
290,CA-2019-110772,20-11-2019,24-11-2019,Second Class,NZ-18565,Nick Zandusky,Home Office,United States,Columbus,Ohio,East,OFF-FA-10002983,Office Supplies,Fasteners,Advantus SlideClip Paper Clips,19.096,7,6.6836,Cards
291,CA-2019-110772,20-11-2019,24-11-2019,Second Class,NZ-18565,Nick Zandusky,Home Office,United States,Columbus,Ohio,East,OFF-LA-10004689,Office Supplies,Labels,Avery 512,18.496,8,6.2424,Cards
1034,CA-2019-109820,20-11-2019,22-11-2019,First Class,AG-10390,Allen Goldenen,Consumer,United States,Cincinnati,Ohio,East,OFF-PA-10000955,Office Supplies,Paper,Southworth 25% Cotton Granite Paper & Envelopes,15.696,3,5.1012,Online
1035,CA-2019-109820,20-11-2019,22-11-2019,First Class,AG-10390,Allen Goldenen,Consumer,United States,Cincinnati,Ohio,East,OFF-BI-10003460,Office Supplies,Binders,Acco 3-Hole Punch,2.628,2,-1.9272,Cards
1036,CA-2019-109820,20-11-2019,22-11-2019,First Class,AG-10390,Allen Goldenen,Consumer,United States,Cincinnati,Ohio,East,OFF-BI-10000474,Office Supplies,Binders,Avery Recycled Flexi-View Covers for Binding Systems,14.427,3,-10.5798,COD
3240,US-2019-127971,20-11-2019,27-11-2019,Standard Class,DW-13195,David Wiener,Corporate,United States,Houston,Texas,Central,TEC-PH-10003095,Technology,Phones,Samsung HM1900 Bluetooth Headset,122.92,7,46.095,Cards
3241,US-2019-127971,20-11-2019,27-11-2019,Standard Class,DW-13195,David Wiener,Corporate,United States,Houston,Texas,Central,FUR-FU-10000023,Furniture,Furnishings,Eldon Wave Desk Accessories,7.068,3,-2.8272,COD
4407,CA-2019-100041,20-11-2019,25-11-2019,Standard Class,BF-10975,Barbara Fisher,Corporate,United States,Columbus,Indiana,Central,OFF-PA-10001622,Office Supplies,Paper,"Ampad Poly Cover Wirebound Steno Book, 6"" x 9"" Assorted Colors, Gregg Ruled",9.08,2,4.086,Online
4409,CA-2019-100041,20-11-2019,25-11-2019,Standard Class,BF-10975,Barbara Fisher,Corporate,United States,Columbus,Indiana,Central,OFF-BI-10000343,Office Supplies,Binders,"Pressboard Covers with Storage Hooks, 9 1/2"" x 11"", Light Blue",4.91,1,2.3077,Cards
5366,CA-2019-107790,20-11-2019,24-11-2019,Standard Class,EH-13990,Erica Hackney,Consumer,United States,Houston,Texas,Central,TEC-PH-10004539,Technology,Phones,Wireless Extenders zBoost YX545 SOHO Signal Booster,151.192,1,13.2293,Cards
6492,CA-2019-113845,20-11-2019,25-11-2019,Standard Class,FA-14230,Frank Atkinson,Corporate,United States,Orlando,Florida,South,FUR-BO-10004695,Furniture,Bookcases,O'Sullivan 2-Door Barrister Bookcase in Odessa Pine,289.568,2,10.8588,COD
6493,CA-2019-113845,20-11-2019,25-11-2019,Standard Class,FA-14230,Frank Atkinson,Corporate,United States,Orlando,Florida,South,OFF-ST-10003327,Office Supplies,Storage,Akro-Mils 12-Gallon Tote,39.72,5,4.4685,Cards
6494,CA-2019-113845,20-11-2019,25-11-2019,Standard Class,FA-14230,Frank Atkinson,Corporate,United States,Orlando,Florida,South,TEC-PH-10003357,Technology,Phones,Grandstream GXP2100 Mainstream Business Phone,244.768,4,24.4768,Online
6835,CA-2019-142615,20-11-2019,24-11-2019,Standard Class,BM-11575,Brendan Murry,Corporate,United States,Montebello,California,West,TEC-AC-10004803,Technology,Accessories,Sony Micro Vault Click 4 GB USB 2.0 Flash Drive,27.88,2,3.9032,Cards
3033,US-2019-114293,21-11-2019,26-11-2019,Standard Class,JH-16180,Justin Hirsh,Consumer,United States,Gresham,Oregon,West,FUR-CH-10003833,Furniture,Chairs,Novimex Fabric Task Chair,195.136,4,-12.196,Cards
3522,CA-2019-114482,21-11-2019,25-11-2019,Second Class,DM-13345,Denise Monton,Corporate,United States,Des Moines,Iowa,Central,OFF-PA-10003845,Office Supplies,Paper,Xerox 1987,40.46,7,19.8254,Online
4824,CA-2019-140018,21-11-2019,26-11-2019,Standard Class,CK-12205,Chloris Kastensmidt,Consumer,United States,Columbus,Ohio,East,TEC-MA-10000752,Technology,Machines,Texas Instrument TI-15 Fraction Calculator,30.345,7,-24.276,COD
4825,CA-2019-140018,21-11-2019,26-11-2019,Standard Class,CK-12205,Chloris Kastensmidt,Consumer,United States,Columbus,Ohio,East,FUR-CH-10003817,Furniture,Chairs,"Global Value Steno Chair, Gray",127.554,3,-9.111,Cards
4826,CA-2019-140018,21-11-2019,26-11-2019,Standard Class,CK-12205,Chloris Kastensmidt,Consumer,United States,Columbus,Ohio,East,FUR-FU-10001876,Furniture,Furnishings,"Computer Room Manger, 14""",77.952,3,15.5904,Online
5891,CA-2019-146157,21-11-2019,26-11-2019,Standard Class,RD-19720,Roger Demir,Consumer,United States,Chicago,Illinois,Central,OFF-PA-10001790,Office Supplies,Paper,Xerox 1910,38.432,1,13.4512,COD
5892,CA-2019-146157,21-11-2019,26-11-2019,Standard Class,RD-19720,Roger Demir,Consumer,United States,Chicago,Illinois,Central,OFF-ST-10001590,Office Supplies,Storage,"Tenex Personal Project File with Scoop Front Design, Black",21.568,2,1.6176,Online
5893,CA-2019-146157,21-11-2019,26-11-2019,Standard Class,RD-19720,Roger Demir,Consumer,United States,Chicago,Illinois,Central,TEC-AC-10003657,Technology,Accessories,Lenovo 17-Key USB Numeric Keypad,81.576,3,2.0394,Cards
5983,CA-2019-114895,21-11-2019,28-11-2019,Standard Class,MV-18190,Mike Vittorini,Consumer,United States,New York City,New York,East,OFF-PA-10000232,Office Supplies,Paper,Xerox 1975,12.96,2,6.3504,Cards
6371,CA-2019-113425,21-11-2019,21-11-2019,Same Day,JK-16120,Julie Kriz,Home Office,United States,New York City,New York,East,FUR-BO-10002598,Furniture,Bookcases,"Hon Metal Bookcases, Putty",113.568,2,12.7764,Online
9216,CA-2019-152646,21-11-2019,26-11-2019,Standard Class,TH-21235,Tiffany House,Corporate,United States,Los Angeles,California,West,OFF-PA-10004451,Office Supplies,Paper,Xerox 222,32.4,5,15.552,Cards
1288,CA-2019-154711,22-11-2019,26-11-2019,Standard Class,TB-21355,Todd Boyes,Corporate,United States,New York City,New York,East,FUR-FU-10000397,Furniture,Furnishings,Luxo Economy Swing Arm Lamp,39.88,2,11.1664,COD
1289,CA-2019-154711,22-11-2019,26-11-2019,Standard Class,TB-21355,Todd Boyes,Corporate,United States,New York City,New York,East,OFF-BI-10000605,Office Supplies,Binders,"Acco Pressboard Covers with Storage Hooks, 9 1/2"" x 11"", Executive Red",12.192,4,4.1148,COD
1290,CA-2019-154711,22-11-2019,26-11-2019,Standard Class,TB-21355,Todd Boyes,Corporate,United States,New York City,New York,East,OFF-AR-10001860,Office Supplies,Art,BIC Liqua Brite Liner,20.82,3,7.4952,Online
2774,CA-2019-131576,22-11-2019,26-11-2019,Standard Class,RD-19585,Rob Dowd,Consumer,United States,Detroit,Michigan,Central,OFF-BI-10002852,Office Supplies,Binders,Ibico Standard Transparent Covers,49.44,3,24.2256,COD
6083,US-2019-132577,22-11-2019,27-11-2019,Standard Class,JE-15475,Jeremy Ellison,Consumer,United States,Houston,Texas,Central,OFF-BI-10004040,Office Supplies,Binders,Wilson Jones Impact Binders,6.216,6,-9.6348,COD
6084,US-2019-132577,22-11-2019,27-11-2019,Standard Class,JE-15475,Jeremy Ellison,Consumer,United States,Houston,Texas,Central,OFF-AR-10003481,Office Supplies,Art,Newell 348,23.616,9,2.6568,Online
6085,US-2019-132577,22-11-2019,27-11-2019,Standard Class,JE-15475,Jeremy Ellison,Consumer,United States,Houston,Texas,Central,TEC-AC-10000387,Technology,Accessories,KeyTronic KT800P2 - Keyboard - Black,24.032,2,-0.6008,COD
6086,US-2019-132577,22-11-2019,27-11-2019,Standard Class,JE-15475,Jeremy Ellison,Consumer,United States,Houston,Texas,Central,OFF-LA-10000262,Office Supplies,Labels,Avery 494,2.088,1,0.6786,Online
6087,US-2019-132577,22-11-2019,27-11-2019,Standard Class,JE-15475,Jeremy Ellison,Consumer,United States,Houston,Texas,Central,OFF-BI-10003196,Office Supplies,Binders,Accohide Poly Flexible Ring Binders,4.488,6,-6.732,Cards
8080,US-2019-164945,22-11-2019,27-11-2019,Standard Class,CA-12055,Cathy Armstrong,Home Office,United States,New York City,New York,East,OFF-BI-10001524,Office Supplies,Binders,GBC Premium Transparent Covers with Diagonal Lined Pattern,134.272,8,46.9952,Online
2919,CA-2019-160129,23-11-2019,23-11-2019,Same Day,LS-17200,Luke Schmidt,Corporate,United States,Philadelphia,Pennsylvania,East,OFF-FA-10002763,Office Supplies,Fasteners,Advantus Map Pennant Flags and Round Head Tacks,15.8,5,2.37,COD
2920,CA-2019-160129,23-11-2019,23-11-2019,Same Day,LS-17200,Luke Schmidt,Corporate,United States,Philadelphia,Pennsylvania,East,FUR-FU-10002088,Furniture,Furnishings,Nu-Dell Float Frame 11 x 14 1/2,14.368,2,3.9512,COD
2921,CA-2019-160129,23-11-2019,23-11-2019,Same Day,LS-17200,Luke Schmidt,Corporate,United States,Philadelphia,Pennsylvania,East,FUR-FU-10003976,Furniture,Furnishings,"DAX Executive Solid Wood Document Frame, Desktop or Hang, Mahogany, 5 x 7",70.448,7,12.3284,Online
1060,CA-2019-105284,24-11-2019,01-12-2019,Standard Class,MG-17650,Matthew Grinstein,Home Office,United States,Philadelphia,Pennsylvania,East,OFF-FA-10001754,Office Supplies,Fasteners,Stockwell Gold Paper Clips,4.416,3,1.6008,COD
1397,CA-2019-124485,24-11-2019,26-11-2019,First Class,NC-18340,Nat Carroll,Consumer,United States,New York City,New York,East,OFF-BI-10000822,Office Supplies,Binders,"Acco PRESSTEX Data Binder with Storage Hooks, Light Blue, 9 1/2"" X 11""",17.216,4,6.0256,COD
1398,CA-2019-124485,24-11-2019,26-11-2019,First Class,NC-18340,Nat Carroll,Consumer,United States,New York City,New York,East,OFF-PA-10004971,Office Supplies,Paper,Xerox 196,11.56,2,5.6644,COD
1399,CA-2019-124485,24-11-2019,26-11-2019,First Class,NC-18340,Nat Carroll,Consumer,United States,New York City,New York,East,TEC-AC-10002323,Technology,Accessories,SanDisk Ultra 32 GB MicroSDHC Class 10 Memory Card,88.4,4,11.492,Cards
1400,CA-2019-124485,24-11-2019,26-11-2019,First Class,NC-18340,Nat Carroll,Consumer,United States,New York City,New York,East,OFF-PA-10004888,Office Supplies,Paper,Xerox 217,6.48,1,3.1104,COD
1503,CA-2019-100468,24-11-2019,01-12-2019,Standard Class,AT-10435,Alyssa Tate,Home Office,United States,Los Angeles,California,West,TEC-PH-10001300,Technology,Phones,"iKross Bluetooth Portable Keyboard + Cell Phone Stand Holder + Brush for Apple iPhone 5S 5C 5, 4S 4",33.52,2,3.352,Online
1504,CA-2019-100468,24-11-2019,01-12-2019,Standard Class,AT-10435,Alyssa Tate,Home Office,United States,Los Angeles,California,West,FUR-FU-10000010,Furniture,Furnishings,"DAX Value U-Channel Document Frames, Easel Back",9.94,2,3.0814,COD
1664,CA-2019-128531,24-11-2019,26-11-2019,Second Class,NS-18505,Neola Schneider,Consumer,United States,Dallas,Texas,Central,OFF-ST-10001325,Office Supplies,Storage,Sterilite Officeware Hinged File Box,41.92,5,3.668,Cards
1665,CA-2019-128531,24-11-2019,26-11-2019,Second Class,NS-18505,Neola Schneider,Consumer,United States,Dallas,Texas,Central,TEC-AC-10002049,Technology,Accessories,Logitech G19 Programmable Gaming Keyboard,297.576,3,-7.4394,Cards
1666,CA-2019-128531,24-11-2019,26-11-2019,Second Class,NS-18505,Neola Schneider,Consumer,United States,Dallas,Texas,Central,OFF-FA-10002676,Office Supplies,Fasteners,Colored Push Pins,4.344,3,0.8688,Cards
1667,CA-2019-128531,24-11-2019,26-11-2019,Second Class,NS-18505,Neola Schneider,Consumer,United States,Dallas,Texas,Central,TEC-AC-10003023,Technology,Accessories,Logitech G105 Gaming Keyboard,94.992,2,-2.3748,Cards
1668,CA-2019-128531,24-11-2019,26-11-2019,Second Class,NS-18505,Neola Schneider,Consumer,United States,Dallas,Texas,Central,OFF-PA-10000167,Office Supplies,Paper,Xerox 1925,74.352,3,23.235,Cards
1669,CA-2019-128531,24-11-2019,26-11-2019,Second Class,NS-18505,Neola Schneider,Consumer,United States,Dallas,Texas,Central,OFF-AR-10003405,Office Supplies,Art,"Dixon My First Ticonderoga Pencil, #2",14.04,3,1.5795,Cards
1894,CA-2019-100083,24-11-2019,29-11-2019,Standard Class,CD-11980,Carol Darley,Consumer,United States,Medford,Oregon,West,OFF-PA-10000241,Office Supplies,Paper,"IBM Multi-Purpose Copy Paper, 8 1/2 x 11"", Case",24.784,1,7.745,Cards
5701,CA-2019-125661,24-11-2019,26-11-2019,First Class,CA-12055,Cathy Armstrong,Home Office,United States,Cleveland,Ohio,East,OFF-EN-10001532,Office Supplies,Envelopes,Brown Kraft Recycled Envelopes,40.752,3,15.282,Cards
5702,CA-2019-125661,24-11-2019,26-11-2019,First Class,CA-12055,Cathy Armstrong,Home Office,United States,Cleveland,Ohio,East,TEC-AC-10004855,Technology,Accessories,V7 USB Numeric Keypad,139.96,5,-22.7435,Cards
6244,CA-2019-165561,24-11-2019,28-11-2019,Standard Class,CR-12580,Clay Rozendal,Home Office,United States,Bellevue,Washington,West,OFF-SU-10004782,Office Supplies,Supplies,"Elite 5"" Scissors",25.35,3,7.605,COD
8373,CA-2019-113726,24-11-2019,01-12-2019,Standard Class,SC-20680,Steve Carroll,Home Office,United States,Seattle,Washington,West,FUR-FU-10003535,Furniture,Furnishings,Howard Miller Distant Time Traveler Alarm Clock,82.26,3,33.7266,Online
9770,CA-2019-123533,24-11-2019,30-11-2019,Standard Class,SC-20050,Sample Company A,Home Office,United States,Hialeah,Florida,South,FUR-BO-10001619,Furniture,Bookcases,O'Sullivan Cherrywood Estates Traditional Bookcase,339.92,5,8.498,COD
9771,CA-2019-123533,24-11-2019,30-11-2019,Standard Class,SC-20050,Sample Company A,Home Office,United States,Hialeah,Florida,South,OFF-PA-10001609,Office Supplies,Paper,Tops Wirebound Message Log Books,10.528,4,3.4216,Cards
9772,CA-2019-123533,24-11-2019,30-11-2019,Standard Class,SC-20050,Sample Company A,Home Office,United States,Hialeah,Florida,South,OFF-AP-10002765,Office Supplies,Appliances,Fellowes Advanced Computer Series Surge Protectors,42.384,2,4.2384,COD
3464,CA-2019-165470,25-11-2019,30-11-2019,Standard Class,HJ-14875,Heather Jas,Home Office,United States,Jacksonville,Florida,South,OFF-PA-10004675,Office Supplies,Paper,"Telephone Message Books with Fax/Mobile Section, 5 1/2"" x 3 3/16""",5.08,1,1.651,COD
6978,US-2019-119298,25-11-2019,28-11-2019,First Class,EP-13915,Emily Phan,Consumer,United States,Jonesboro,Arkansas,South,TEC-PH-10002564,Technology,Phones,OtterBox Defender Series Case - Samsung Galaxy S4,59.98,2,17.994,COD
7688,CA-2019-169838,25-11-2019,29-11-2019,Standard Class,BB-11545,Brenda Bowman,Corporate,United States,Jackson,Michigan,Central,OFF-BI-10004002,Office Supplies,Binders,Wilson Jones International Size A4 Ring Binders,17.3,1,8.304,Online
7774,CA-2019-108196,25-11-2019,02-12-2019,Standard Class,CS-12505,Cindy Stewart,Consumer,United States,Lancaster,Ohio,East,TEC-AC-10000926,Technology,Accessories,NETGEAR RangeMax WNR1000 Wireless Router,59.976,3,11.9952,Cards
8343,CA-2019-132549,25-11-2019,30-11-2019,Standard Class,JK-15370,Jay Kimmel,Consumer,United States,Huntsville,Alabama,South,OFF-ST-10001325,Office Supplies,Storage,Sterilite Officeware Hinged File Box,73.36,7,19.8072,COD
8647,CA-2019-113341,25-11-2019,29-11-2019,Standard Class,MH-17455,Mark Hamilton,Consumer,United States,Los Angeles,California,West,FUR-CH-10004698,Furniture,Chairs,"Padded Folding Chairs, Black, 4/Carton",194.352,3,19.4352,Online
1452,CA-2019-133711,26-11-2019,29-11-2019,First Class,MC-17425,Mark Cousins,Corporate,United States,Mobile,Alabama,South,OFF-PA-10001685,Office Supplies,Paper,Easy-staple paper,70.98,7,34.7802,Online
1453,CA-2019-133711,26-11-2019,29-11-2019,First Class,MC-17425,Mark Cousins,Corporate,United States,Mobile,Alabama,South,OFF-BI-10000666,Office Supplies,Binders,Surelock Post Binders,91.68,3,45.84,COD
1454,CA-2019-133711,26-11-2019,29-11-2019,First Class,MC-17425,Mark Cousins,Corporate,United States,Mobile,Alabama,South,OFF-BI-10004352,Office Supplies,Binders,Wilson Jones DublLock D-Ring Binders,33.75,5,16.875,Cards
2073,CA-2019-129693,26-11-2019,02-12-2019,Standard Class,TC-20980,Tamara Chand,Corporate,United States,Seattle,Washington,West,OFF-BI-10002954,Office Supplies,Binders,Newell 3-Hole Punched Plastic Slotted Magazine Holders for Binders,7.312,2,2.5592,Online
5274,US-2019-158309,26-11-2019,29-11-2019,First Class,PA-19060,Pete Armstrong,Home Office,United States,Miami,Florida,South,OFF-BI-10000145,Office Supplies,Binders,Zipper Ring Binder Pockets,3.744,4,-2.6208,COD
7729,CA-2019-106915,26-11-2019,02-12-2019,Standard Class,GA-14515,George Ashbrook,Consumer,United States,El Paso,Texas,Central,OFF-AR-10000716,Office Supplies,Art,DIXON Ticonderoga Erasable Checking Pencils,17.856,4,4.2408,Online
8384,CA-2019-145135,26-11-2019,28-11-2019,First Class,CD-12790,Cynthia Delaney,Home Office,United States,Shelton,Connecticut,East,TEC-AC-10003447,Technology,Accessories,Micropad Numeric Keypads,59.97,3,14.9925,Cards
8385,CA-2019-145135,26-11-2019,28-11-2019,First Class,CD-12790,Cynthia Delaney,Home Office,United States,Shelton,Connecticut,East,OFF-PA-10004285,Office Supplies,Paper,Xerox 1959,13.36,2,6.4128,COD
9651,CA-2019-107104,26-11-2019,30-11-2019,Standard Class,MS-17365,Maribeth Schnelling,Consumer,United States,Los Angeles,California,West,OFF-AR-10004269,Office Supplies,Art,Newell 31,37.17,9,10.4076,Online
9652,CA-2019-107104,26-11-2019,30-11-2019,Standard Class,MS-17365,Maribeth Schnelling,Consumer,United States,Los Angeles,California,West,OFF-AP-10000055,Office Supplies,Appliances,Belkin F9S820V06 8 Outlet Surge,64.96,2,19.488,Online
1772,CA-2019-129686,27-11-2019,29-11-2019,Second Class,GG-14650,Greg Guthrie,Corporate,United States,Chicago,Illinois,Central,OFF-ST-10004337,Office Supplies,Storage,"SAFCO Commercial Wire Shelving, 72h",97.984,2,-24.496,COD
1773,CA-2019-129686,27-11-2019,29-11-2019,Second Class,GG-14650,Greg Guthrie,Corporate,United States,Chicago,Illinois,Central,TEC-AC-10001266,Technology,Accessories,Memorex Micro Travel Drive 8 GB,62.4,6,19.5,Cards
1932,CA-2019-152121,27-11-2019,29-11-2019,Second Class,CC-12670,Craig Carreira,Consumer,United States,Scottsdale,Arizona,West,TEC-PH-10002483,Technology,Phones,Motorola Moto X,271.992,1,23.7993,Online
2212,CA-2019-162313,27-11-2019,30-11-2019,First Class,VB-21745,Victoria Brennan,Corporate,United States,Lincoln Park,Michigan,Central,OFF-AP-10003842,Office Supplies,Appliances,Euro-Pro Shark Turbo Vacuum,167.292,6,29.7408,Cards
3476,CA-2019-144911,27-11-2019,30-11-2019,First Class,RW-19630,Rob Williams,Corporate,United States,Overland Park,Kansas,Central,TEC-AC-10004633,Technology,Accessories,"Verbatim 25 GB 6x Blu-ray Single Layer Recordable Disc, 3/Pack",34.95,5,15.378,Cards
5902,CA-2019-159639,27-11-2019,02-12-2019,Standard Class,PC-18745,Pamela Coakley,Corporate,United States,Westfield,New Jersey,East,FUR-FU-10001889,Furniture,Furnishings,Ultra Door Pull Handle,31.56,3,10.4148,Cards
7201,CA-2019-104276,27-11-2019,03-12-2019,Standard Class,HF-14995,Herbert Flentye,Consumer,United States,Fort Lauderdale,Florida,South,TEC-PH-10001944,Technology,Phones,Wi-Ex zBoost YX540 Cellular Phone Signal Booster,116.76,1,14.595,Cards
8623,US-2019-114230,27-11-2019,01-12-2019,Standard Class,CM-12235,Chris McAfee,Consumer,United States,Phoenix,Arizona,West,OFF-ST-10000876,Office Supplies,Storage,Eldon Simplefile Box Office,39.808,4,3.9808,COD
9812,CA-2019-117583,27-11-2019,30-11-2019,First Class,CB-12025,Cassandra Brandow,Consumer,United States,East Orange,New Jersey,East,OFF-PA-10001246,Office Supplies,Paper,Xerox 215,25.92,4,12.4416,COD
9813,CA-2019-117583,27-11-2019,30-11-2019,First Class,CB-12025,Cassandra Brandow,Consumer,United States,East Orange,New Jersey,East,OFF-AR-10000658,Office Supplies,Art,Newell 324,34.65,3,9.702,Online
9815,CA-2019-117583,27-11-2019,30-11-2019,First Class,CB-12025,Cassandra Brandow,Consumer,United States,East Orange,New Jersey,East,OFF-BI-10004233,Office Supplies,Binders,"GBC Pre-Punched Binding Paper, Plastic, White, 8-1/2"" x 11""",79.95,5,38.376,Cards
186,CA-2019-105018,28-11-2019,02-12-2019,Standard Class,SK-19990,Sally Knutson,Consumer,United States,Fairfield,Connecticut,East,OFF-BI-10001890,Office Supplies,Binders,Avery Poly Binder Pockets,7.16,2,3.4368,Cards
2850,CA-2019-123617,28-11-2019,03-12-2019,Standard Class,AJ-10780,Anthony Jacobs,Corporate,United States,Palm Coast,Florida,South,OFF-BI-10002976,Office Supplies,Binders,ACCOHIDE Binder by Acco,7.434,6,-5.6994,Cards
4888,CA-2019-163167,28-11-2019,01-12-2019,Second Class,RF-19345,Randy Ferguson,Corporate,United States,Marietta,Georgia,South,TEC-AC-10003441,Technology,Accessories,Kingston Digital DataTraveler 32GB USB 2.0,101.7,6,6.102,Cards
7365,CA-2019-127243,28-11-2019,04-12-2019,Standard Class,DS-13180,David Smith,Corporate,United States,Philadelphia,Pennsylvania,East,OFF-FA-10004076,Office Supplies,Fasteners,Translucent Push Pins by OIC,12.672,8,2.6928,Online
7366,CA-2019-127243,28-11-2019,04-12-2019,Standard Class,DS-13180,David Smith,Corporate,United States,Philadelphia,Pennsylvania,East,OFF-BI-10003166,Office Supplies,Binders,GBC Plasticlear Binding Covers,6.888,2,-5.0512,Cards
7367,CA-2019-127243,28-11-2019,04-12-2019,Standard Class,DS-13180,David Smith,Corporate,United States,Philadelphia,Pennsylvania,East,OFF-ST-10002301,Office Supplies,Storage,Tennsco Commercial Shelving,32.544,2,-7.7292,Online
7368,CA-2019-127243,28-11-2019,04-12-2019,Standard Class,DS-13180,David Smith,Corporate,United States,Philadelphia,Pennsylvania,East,FUR-CH-10002647,Furniture,Chairs,"Situations Contoured Folding Chairs, 4/Set",347.802,7,-24.843,Cards
3612,US-2019-131674,29-11-2019,01-12-2019,Second Class,NC-18535,Nick Crebassa,Corporate,United States,Dallas,Texas,Central,TEC-AC-10004864,Technology,Accessories,Memorex Micro Travel Drive 32 GB,58.416,2,16.7946,COD
3487,US-2019-134761,30-11-2019,30-11-2019,Same Day,DB-13210,Dean Braden,Consumer,United States,Hickory,North Carolina,South,TEC-PH-10002890,Technology,Phones,AT&T 17929 Lendline Telephone,36.192,1,2.7144,Cards
8531,CA-2019-156748,30-11-2019,06-12-2019,Standard Class,BS-11755,Bruce Stewart,Consumer,United States,Detroit,Michigan,Central,OFF-PA-10000380,Office Supplies,Paper,"REDIFORM Incoming/Outgoing Call Register, 11"" X 8 1/2"", 100 Messages",33.36,4,16.68,Online
8532,CA-2019-156748,30-11-2019,06-12-2019,Standard Class,BS-11755,Bruce Stewart,Consumer,United States,Detroit,Michigan,Central,OFF-PA-10002713,Office Supplies,Paper,"Adams Phone Message Book, 200 Message Capacity, 8 1/16” x 11”",13.76,2,6.3296,COD
8533,CA-2019-156748,30-11-2019,06-12-2019,Standard Class,BS-11755,Bruce Stewart,Consumer,United States,Detroit,Michigan,Central,OFF-ST-10001370,Office Supplies,Storage,Sensible Storage WireTech Storage Systems,496.86,7,24.843,Cards
8534,CA-2019-156748,30-11-2019,06-12-2019,Standard Class,BS-11755,Bruce Stewart,Consumer,United States,Detroit,Michigan,Central,FUR-CH-10000513,Furniture,Chairs,High-Back Leather Manager's Chair,389.97,3,35.0973,Cards
8112,CA-2019-130393,01-12-2019,03-12-2019,Second Class,JM-15865,John Murray,Consumer,United States,San Angelo,Texas,Central,FUR-CH-10002647,Furniture,Chairs,"Situations Contoured Folding Chairs, 4/Set",248.43,5,-17.745,Online
1179,CA-2019-113621,01-12-2019,05-12-2019,Standard Class,JE-15745,Joel Eaton,Consumer,United States,Rockville,Maryland,East,TEC-PH-10003931,Technology,Phones,JBL Micro Wireless Portable Bluetooth Speaker,179.97,3,44.9925,COD
8393,CA-2019-142594,01-12-2019,06-12-2019,Second Class,EJ-14155,Eva Jacobs,Consumer,United States,Franklin,Massachusetts,East,TEC-PH-10000193,Technology,Phones,Jensen SMPS-640 - speaker phone,137.94,3,35.8644,Online
8394,CA-2019-142594,01-12-2019,06-12-2019,Second Class,EJ-14155,Eva Jacobs,Consumer,United States,Franklin,Massachusetts,East,FUR-FU-10002045,Furniture,Furnishings,"Executive Impressions 14""",111.15,5,48.906,Online
4249,CA-2019-157336,01-12-2019,05-12-2019,Second Class,SJ-20500,Shirley Jackson,Consumer,United States,Fairfield,Connecticut,East,OFF-BI-10004236,Office Supplies,Binders,"XtraLife ClearVue Slant-D Ring Binder, White, 3""",88.08,6,40.5168,Online
8114,CA-2019-130393,01-12-2019,03-12-2019,Second Class,JM-15865,John Murray,Consumer,United States,San Angelo,Texas,Central,FUR-CH-10004477,Furniture,Chairs,"Global Push Button Manager's Chair, Indigo",85.246,2,-1.2178,Online
9172,US-2019-155768,01-12-2019,01-12-2019,Same Day,LB-16795,Laurel Beltran,Home Office,United States,Oxnard,California,West,OFF-PA-10001357,Office Supplies,Paper,Xerox 1886,47.9,1,22.992,COD
8682,CA-2019-143805,01-12-2019,03-12-2019,Second Class,JD-15895,Jonathan Doherty,Corporate,United States,Richmond,Virginia,South,OFF-SU-10004664,Office Supplies,Supplies,Acme Softgrip Scissors,40.7,5,11.803,COD
9171,US-2019-155768,01-12-2019,01-12-2019,Same Day,LB-16795,Laurel Beltran,Home Office,United States,Oxnard,California,West,FUR-FU-10000448,Furniture,Furnishings,Tenex Chairmats For Use With Carpeted Floors,31.96,2,1.598,Online
103,CA-2019-129903,01-12-2019,04-12-2019,Second Class,GZ-14470,Gary Zandusky,Consumer,United States,Rochester,Minnesota,Central,OFF-PA-10004040,Office Supplies,Paper,Universal Premium White Copier/Laser Paper (20Lb. and 87 Bright),23.92,4,11.7208,Online
9205,CA-2019-104689,01-12-2019,05-12-2019,Standard Class,FH-14365,Fred Hopkins,Corporate,United States,Los Angeles,California,West,OFF-AR-10001149,Office Supplies,Art,"Sanford Colorific Colored Pencils, 12/Box",23.04,8,6.912,Cards
9174,US-2019-155768,01-12-2019,01-12-2019,Same Day,LB-16795,Laurel Beltran,Home Office,United States,Oxnard,California,West,OFF-EN-10001219,Office Supplies,Envelopes,"#10- 4 1/8"" x 9 1/2"" Security-Tint Envelopes",22.92,3,11.2308,COD
2055,CA-2019-136434,01-12-2019,07-12-2019,Standard Class,RD-19480,Rick Duston,Consumer,United States,Richmond,Indiana,Central,FUR-FU-10001196,Furniture,Furnishings,DAX Cubicle Frames - 8x10,17.31,3,5.193,Online
3471,US-2019-150035,01-12-2019,05-12-2019,Standard Class,CL-11890,Carl Ludwig,Consumer,United States,San Francisco,California,West,FUR-FU-10003724,Furniture,Furnishings,Westinghouse Clip-On Gooseneck Lamps,16.74,2,4.3524,COD
2197,CA-2019-136483,01-12-2019,06-12-2019,Standard Class,AG-10390,Allen Goldenen,Consumer,United States,Knoxville,Tennessee,South,OFF-AR-10000940,Office Supplies,Art,Newell 343,4.704,2,0.4116,COD
8496,CA-2019-143154,02-12-2019,08-12-2019,Standard Class,AS-10225,Alan Schoenberger,Corporate,United States,Longmont,Colorado,West,TEC-AC-10002942,Technology,Accessories,WD My Passport Ultra 1TB Portable External Hard Drive,165.6,3,-6.21,Cards
5911,US-2019-113985,02-12-2019,07-12-2019,Standard Class,KD-16495,Keith Dawkins,Corporate,United States,San Jose,California,West,OFF-BI-10000632,Office Supplies,Binders,Satellite Sectional Post Binders,104.184,3,33.8598,Online
6470,CA-2019-163804,02-12-2019,08-12-2019,Standard Class,DB-13270,Deborah Brumfield,Home Office,United States,Providence,Rhode Island,East,FUR-FU-10004864,Furniture,Furnishings,Eldon 500 Class Desk Accessories,72.42,6,23.8986,Cards
5909,US-2019-113985,02-12-2019,07-12-2019,Standard Class,KD-16495,Keith Dawkins,Corporate,United States,San Jose,California,West,OFF-AP-10001303,Office Supplies,Appliances,"Holmes Cool Mist Humidifier for the Whole House with 8-Gallon Output per Day, Extended Life Filter",59.7,3,26.865,COD
6698,US-2019-155103,02-12-2019,07-12-2019,Standard Class,JF-15190,Jamie Frazer,Consumer,United States,New York City,New York,East,OFF-PA-10000062,Office Supplies,Paper,Green Bar Computer Printout Paper,54.96,1,26.9304,COD
1481,US-2019-108455,02-12-2019,08-12-2019,Standard Class,MK-18160,Mike Kennedy,Consumer,United States,San Francisco,California,West,OFF-PA-10002464,Office Supplies,Paper,HP Office Recycled Paper (20Lb. and 87 Bright),40.46,7,19.8254,Cards
6697,US-2019-155103,02-12-2019,07-12-2019,Standard Class,JF-15190,Jamie Frazer,Consumer,United States,New York City,New York,East,OFF-BI-10004236,Office Supplies,Binders,"XtraLife ClearVue Slant-D Ring Binder, White, 3""",35.232,3,11.4504,COD
1482,US-2019-108455,02-12-2019,08-12-2019,Standard Class,MK-18160,Mike Kennedy,Consumer,United States,San Francisco,California,West,OFF-ST-10002214,Office Supplies,Storage,X-Rack File for Hanging Folders,33.87,3,8.8062,Online
9486,CA-2019-164770,02-12-2019,04-12-2019,Second Class,MY-18295,Muhammed Yedwab,Corporate,United States,Houston,Texas,Central,OFF-PA-10003893,Office Supplies,Paper,Xerox 1962,30.816,9,9.63,Online
1480,US-2019-108455,02-12-2019,08-12-2019,Standard Class,MK-18160,Mike Kennedy,Consumer,United States,San Francisco,California,West,OFF-PA-10002262,Office Supplies,Paper,Xerox 192,25.92,4,12.4416,Cards
5908,US-2019-113985,02-12-2019,07-12-2019,Standard Class,KD-16495,Keith Dawkins,Corporate,United States,San Jose,California,West,OFF-BI-10002353,Office Supplies,Binders,GBC VeloBind Cover Sets,24.704,2,9.264,Online
5910,US-2019-113985,02-12-2019,07-12-2019,Standard Class,KD-16495,Keith Dawkins,Corporate,United States,San Jose,California,West,FUR-FU-10003026,Furniture,Furnishings,"Eldon Regeneration Recycled Desk Accessories, Black",14.52,3,5.6628,Online
7909,CA-2019-149762,03-12-2019,07-12-2019,Standard Class,RD-19720,Roger Demir,Consumer,United States,Morgan Hill,California,West,FUR-TA-10004147,Furniture,Tables,Hon 4060 Series Tables,268.704,3,6.7176,COD
7912,CA-2019-149762,03-12-2019,07-12-2019,Standard Class,RD-19720,Roger Demir,Consumer,United States,Morgan Hill,California,West,FUR-BO-10001337,Furniture,Bookcases,O'Sullivan Living Dimensions 2-Shelf Bookcases,205.666,2,-12.098,Online
7911,CA-2019-149762,03-12-2019,07-12-2019,Standard Class,RD-19720,Roger Demir,Consumer,United States,Morgan Hill,California,West,OFF-ST-10001558,Office Supplies,Storage,Acco Perma 4000 Stacking Storage Drawers,48.72,3,7.308,Online
730,US-2019-150861,03-12-2019,06-12-2019,First Class,EG-13900,Emily Grady,Consumer,United States,Oceanside,New York,East,OFF-ST-10004634,Office Supplies,Storage,"Personal Folder Holder, Ebony",33.63,3,10.089,Online
5831,CA-2019-122063,03-12-2019,07-12-2019,Standard Class,MM-17920,Michael Moore,Consumer,United States,Richmond,Indiana,Central,FUR-CH-10004754,Furniture,Chairs,"Global Stack Chair with Arms, Black",29.98,1,8.0946,COD
7910,CA-2019-149762,03-12-2019,07-12-2019,Standard Class,RD-19720,Roger Demir,Consumer,United States,Morgan Hill,California,West,OFF-AR-10001662,Office Supplies,Art,Rogers Handheld Barrel Pencil Sharpener,21.92,8,5.9184,Online
4199,US-2019-161683,03-12-2019,08-12-2019,Standard Class,CJ-12010,Caroline Jumper,Consumer,United States,Philadelphia,Pennsylvania,East,OFF-BI-10001072,Office Supplies,Binders,"GBC Clear Cover, 8-1/2 x 11, unpunched, 25 covers per pack",18.192,4,-14.5536,Online
732,US-2019-150861,03-12-2019,06-12-2019,First Class,EG-13900,Emily Grady,Consumer,United States,Oceanside,New York,East,OFF-LA-10001317,Office Supplies,Labels,Avery 520,6.3,2,3.024,COD
1534,CA-2019-139885,04-12-2019,08-12-2019,Standard Class,EB-13840,Ellis Ballard,Corporate,United States,New York City,New York,East,OFF-ST-10003324,Office Supplies,Storage,Belkin OmniView SE Rackmount Kit,212.88,6,0.0,COD
1228,CA-2019-126004,04-12-2019,05-12-2019,First Class,BM-11140,Becky Martin,Consumer,United States,New York City,New York,East,OFF-ST-10000676,Office Supplies,Storage,Fellowes Econo/Stor Drawers,193.86,2,11.6316,COD
1227,CA-2019-126004,04-12-2019,05-12-2019,First Class,BM-11140,Becky Martin,Consumer,United States,New York City,New York,East,OFF-ST-10001418,Office Supplies,Storage,Carina Media Storage Towers in Natural & Black,182.94,3,3.6588,Online
1223,CA-2019-126004,04-12-2019,05-12-2019,First Class,BM-11140,Becky Martin,Consumer,United States,New York City,New York,East,FUR-FU-10001602,Furniture,Furnishings,"Eldon Delta Triangular Chair Mat, 52"" x 58"", Clear",113.79,3,20.4822,Online
5778,CA-2019-112060,04-12-2019,09-12-2019,Standard Class,KT-16465,Kean Takahito,Consumer,United States,San Francisco,California,West,OFF-PA-10000994,Office Supplies,Paper,Xerox 1915,104.85,1,50.328,COD
1224,CA-2019-126004,04-12-2019,05-12-2019,First Class,BM-11140,Becky Martin,Consumer,United States,New York City,New York,East,TEC-AC-10001432,Technology,Accessories,Enermax Aurora Lite Keyboard,78.15,1,34.386,Online
1226,CA-2019-126004,04-12-2019,05-12-2019,First Class,BM-11140,Becky Martin,Consumer,United States,New York City,New York,East,OFF-PA-10001685,Office Supplies,Paper,Easy-staple paper,40.56,4,19.8744,COD
5777,CA-2019-105277,04-12-2019,08-12-2019,Standard Class,LM-17065,Liz MacKendrick,Consumer,United States,Auburn,New York,East,OFF-BI-10000301,Office Supplies,Binders,GBC Instant Report Kit,15.528,3,5.823,Online
1225,CA-2019-126004,04-12-2019,05-12-2019,First Class,BM-11140,Becky Martin,Consumer,United States,New York City,New York,East,OFF-BI-10004656,Office Supplies,Binders,Peel & Stick Add-On Corner Pockets,1.728,1,0.6048,Online
149,CA-2019-114489,05-12-2019,09-12-2019,Standard Class,JE-16165,Justin Ellison,Corporate,United States,Franklin,Wisconsin,Central,TEC-PH-10001448,Technology,Phones,Anker Astro 15000mAh USB Portable Charger,149.97,3,5.9988,Online
4185,CA-2019-143749,05-12-2019,07-12-2019,First Class,AG-10300,Aleksandra Gannaway,Corporate,United States,Franklin,Massachusetts,East,FUR-BO-10002853,Furniture,Bookcases,O'Sullivan 5-Shelf Heavy-Duty Bookcases,81.94,1,20.485,COD
4597,CA-2019-140564,05-12-2019,10-12-2019,Second Class,TC-21475,Tony Chapman,Home Office,United States,Washington,District of Columbia,East,OFF-AR-10000034,Office Supplies,Art,"BIC Brite Liner Grip Highlighters, Assorted, 5/Pack",33.92,8,13.2288,Online
9965,CA-2019-146374,05-12-2019,10-12-2019,Second Class,HE-14800,Harold Engle,Corporate,United States,Newark,Delaware,East,FUR-FU-10002671,Furniture,Furnishings,Electrix 20W Halogen Replacement Bulb for Zoom-In Desk Lamp,13.4,1,6.432,Online
6872,CA-2019-145009,05-12-2019,08-12-2019,Second Class,RF-19345,Randy Ferguson,Corporate,United States,Chicago,Illinois,Central,OFF-LA-10004853,Office Supplies,Labels,Avery 483,11.952,3,3.8844,Online
9966,CA-2019-146374,05-12-2019,10-12-2019,Second Class,HE-14800,Harold Engle,Corporate,United States,Newark,Delaware,East,OFF-PA-10000349,Office Supplies,Paper,Easy-staple paper,4.98,1,2.3406,Online
8776,CA-2019-163636,05-12-2019,09-12-2019,Second Class,MP-18175,Mike Pelletier,Home Office,United States,Chicago,Illinois,Central,OFF-AR-10001547,Office Supplies,Art,Newell 311,3.536,2,0.3094,COD
2935,US-2019-169040,06-12-2019,12-12-2019,Standard Class,GT-14710,Greg Tran,Consumer,United States,Seattle,Washington,West,TEC-PH-10002834,Technology,Phones,Google Nexus 5,431.976,3,26.9985,COD
9974,US-2019-103674,06-12-2019,10-12-2019,Standard Class,AP-10720,Anne Pryor,Home Office,United States,Los Angeles,California,West,TEC-PH-10004080,Technology,Phones,Avaya 5410 Digital phone,271.96,5,27.196,Online
9977,US-2019-103674,06-12-2019,10-12-2019,Standard Class,AP-10720,Anne Pryor,Home Office,United States,Los Angeles,California,West,TEC-PH-10002496,Technology,Phones,Cisco SPA301,249.584,2,31.198,Online
2934,US-2019-169040,06-12-2019,12-12-2019,Standard Class,GT-14710,Greg Tran,Consumer,United States,Seattle,Washington,West,TEC-PH-10002310,Technology,Phones,Plantronics Calisto P620-M USB Wireless Speakerphone System,156.792,1,13.7193,COD
2940,US-2019-169040,06-12-2019,12-12-2019,Standard Class,GT-14710,Greg Tran,Consumer,United States,Seattle,Washington,West,OFF-BI-10001658,Office Supplies,Binders,GBC Standard Therm-A-Bind Covers,59.808,3,19.4376,Online
2937,US-2019-169040,06-12-2019,12-12-2019,Standard Class,GT-14710,Greg Tran,Consumer,United States,Seattle,Washington,West,OFF-BI-10001636,Office Supplies,Binders,Ibico Plastic and Wire Spiral Binding Combs,47.208,7,15.3426,Online
2936,US-2019-169040,06-12-2019,12-12-2019,Standard Class,GT-14710,Greg Tran,Consumer,United States,Seattle,Washington,West,OFF-EN-10000927,Office Supplies,Envelopes,Jet-Pak Recycled Peel 'N' Seal Padded Mailers,35.89,1,16.1505,COD
1133,US-2019-114776,06-12-2019,07-12-2019,First Class,GG-14650,Greg Guthrie,Corporate,United States,Antioch,California,West,OFF-PA-10004100,Office Supplies,Paper,Xerox 216,19.44,3,9.3312,COD
9975,US-2019-103674,06-12-2019,10-12-2019,Standard Class,AP-10720,Anne Pryor,Home Office,United States,Los Angeles,California,West,OFF-AR-10004752,Office Supplies,Art,Blackstonian Pencils,18.69,7,5.2332,Online
9978,US-2019-103674,06-12-2019,10-12-2019,Standard Class,AP-10720,Anne Pryor,Home Office,United States,Los Angeles,California,West,OFF-FA-10003467,Office Supplies,Fasteners,"Alliance Big Bands Rubber Bands, 12/Pack",13.86,7,0.0,Online
9979,US-2019-103674,06-12-2019,10-12-2019,Standard Class,AP-10720,Anne Pryor,Home Office,United States,Los Angeles,California,West,OFF-BI-10003727,Office Supplies,Binders,Avery Durable Slant Ring Binders With Label Holder,13.376,4,4.6816,COD
9976,US-2019-103674,06-12-2019,10-12-2019,Standard Class,AP-10720,Anne Pryor,Home Office,United States,Los Angeles,California,West,OFF-PA-10000743,Office Supplies,Paper,Xerox 1977,13.36,2,6.4128,COD
9162,CA-2019-160108,08-12-2019,12-12-2019,Standard Class,AG-10900,Arthur Gainer,Consumer,United States,Eau Claire,Wisconsin,Central,FUR-BO-10003450,Furniture,Bookcases,"Bush Westfield Collection Bookcases, Dark Cherry Finish",405.86,7,32.4688,Online
5747,CA-2019-113733,08-12-2019,12-12-2019,Standard Class,LH-16900,Lena Hernandez,Consumer,United States,Greenville,North Carolina,South,TEC-PH-10002496,Technology,Phones,Cisco SPA301,249.584,2,31.198,COD
1299,CA-2019-134425,08-12-2019,12-12-2019,Second Class,QJ-19255,Quincy Jones,Corporate,United States,Saint Paul,Minnesota,Central,TEC-PH-10003555,Technology,Phones,Motorola HK250 Universal Bluetooth Headset,114.95,5,2.299,Online
5748,CA-2019-113733,08-12-2019,12-12-2019,Standard Class,LH-16900,Lena Hernandez,Consumer,United States,Greenville,North Carolina,South,TEC-AC-10002473,Technology,Accessories,Maxell 4.7GB DVD-R,68.112,3,17.8794,Online
3480,CA-2019-131289,08-12-2019,14-12-2019,Standard Class,SP-20620,Stefania Perrino,Corporate,United States,San Francisco,California,West,OFF-PA-10003363,Office Supplies,Paper,Xerox 204,45.36,7,21.7728,Online
5590,CA-2019-115224,08-12-2019,11-12-2019,Second Class,DB-13615,Doug Bickford,Consumer,United States,San Francisco,California,West,OFF-ST-10000615,Office Supplies,Storage,"SimpliFile Personal File, Black Granite, 15w x 6-15/16d x 11-1/4h",34.05,3,9.534,Online
5749,CA-2019-113733,08-12-2019,12-12-2019,Standard Class,LH-16900,Lena Hernandez,Consumer,United States,Greenville,North Carolina,South,TEC-AC-10004877,Technology,Accessories,Imation 30456 USB Flash Drive 8GB,16.56,3,-2.484,Online
3104,CA-2019-124562,08-12-2019,12-12-2019,Standard Class,JP-16135,Julie Prescott,Home Office,United States,Columbus,Ohio,East,OFF-BI-10001267,Office Supplies,Binders,"Universal Recycled Hanging Pressboard Report Binders, Letter Size",12.957,7,-9.5018,Online
8441,CA-2019-158302,08-12-2019,12-12-2019,Second Class,JB-16045,Julia Barnett,Home Office,United States,Columbus,Ohio,East,OFF-PA-10002615,Office Supplies,Paper,"Ampad Gold Fibre Wirebound Steno Books, 6"" x 9"", Gregg Ruled",10.584,3,3.4398,Online
3479,CA-2019-131289,08-12-2019,14-12-2019,Standard Class,SP-20620,Stefania Perrino,Corporate,United States,San Francisco,California,West,OFF-AR-10003056,Office Supplies,Art,Newell 341,8.56,2,2.4824,COD
3741,CA-2019-133340,09-12-2019,13-12-2019,Standard Class,LH-17155,Logan Haushalter,Consumer,United States,Jackson,Michigan,Central,OFF-AP-10002311,Office Supplies,Appliances,"Holmes Replacement Filter for HEPA Air Cleaner, Very Large Room, HEPA Filter",61.929,1,23.3954,Online
23,CA-2019-137330,09-12-2019,13-12-2019,Standard Class,KB-16585,Ken Black,Corporate,United States,Fremont,Nebraska,Central,OFF-AP-10001492,Office Supplies,Appliances,"Acco Six-Outlet Power Strip, 4' Cord Length",60.34,7,15.6884,Online
3740,CA-2019-133340,09-12-2019,13-12-2019,Standard Class,LH-17155,Logan Haushalter,Consumer,United States,Jackson,Michigan,Central,TEC-AC-10001109,Technology,Accessories,Logitech Trackman Marble Mouse,59.98,2,25.1916,COD
4752,CA-2019-159989,09-12-2019,13-12-2019,Standard Class,EB-13870,Emily Burns,Consumer,United States,Franklin,Tennessee,South,TEC-PH-10000169,Technology,Phones,ARKON Windshield Dashboard Air Vent Car Mount Holder,40.68,3,-9.153,Online
4980,US-2019-131114,09-12-2019,13-12-2019,Second Class,RW-19630,Rob Williams,Corporate,United States,Chicago,Illinois,Central,OFF-SU-10001664,Office Supplies,Supplies,Acme Office Executive Series Stainless Steel Trimmers,20.568,3,1.5426,Cards
22,CA-2019-137330,09-12-2019,13-12-2019,Standard Class,KB-16585,Ken Black,Corporate,United States,Fremont,Nebraska,Central,OFF-AR-10000246,Office Supplies,Art,Newell 318,19.46,7,5.0596,Online
4982,US-2019-131114,09-12-2019,13-12-2019,Second Class,RW-19630,Rob Williams,Corporate,United States,Chicago,Illinois,Central,TEC-AC-10000199,Technology,Accessories,Kingston Digital DataTraveler 8GB USB 2.0,19.04,4,-1.428,Online
3739,CA-2019-133340,09-12-2019,13-12-2019,Standard Class,LH-17155,Logan Haushalter,Consumer,United States,Jackson,Michigan,Central,TEC-PH-10003988,Technology,Phones,"LF Elite 3D Dazzle Designer Hard Case Cover, Lf Stylus Pen and Wiper For Apple Iphone 5c Mini Lite",10.9,1,3.052,Cards
2033,CA-2019-128923,09-12-2019,13-12-2019,Standard Class,GB-14530,George Bell,Corporate,United States,Fort Worth,Texas,Central,OFF-PA-10002250,Office Supplies,Paper,Things To Do Today Pad,9.392,2,3.2872,COD
2034,CA-2019-128923,09-12-2019,13-12-2019,Standard Class,GB-14530,George Bell,Corporate,United States,Fort Worth,Texas,Central,OFF-AR-10000475,Office Supplies,Art,"Hunt BOSTON Vista Battery-Operated Pencil Sharpener, Black",9.328,1,0.8162,Cards
4981,US-2019-131114,09-12-2019,13-12-2019,Second Class,RW-19630,Rob Williams,Corporate,United States,Chicago,Illinois,Central,OFF-AP-10003971,Office Supplies,Appliances,Belkin 6 Outlet Metallic Surge Strip,4.356,2,-11.7612,Cards
1312,CA-2019-141082,09-12-2019,13-12-2019,Standard Class,FM-14380,Fred McMath,Consumer,United States,Lawrence,Massachusetts,East,OFF-LA-10001404,Office Supplies,Labels,Avery 517,3.69,1,1.7343,COD
3259,US-2019-161844,09-12-2019,14-12-2019,Second Class,DK-12835,Damala Kotsonis,Corporate,United States,Franklin,Tennessee,South,OFF-BI-10003712,Office Supplies,Binders,"Acco Pressboard Covers with Storage Hooks, 14 7/8"" x 11"", Light Blue",2.946,2,-2.0622,Cards
250,CA-2019-154739,10-12-2019,15-12-2019,Second Class,LH-17155,Logan Haushalter,Consumer,United States,San Francisco,California,West,FUR-CH-10002965,Furniture,Chairs,"Global Leather Highback Executive Chair with Pneumatic Height Adjustment, Black",321.568,2,28.1372,Online
253,CA-2019-146941,10-12-2019,13-12-2019,First Class,DL-13315,Delfina Latchford,Consumer,United States,New York City,New York,East,OFF-ST-10001228,Office Supplies,Storage,"Fellowes Personal Hanging Folder Files, Navy",80.58,6,22.5624,Cards
2193,CA-2019-128412,10-12-2019,17-12-2019,Standard Class,AP-10915,Arthur Prichep,Consumer,United States,Seattle,Washington,West,OFF-AP-10002082,Office Supplies,Appliances,Holmes HEPA Air Purifier,65.34,3,22.869,COD
8188,CA-2019-127194,10-12-2019,16-12-2019,Standard Class,BW-11110,Bart Watters,Corporate,United States,New York City,New York,East,OFF-PA-10000659,Office Supplies,Paper,"Adams Phone Message Book, Professional, 400 Message Capacity, 5 3/6” x 11”",62.82,9,29.5254,Cards
2196,CA-2019-128412,10-12-2019,17-12-2019,Standard Class,AP-10915,Arthur Prichep,Consumer,United States,Seattle,Washington,West,TEC-AC-10003038,Technology,Accessories,Kingston Digital DataTraveler 16GB USB 2.0,44.75,5,8.5025,Cards
2195,CA-2019-128412,10-12-2019,17-12-2019,Standard Class,AP-10915,Arthur Prichep,Consumer,United States,Seattle,Washington,West,OFF-AP-10000252,Office Supplies,Appliances,Harmony HEPA Quiet Air Purifiers,35.1,3,12.285,COD
7617,CA-2019-144309,10-12-2019,16-12-2019,Standard Class,CM-12235,Chris McAfee,Consumer,United States,Watertown,New York,East,OFF-PA-10001776,Office Supplies,Paper,"Wirebound Message Books, Four 2 3/4"" x 5"" Forms per Page, 600 Sets per Book",18.54,2,8.7138,COD
9874,CA-2019-100587,10-12-2019,14-12-2019,Standard Class,SL-20155,Sara Luxemburg,Home Office,United States,New York City,New York,East,OFF-PA-10004609,Office Supplies,Paper,Xerox 221,6.48,1,3.1104,Online
6185,CA-2019-143609,11-12-2019,13-12-2019,First Class,DB-13270,Deborah Brumfield,Home Office,United States,Portland,Oregon,West,FUR-CH-10004218,Furniture,Chairs,"Global Fabric Manager's Chair, Dark Gray",403.92,5,25.245,Online
5997,CA-2019-162187,11-12-2019,11-12-2019,Same Day,NS-18640,Noel Staavos,Corporate,United States,Columbus,Ohio,East,OFF-AP-10000576,Office Supplies,Appliances,"Belkin 325VA UPS Surge Protector, 6'",387.136,4,24.196,Cards
651,CA-2019-160745,11-12-2019,16-12-2019,Second Class,AR-10825,Anthony Rawles,Corporate,United States,Vancouver,Washington,West,TEC-AC-10001142,Technology,Accessories,First Data FD10 PIN Pad,316.0,4,31.6,Cards
650,CA-2019-160745,11-12-2019,16-12-2019,Second Class,AR-10825,Anthony Rawles,Corporate,United States,Vancouver,Washington,West,TEC-PH-10003273,Technology,Phones,AT&T TR1909W,302.376,3,22.6782,Cards
633,US-2019-135720,11-12-2019,13-12-2019,Second Class,FM-14380,Fred McMath,Consumer,United States,Aurora,Colorado,West,TEC-PH-10002103,Technology,Phones,Jabra SPEAK 410,300.768,4,30.0768,Online
7057,CA-2019-165330,11-12-2019,11-12-2019,Same Day,WB-21850,William Brown,Consumer,United States,Anaheim,California,West,OFF-BI-10004001,Office Supplies,Binders,GBC Recycled VeloBinder Covers,122.688,9,39.8736,Online
7054,CA-2019-165330,11-12-2019,11-12-2019,Same Day,WB-21850,William Brown,Consumer,United States,Anaheim,California,West,TEC-AC-10000057,Technology,Accessories,Microsoft Natural Ergonomic Keyboard 4000,119.96,4,25.1916,COD
632,US-2019-135720,11-12-2019,13-12-2019,Second Class,FM-14380,Fred McMath,Consumer,United States,Aurora,Colorado,West,TEC-AC-10001267,Technology,Accessories,Imation 32GB Pocket Pro USB 3.0 Flash Drive - 32 GB - Black - 1 P ...,119.8,5,29.95,COD
1136,US-2019-148803,11-12-2019,11-12-2019,Same Day,LR-16915,Lena Radford,Consumer,United States,Homestead,Florida,South,OFF-ST-10001476,Office Supplies,Storage,Steel Personal Filing/Posting Tote,85.224,3,7.4571,Cards
7060,CA-2019-165330,11-12-2019,11-12-2019,Same Day,WB-21850,William Brown,Consumer,United States,Anaheim,California,West,OFF-AP-10001469,Office Supplies,Appliances,Fellowes 8 Outlet Superior Workstation Surge Protector,83.42,2,24.1918,COD
9696,US-2019-151260,11-12-2019,14-12-2019,First Class,SC-20695,Steve Chapman,Corporate,United States,Springfield,Ohio,East,OFF-AP-10002892,Office Supplies,Appliances,Belkin F5C206VTEL 6 Outlet Surge,73.536,4,9.192,Online
5994,CA-2019-162187,11-12-2019,11-12-2019,Same Day,NS-18640,Noel Staavos,Corporate,United States,Columbus,Ohio,East,OFF-ST-10001558,Office Supplies,Storage,Acco Perma 4000 Stacking Storage Drawers,64.96,5,-4.06,Online
7059,CA-2019-165330,11-12-2019,11-12-2019,Same Day,WB-21850,William Brown,Consumer,United States,Anaheim,California,West,OFF-ST-10000636,Office Supplies,Storage,Rogers Profile Extra Capacity Storage Tub,50.22,3,2.0088,Online
7056,CA-2019-165330,11-12-2019,11-12-2019,Same Day,WB-21850,William Brown,Consumer,United States,Anaheim,California,West,OFF-BI-10002824,Office Supplies,Binders,Recycled Easel Ring Binders,35.808,3,11.19,Online
7053,CA-2019-165330,11-12-2019,11-12-2019,Same Day,WB-21850,William Brown,Consumer,United States,Anaheim,California,West,OFF-PA-10000241,Office Supplies,Paper,"IBM Multi-Purpose Copy Paper, 8 1/2 x 11"", Case",30.98,1,13.941,Cards
7052,CA-2019-165330,11-12-2019,11-12-2019,Same Day,WB-21850,William Brown,Consumer,United States,Anaheim,California,West,OFF-AR-10000914,Office Supplies,Art,Boston 16765 Mini Stand Up Battery Pencil Sharpener,23.32,2,6.0632,Online
54,CA-2019-105816,11-12-2019,17-12-2019,Standard Class,JM-15265,Janet Molinari,Corporate,United States,New York City,New York,East,OFF-FA-10000304,Office Supplies,Fasteners,Advantus Push Pins,15.26,7,6.2566,COD
649,CA-2019-160745,11-12-2019,16-12-2019,Second Class,AR-10825,Anthony Rawles,Corporate,United States,Vancouver,Washington,West,FUR-FU-10001935,Furniture,Furnishings,3M Hangers With Command Adhesive,14.8,4,6.068,COD
5995,CA-2019-162187,11-12-2019,11-12-2019,Same Day,NS-18640,Noel Staavos,Corporate,United States,Columbus,Ohio,East,OFF-SU-10004782,Office Supplies,Supplies,"Elite 5"" Scissors",13.52,2,1.69,Online
1603,US-2019-132857,11-12-2019,17-12-2019,Standard Class,CA-12775,Cynthia Arntzen,Consumer,United States,Smyrna,Tennessee,South,OFF-AR-10003251,Office Supplies,Art,Prang Drawing Pencil Set,6.672,3,1.668,Online
7061,CA-2019-165330,11-12-2019,11-12-2019,Same Day,WB-21850,William Brown,Consumer,United States,Anaheim,California,West,OFF-BI-10002897,Office Supplies,Binders,"Black Avery Memo-Size 3-Ring Binder, 5 1/2"" x 8 1/2""",5.872,2,2.1286,Cards
5251,US-2019-169369,12-12-2019,18-12-2019,Standard Class,EC-14050,Erin Creighton,Consumer,United States,Columbus,Georgia,South,TEC-AC-10001314,Technology,Accessories,Case Logic 2.4GHz Wireless Keyboard,249.95,5,19.996,COD
9939,CA-2019-169824,12-12-2019,17-12-2019,Standard Class,NS-18640,Noel Staavos,Corporate,United States,New York City,New York,East,FUR-FU-10004864,Furniture,Furnishings,Eldon 500 Class Desk Accessories,60.35,5,19.9155,Cards
5578,CA-2019-136686,12-12-2019,16-12-2019,Standard Class,RF-19840,Roy Französisch,Consumer,United States,Pasadena,California,West,OFF-AP-10002350,Office Supplies,Appliances,Belkin F9H710-06 7 Outlet SurgeMaster Surge Protector,56.52,3,15.8256,Online
5252,US-2019-169369,12-12-2019,18-12-2019,Standard Class,EC-14050,Erin Creighton,Consumer,United States,Columbus,Georgia,South,OFF-PA-10004438,Office Supplies,Paper,Xerox 1907,49.12,4,23.0864,Cards
9940,CA-2019-169824,12-12-2019,17-12-2019,Standard Class,NS-18640,Noel Staavos,Corporate,United States,New York City,New York,East,OFF-SU-10000952,Office Supplies,Supplies,Fiskars Home & Office Scissors,35.52,4,9.9456,COD
4575,CA-2019-139395,12-12-2019,18-12-2019,Standard Class,MG-17650,Matthew Grinstein,Home Office,United States,Jackson,Michigan,Central,FUR-FU-10003724,Furniture,Furnishings,Westinghouse Clip-On Gooseneck Lamps,33.48,4,8.7048,Online
4577,CA-2019-139395,12-12-2019,18-12-2019,Standard Class,MG-17650,Matthew Grinstein,Home Office,United States,Jackson,Michigan,Central,OFF-ST-10000885,Office Supplies,Storage,Fellowes Desktop Hanging File Manager,26.86,2,6.715,Online
4035,US-2019-108777,12-12-2019,12-12-2019,Same Day,JM-15655,Jim Mitchum,Corporate,United States,Lorain,Ohio,East,OFF-BI-10003982,Office Supplies,Binders,Wilson Jones Century Plastic Molded Ring Binders,18.693,3,-14.3313,Cards
4576,CA-2019-139395,12-12-2019,18-12-2019,Standard Class,MG-17650,Matthew Grinstein,Home Office,United States,Jackson,Michigan,Central,OFF-AR-10003732,Office Supplies,Art,Newell 333,13.9,5,3.614,COD
9941,CA-2019-169824,12-12-2019,17-12-2019,Standard Class,NS-18640,Noel Staavos,Corporate,United States,New York City,New York,East,OFF-AR-10000462,Office Supplies,Art,Sanford Pocket Accent Highlighters,11.2,7,4.816,Cards
456,CA-2019-100153,13-12-2019,17-12-2019,Standard Class,KH-16630,Ken Heidel,Corporate,United States,Norman,Oklahoma,Central,TEC-AC-10001772,Technology,Accessories,Memorex Mini Travel Drive 16 GB USB 2.0 Flash Drive,63.88,4,24.9132,Cards
3687,CA-2019-102792,13-12-2019,19-12-2019,Standard Class,JC-15340,Jasper Cacioppo,Consumer,United States,Riverside,California,West,OFF-AR-10004757,Office Supplies,Art,Crayola Colored Pencils,9.84,3,3.2472,COD
942,CA-2019-142958,13-12-2019,20-12-2019,Standard Class,RW-19630,Rob Williams,Corporate,United States,Torrance,California,West,OFF-BI-10001759,Office Supplies,Binders,"Acco Pressboard Covers with Storage Hooks, 14 7/8"" x 11"", Dark Blue",6.096,2,2.2098,COD
7941,CA-2019-146325,14-12-2019,17-12-2019,First Class,DS-13180,David Smith,Corporate,United States,San Diego,California,West,FUR-CH-10001146,Furniture,Chairs,"Global Task Chair, Black",81.424,2,-9.1602,COD
6397,CA-2019-129126,14-12-2019,19-12-2019,Standard Class,PK-19075,Pete Kriz,Consumer,United States,New York City,New York,East,OFF-BI-10000279,Office Supplies,Binders,"Acco Recycled 2"" Capacity Laser Printer Hanging Data Binders",23.12,2,7.803,COD
6394,CA-2019-129126,14-12-2019,19-12-2019,Standard Class,PK-19075,Pete Kriz,Consumer,United States,New York City,New York,East,OFF-FA-10000621,Office Supplies,Fasteners,"OIC Colored Binder Clips, Assorted Sizes",21.48,6,10.5252,Cards
6396,CA-2019-129126,14-12-2019,19-12-2019,Standard Class,PK-19075,Pete Kriz,Consumer,United States,New York City,New York,East,OFF-ST-10004507,Office Supplies,Storage,Advantus Rolling Storage Box,17.15,1,4.6305,COD
6392,CA-2019-129126,14-12-2019,19-12-2019,Standard Class,PK-19075,Pete Kriz,Consumer,United States,New York City,New York,East,OFF-PA-10001471,Office Supplies,Paper,Strathmore Photo Frame Cards,14.62,2,6.7252,Online
6393,CA-2019-129126,14-12-2019,19-12-2019,Standard Class,PK-19075,Pete Kriz,Consumer,United States,New York City,New York,East,OFF-LA-10003190,Office Supplies,Labels,Avery 474,5.76,2,2.8224,COD
6648,US-2019-127334,15-12-2019,21-12-2019,Standard Class,MP-18175,Mike Pelletier,Home Office,United States,Springfield,Oregon,West,OFF-AP-10001205,Office Supplies,Appliances,Belkin 5 Outlet SurgeMaster Power Centers,87.168,2,8.7168,Cards
8263,CA-2019-100307,15-12-2019,19-12-2019,Standard Class,TC-21475,Tony Chapman,Home Office,United States,Fayetteville,Arkansas,South,OFF-PA-10002552,Office Supplies,Paper,Xerox 1958,19.44,3,9.3312,Online
6378,US-2019-116442,15-12-2019,22-12-2019,Standard Class,BP-11230,Benjamin Patterson,Consumer,United States,Los Angeles,California,West,FUR-FU-10002364,Furniture,Furnishings,"Eldon Expressions Wood Desk Accessories, Oak",14.76,2,4.2804,Cards
8047,CA-2019-113600,15-12-2019,17-12-2019,Second Class,SH-20395,Shahid Hopkins,Consumer,United States,Cuyahoga Falls,Ohio,East,OFF-BI-10000201,Office Supplies,Binders,"Avery Triangle Shaped Sheet Lifters, Black, 2/Pack",2.214,3,-1.476,COD
6720,CA-2019-130442,16-12-2019,19-12-2019,First Class,SF-20065,Sandra Flanagan,Consumer,United States,Goldsboro,North Carolina,South,OFF-AP-10004859,Office Supplies,Appliances,Acco 6 Outlet Guardian Premium Surge Suppressor,34.944,3,3.0576,Online
8685,CA-2019-155446,16-12-2019,23-12-2019,Standard Class,TN-21040,Tanja Norvell,Home Office,United States,San Diego,California,West,TEC-AC-10001445,Technology,Accessories,Imation USB 2.0 Swivel Flash Drive USB flash drive - 4 GB - Pink,21.21,7,4.4541,COD
470,US-2019-100419,16-12-2019,20-12-2019,Second Class,CC-12670,Craig Carreira,Consumer,United States,Chicago,Illinois,Central,OFF-BI-10002194,Office Supplies,Binders,Cardinal Hold-It CD Pocket,4.788,3,-7.9002,Cards
1465,US-2019-104794,16-12-2019,19-12-2019,First Class,KD-16495,Keith Dawkins,Corporate,United States,New York City,New York,East,OFF-FA-10001754,Office Supplies,Fasteners,Stockwell Gold Paper Clips,3.68,2,1.8032,Cards
8415,CA-2019-147109,17-12-2019,21-12-2019,Standard Class,AH-10075,Adam Hart,Corporate,United States,Arlington,Texas,Central,TEC-AC-10002942,Technology,Accessories,WD My Passport Ultra 1TB Portable External Hard Drive,165.6,3,-6.21,Cards
5912,CA-2019-155383,17-12-2019,22-12-2019,Standard Class,SC-20680,Steve Carroll,Home Office,United States,Seattle,Washington,West,OFF-ST-10001328,Office Supplies,Storage,"Personal Filing Tote with Lid, Black/Gray",46.53,3,13.0284,COD
9016,CA-2019-131639,17-12-2019,23-12-2019,Standard Class,NS-18640,Noel Staavos,Corporate,United States,Carlsbad,New Mexico,West,OFF-BI-10001636,Office Supplies,Binders,Ibico Plastic and Wire Spiral Binding Combs,13.488,2,4.3836,Online
9017,CA-2019-131639,17-12-2019,23-12-2019,Standard Class,NS-18640,Noel Staavos,Corporate,United States,Carlsbad,New Mexico,West,OFF-BI-10000948,Office Supplies,Binders,"GBC Laser Imprintable Binding System Covers, Desert Sand",11.416,1,3.8529,Online
288,CA-2019-112697,18-12-2019,20-12-2019,Second Class,AH-10195,Alan Haines,Corporate,United States,Tamarac,Florida,South,OFF-AP-10002684,Office Supplies,Appliances,"Acco 7-Outlet Masterpiece Power Center, Wihtout Fax/Phone Line Protection",194.528,2,24.316,Cards
5658,CA-2019-145261,18-12-2019,21-12-2019,First Class,AH-10120,Adrian Hane,Home Office,United States,Salem,Oregon,West,TEC-AC-10000991,Technology,Accessories,Sony Micro Vault Click 8 GB USB 2.0 Flash Drive,112.776,3,-8.4582,Online
5022,CA-2019-133795,18-12-2019,24-12-2019,Standard Class,JE-15475,Jeremy Ellison,Consumer,United States,San Diego,California,West,TEC-AC-10001465,Technology,Accessories,SanDisk Cruzer 64 GB USB Flash Drive,72.64,2,21.792,COD
8908,CA-2019-139934,18-12-2019,20-12-2019,First Class,AY-10555,Andy Yotov,Corporate,United States,San Francisco,California,West,TEC-PH-10001552,Technology,Phones,I Need's 3d Hello Kitty Hybrid Silicone Case Cover for HTC One X 4g with 3d Hello Kitty Stylus Pen Green/pink,66.976,7,6.6976,Cards
5024,CA-2019-133795,18-12-2019,24-12-2019,Standard Class,JE-15475,Jeremy Ellison,Consumer,United States,San Diego,California,West,FUR-FU-10003731,Furniture,Furnishings,"Eldon Expressions Wood and Plastic Desk Accessories, Oak",39.92,4,11.1776,Cards
1315,CA-2019-145919,18-12-2019,23-12-2019,Standard Class,HG-14965,Henry Goldwyn,Corporate,United States,Los Angeles,California,West,OFF-PA-10003072,Office Supplies,Paper,"Eureka Recycled Copy Paper 8 1/2"" x 11"", Ream",38.88,6,18.6624,Online
5661,CA-2019-145261,18-12-2019,21-12-2019,First Class,AH-10120,Adrian Hane,Home Office,United States,Salem,Oregon,West,TEC-PH-10004833,Technology,Phones,Macally Suction Cup Mount,28.68,3,-7.17,Cards
641,CA-2019-147067,18-12-2019,22-12-2019,Standard Class,JD-16150,Justin Deggeller,Corporate,United States,Minneapolis,Minnesota,Central,FUR-FU-10000732,Furniture,Furnishings,Eldon 200 Class Desk Accessories,18.84,3,6.0288,Online
5656,CA-2019-145261,18-12-2019,21-12-2019,First Class,AH-10120,Adrian Hane,Home Office,United States,Salem,Oregon,West,OFF-AR-10004078,Office Supplies,Art,Newell 312,18.688,4,2.336,Online
5660,CA-2019-145261,18-12-2019,21-12-2019,First Class,AH-10120,Adrian Hane,Home Office,United States,Salem,Oregon,West,OFF-LA-10000407,Office Supplies,Labels,Avery White Multi-Purpose Labels,15.936,4,5.1792,Cards
5657,CA-2019-145261,18-12-2019,21-12-2019,First Class,AH-10120,Adrian Hane,Home Office,United States,Salem,Oregon,West,OFF-PA-10003036,Office Supplies,Paper,"Black Print Carbonless 8 1/2"" x 8 1/4"" Rapid Memo Book",11.648,2,3.7856,Online
6171,CA-2019-141523,19-12-2019,24-12-2019,Second Class,MH-17440,Mark Haberlin,Corporate,United States,New York City,New York,East,OFF-BI-10000948,Office Supplies,Binders,"GBC Laser Imprintable Binding System Covers, Desert Sand",34.248,3,11.5587,COD
5544,CA-2019-134936,19-12-2019,25-12-2019,Standard Class,ES-14080,Erin Smith,Corporate,United States,Tucson,Arizona,West,OFF-BI-10000174,Office Supplies,Binders,"Wilson Jones Clip & Carry Folder Binder Tool for Ring Binders, Clear",10.44,6,-7.656,Online
5545,CA-2019-134936,19-12-2019,25-12-2019,Standard Class,ES-14080,Erin Smith,Corporate,United States,Tucson,Arizona,West,OFF-BI-10002103,Office Supplies,Binders,"Cardinal Slant-D Ring Binder, Heavy Gauge Vinyl",5.214,2,-4.1712,COD
6172,CA-2019-141523,19-12-2019,24-12-2019,Second Class,MH-17440,Mark Haberlin,Corporate,United States,New York City,New York,East,OFF-AR-10001545,Office Supplies,Art,Newell 326,3.52,2,1.0208,COD
7792,CA-2019-108364,19-12-2019,24-12-2019,Standard Class,BP-11050,Barry Pond,Corporate,United States,Chicago,Illinois,Central,OFF-BI-10002012,Office Supplies,Binders,Wilson Jones Easy Flow II Sheet Lifters,1.8,5,-2.88,Cards
3516,CA-2019-168536,20-12-2019,24-12-2019,Standard Class,SC-20800,Stuart Calhoun,Consumer,United States,Jackson,Mississippi,South,TEC-AC-10002323,Technology,Accessories,SanDisk Ultra 32 GB MicroSDHC Class 10 Memory Card,66.3,3,8.619,Cards
7029,US-2019-157840,20-12-2019,23-12-2019,Second Class,MC-17575,Matt Collins,Consumer,United States,Fremont,Nebraska,Central,OFF-PA-10003673,Office Supplies,Paper,Strathmore Photo Mount Cards,33.9,5,15.594,Online
3721,CA-2019-151155,20-12-2019,24-12-2019,Standard Class,AB-10255,Alejandro Ballentine,Home Office,United States,Jackson,Mississippi,South,FUR-FU-10001918,Furniture,Furnishings,C-Line Cubicle Keepers Polyproplyene Holder With Velcro Backings,18.92,4,7.3788,Cards
3722,CA-2019-151155,20-12-2019,24-12-2019,Standard Class,AB-10255,Alejandro Ballentine,Home Office,United States,Jackson,Mississippi,South,OFF-BI-10003910,Office Supplies,Binders,DXL Angle-View Binders with Locking Rings by Samsill,15.42,2,6.939,COD
8668,CA-2019-149916,22-12-2019,24-12-2019,Second Class,ED-13885,Emily Ducich,Home Office,United States,Seattle,Washington,West,OFF-BI-10004002,Office Supplies,Binders,Wilson Jones International Size A4 Ring Binders,55.36,4,19.376,COD
9350,CA-2019-114860,22-12-2019,28-12-2019,Standard Class,DN-13690,Duane Noonan,Consumer,United States,Moreno Valley,California,West,FUR-FU-10001934,Furniture,Furnishings,Magnifier Swing Arm Lamp,41.96,2,10.9096,COD
8512,CA-2019-103359,22-12-2019,26-12-2019,Standard Class,LC-16885,Lena Creighton,Consumer,United States,New York City,New York,East,OFF-BI-10004233,Office Supplies,Binders,"GBC Pre-Punched Binding Paper, Plastic, White, 8-1/2"" x 11""",25.584,2,8.9544,COD
1827,CA-2019-167507,22-12-2019,28-12-2019,Standard Class,SA-20830,Sue Ann Reed,Consumer,United States,Redmond,Oregon,West,FUR-FU-10002878,Furniture,Furnishings,"Seth Thomas 14"" Day/Date Wall Clock",22.784,1,4.8416,Cards
1826,CA-2019-167507,22-12-2019,28-12-2019,Standard Class,SA-20830,Sue Ann Reed,Consumer,United States,Redmond,Oregon,West,FUR-FU-10001935,Furniture,Furnishings,3M Hangers With Command Adhesive,11.84,4,3.108,Cards
8669,CA-2019-149916,22-12-2019,24-12-2019,Second Class,ED-13885,Emily Ducich,Home Office,United States,Seattle,Washington,West,TEC-MA-10000752,Technology,Machines,Texas Instrument TI-15 Fraction Calculator,11.56,1,3.757,COD
8558,CA-2019-132829,23-12-2019,26-12-2019,Second Class,LA-16780,Laura Armstrong,Corporate,United States,Houston,Texas,Central,TEC-PH-10004539,Technology,Phones,Wireless Extenders zBoost YX545 SOHO Signal Booster,453.576,3,39.6879,Online
8560,CA-2019-132829,23-12-2019,26-12-2019,Second Class,LA-16780,Laura Armstrong,Corporate,United States,Houston,Texas,Central,TEC-PH-10004345,Technology,Phones,Cisco SPA 502G IP Phone,287.88,3,35.985,Online
4894,CA-2019-135776,23-12-2019,30-12-2019,Standard Class,EH-13765,Edward Hooks,Corporate,United States,Seattle,Washington,West,OFF-ST-10002743,Office Supplies,Storage,SAFCO Boltless Steel Shelving,227.28,2,2.2728,Online
2306,CA-2019-115574,23-12-2019,24-12-2019,First Class,BP-11185,Ben Peterman,Corporate,United States,Chicago,Illinois,Central,FUR-BO-10003441,Furniture,Bookcases,"Bush Westfield Collection Bookcases, Fully Assembled",141.372,2,-14.1372,Online
8561,CA-2019-132829,23-12-2019,26-12-2019,Second Class,LA-16780,Laura Armstrong,Corporate,United States,Houston,Texas,Central,TEC-PH-10004912,Technology,Phones,Cisco SPA112 2 Port Phone Adapter,131.88,3,14.8365,Cards
4896,CA-2019-135776,23-12-2019,30-12-2019,Standard Class,EH-13765,Edward Hooks,Corporate,United States,Seattle,Washington,West,OFF-EN-10004773,Office Supplies,Envelopes,Staple envelope,61.96,2,30.3604,Online
4895,CA-2019-135776,23-12-2019,30-12-2019,Standard Class,EH-13765,Edward Hooks,Corporate,United States,Seattle,Washington,West,OFF-PA-10004327,Office Supplies,Paper,Xerox 1911,47.9,1,22.992,COD
8559,CA-2019-132829,23-12-2019,26-12-2019,Second Class,LA-16780,Laura Armstrong,Corporate,United States,Houston,Texas,Central,OFF-LA-10002945,Office Supplies,Labels,"Permanent Self-Adhesive File Folder Labels for Typewriters, 1 1/8 x 3 1/2, White",45.36,9,14.742,Cards
4892,CA-2019-135776,23-12-2019,30-12-2019,Standard Class,EH-13765,Edward Hooks,Corporate,United States,Seattle,Washington,West,OFF-PA-10001295,Office Supplies,Paper,Computer Printout Paper with Letter-Trim Perforations,37.94,2,18.2112,COD
3251,CA-2019-157868,23-12-2019,29-12-2019,Standard Class,MC-17590,Matt Collister,Corporate,United States,Grand Rapids,Michigan,Central,OFF-FA-10000992,Office Supplies,Fasteners,"Acco Clips to Go Binder Clips, 24 Clips in Two Sizes",24.85,7,11.6795,COD
4891,CA-2019-135776,23-12-2019,30-12-2019,Standard Class,EH-13765,Edward Hooks,Corporate,United States,Seattle,Washington,West,OFF-AR-10001246,Office Supplies,Art,Newell 317,8.82,3,2.5578,Online
9673,CA-2019-114867,23-12-2019,28-12-2019,Standard Class,FM-14290,Frank Merwin,Home Office,United States,Philadelphia,Pennsylvania,East,OFF-PA-10000477,Office Supplies,Paper,Xerox 1952,7.968,2,2.6892,Cards
4842,CA-2019-136049,23-12-2019,28-12-2019,Standard Class,NM-18520,Neoma Murray,Consumer,United States,Bowling Green,Ohio,East,OFF-BI-10001267,Office Supplies,Binders,"Universal Recycled Hanging Pressboard Report Binders, Letter Size",5.553,3,-4.0722,Cards
4893,CA-2019-135776,23-12-2019,30-12-2019,Standard Class,EH-13765,Edward Hooks,Corporate,United States,Seattle,Washington,West,OFF-AR-10001231,Office Supplies,Art,"Sanford EarthWrite Recycled Pencils, Medium Soft, #2",4.2,2,1.176,Online
8562,CA-2019-132829,23-12-2019,26-12-2019,Second Class,LA-16780,Laura Armstrong,Corporate,United States,Houston,Texas,Central,FUR-FU-10000206,Furniture,Furnishings,"GE General Purpose, Extra Long Life, Showcase & Floodlight Incandescent Bulbs",2.328,2,-0.7566,COD
7239,CA-2019-101651,24-12-2019,30-12-2019,Standard Class,SC-20305,Sean Christensen,Consumer,United States,San Jose,California,West,FUR-FU-10000771,Furniture,Furnishings,"Eldon 200 Class Desk Accessories, Smoke",43.96,7,18.4632,Online
7240,CA-2019-101651,24-12-2019,30-12-2019,Standard Class,SC-20305,Sean Christensen,Consumer,United States,San Jose,California,West,OFF-EN-10001990,Office Supplies,Envelopes,Staple envelope,39.76,7,18.6872,COD
4750,CA-2019-123526,24-12-2019,25-12-2019,First Class,BV-11245,Benjamin Venier,Corporate,United States,Seattle,Washington,West,OFF-PA-10002986,Office Supplies,Paper,Xerox 1898,33.4,5,16.032,Online
1258,US-2019-168620,24-12-2019,28-12-2019,Second Class,RB-19795,Ross Baird,Home Office,United States,Charlotte,North Carolina,South,OFF-BI-10001575,Office Supplies,Binders,GBC Linen Binding Covers,27.882,3,-20.4468,Online
7893,CA-2019-148684,25-12-2019,29-12-2019,Standard Class,TS-21655,Trudy Schmidt,Consumer,United States,Fayetteville,Arkansas,South,OFF-PA-10003302,Office Supplies,Paper,Xerox 1906,106.32,3,49.9704,Online
6803,CA-2019-109827,25-12-2019,01-01-2020,Standard Class,LW-16825,Laurel Workman,Corporate,United States,Phoenix,Arizona,West,TEC-AC-10004353,Technology,Accessories,Hypercom P1300 Pinpad,100.8,2,21.42,Online
6804,CA-2019-109827,25-12-2019,01-01-2020,Standard Class,LW-16825,Laurel Workman,Corporate,United States,Phoenix,Arizona,West,FUR-CH-10004754,Furniture,Chairs,"Global Stack Chair with Arms, Black",47.968,2,4.1972,COD
1807,US-2019-116729,25-12-2019,28-12-2019,First Class,GK-14620,Grace Kelly,Corporate,United States,Los Angeles,California,West,OFF-PA-10002005,Office Supplies,Paper,Xerox 225,45.36,7,21.7728,COD
6802,CA-2019-109827,25-12-2019,01-01-2020,Standard Class,LW-16825,Laurel Workman,Corporate,United States,Phoenix,Arizona,West,TEC-AC-10002217,Technology,Accessories,Imation Clip USB flash drive - 8 GB,45.12,3,-7.896,Online
6800,CA-2019-109827,25-12-2019,01-01-2020,Standard Class,LW-16825,Laurel Workman,Corporate,United States,Phoenix,Arizona,West,FUR-TA-10002607,Furniture,Tables,KI Conference Tables,35.445,1,-24.1026,Online
5330,CA-2019-111941,25-12-2019,28-12-2019,Second Class,BD-11620,Brian DeCherney,Consumer,United States,New York City,New York,East,OFF-BI-10001524,Office Supplies,Binders,GBC Premium Transparent Covers with Diagonal Lined Pattern,33.568,2,11.7488,COD
6032,CA-2019-101168,25-12-2019,01-01-2020,Standard Class,SS-20140,Saphhira Shifley,Corporate,United States,Nashua,New Hampshire,East,FUR-FU-10003142,Furniture,Furnishings,"Master Big Foot Doorstop, Beige",21.12,4,6.5472,COD
7890,CA-2019-148684,25-12-2019,29-12-2019,Standard Class,TS-21655,Trudy Schmidt,Consumer,United States,Fayetteville,Arkansas,South,OFF-AR-10003811,Office Supplies,Art,Newell 327,19.89,9,5.3703,COD
4592,CA-2019-129868,26-12-2019,31-12-2019,Standard Class,MC-18130,Mike Caudle,Corporate,United States,Los Angeles,California,West,TEC-PH-10002275,Technology,Phones,Mitel 5320 IP Phone VoIP phone,302.384,2,30.2384,Online
5033,CA-2019-155166,26-12-2019,02-01-2020,Standard Class,BB-11545,Brenda Bowman,Corporate,United States,Vineland,New Jersey,East,FUR-CH-10003968,Furniture,Chairs,Novimex Turbo Task Chair,212.94,3,25.5528,COD
4593,CA-2019-129868,26-12-2019,31-12-2019,Standard Class,MC-18130,Mike Caudle,Corporate,United States,Los Angeles,California,West,FUR-CH-10003535,Furniture,Chairs,"Global Armless Task Chair, Royal Blue",146.352,3,-5.4882,COD
3351,CA-2019-147536,26-12-2019,31-12-2019,Standard Class,AR-10510,Andrew Roberts,Consumer,United States,New York City,New York,East,TEC-AC-10003280,Technology,Accessories,Belkin F8E887 USB Wired Ergonomic Keyboard,89.97,3,18.8937,Online
4596,CA-2019-129868,26-12-2019,31-12-2019,Standard Class,MC-18130,Mike Caudle,Corporate,United States,Los Angeles,California,West,OFF-AR-10001897,Office Supplies,Art,Model L Table or Wall-Mount Pencil Sharpener,53.97,3,15.1116,COD
1435,US-2019-153129,26-12-2019,30-12-2019,Standard Class,FP-14320,Frank Preis,Consumer,United States,Seattle,Washington,West,OFF-PA-10003673,Office Supplies,Paper,Strathmore Photo Mount Cards,33.9,5,15.594,Online
5034,CA-2019-155166,26-12-2019,02-01-2020,Standard Class,BB-11545,Brenda Bowman,Corporate,United States,Vineland,New Jersey,East,OFF-AP-10002765,Office Supplies,Appliances,Fellowes Advanced Computer Series Surge Protectors,26.49,1,7.4172,Online
3726,CA-2019-151512,26-12-2019,02-01-2020,Standard Class,SH-19975,Sally Hughsby,Corporate,United States,Denver,Colorado,West,OFF-AP-10000252,Office Supplies,Appliances,Harmony HEPA Quiet Air Purifiers,18.72,2,3.51,Online
4591,CA-2019-129868,26-12-2019,31-12-2019,Standard Class,MC-18130,Mike Caudle,Corporate,United States,Los Angeles,California,West,OFF-SU-10000952,Office Supplies,Supplies,Fiskars Home & Office Scissors,17.76,2,4.9728,Online
4403,CA-2019-114538,26-12-2019,27-12-2019,First Class,RC-19825,Roy Collins,Consumer,United States,Colorado Springs,Colorado,West,OFF-AR-10002445,Office Supplies,Art,SANFORD Major Accent Highlighters,11.328,2,2.5488,Online
4594,CA-2019-129868,26-12-2019,31-12-2019,Standard Class,MC-18130,Mike Caudle,Corporate,United States,Los Angeles,California,West,OFF-AP-10004052,Office Supplies,Appliances,"Hoover Replacement Belts For Soft Guard & Commercial Ltweight Upright Vacs, 2/Pk",7.9,2,2.054,Online
5178,CA-2019-123015,26-12-2019,30-12-2019,Standard Class,AJ-10795,Anthony Johnson,Corporate,United States,New York City,New York,East,OFF-BI-10004967,Office Supplies,Binders,Round Ring Binders,4.992,3,1.6848,COD
7182,CA-2019-138667,27-12-2019,30-12-2019,Second Class,MW-18220,Mitch Webber,Consumer,United States,Lancaster,Ohio,East,TEC-AC-10003063,Technology,Accessories,Micro Innovations USB RF Wireless Keyboard with Mouse,40.0,2,0.5,Online
4440,CA-2019-162726,27-12-2019,02-01-2020,Standard Class,MT-17815,Meg Tillman,Consumer,United States,Port Arthur,Texas,Central,OFF-PA-10004041,Office Supplies,Paper,"It's Hot Message Books with Stickers, 2 3/4"" x 5""",23.68,4,7.4,Online
8149,US-2019-131058,27-12-2019,31-12-2019,Standard Class,EM-14140,Eugene Moren,Home Office,United States,Santa Ana,California,West,OFF-LA-10001613,Office Supplies,Labels,Avery File Folder Labels,20.16,7,9.8784,COD
8390,CA-2019-102596,27-12-2019,30-12-2019,First Class,RD-19810,Ross DeVincentis,Home Office,United States,Akron,Ohio,East,OFF-FA-10000621,Office Supplies,Fasteners,"OIC Colored Binder Clips, Assorted Sizes",17.184,6,6.2292,COD
4439,CA-2019-162726,27-12-2019,02-01-2020,Standard Class,MT-17815,Meg Tillman,Consumer,United States,Port Arthur,Texas,Central,OFF-PA-10001972,Office Supplies,Paper,Xerox 214,10.368,2,3.6288,Online
8580,CA-2019-111605,27-12-2019,02-01-2020,Standard Class,JW-15955,Joni Wasserman,Consumer,United States,Louisville,Kentucky,South,OFF-LA-10002368,Office Supplies,Labels,Avery 479,2.61,1,1.2006,COD
5364,CA-2019-122019,29-12-2019,02-01-2020,Standard Class,CD-11920,Carlos Daly,Consumer,United States,Wichita,Kansas,Central,OFF-AP-10001293,Office Supplies,Appliances,Belkin 8 Outlet Surge Protector,81.96,2,22.9488,Online
5363,CA-2019-122019,29-12-2019,02-01-2020,Standard Class,CD-11920,Carlos Daly,Consumer,United States,Wichita,Kansas,Central,FUR-FU-10000672,Furniture,Furnishings,"Executive Impressions 10"" Spectator Wall Clock",70.56,6,23.9904,COD
4155,CA-2019-139689,29-12-2019,03-01-2020,Standard Class,MP-17965,Michael Paige,Corporate,United States,Bristol,Tennessee,South,OFF-BI-10004781,Office Supplies,Binders,GBC Wire Binding Strips,38.088,4,-27.9312,Online
8724,US-2019-135209,29-12-2019,31-12-2019,Second Class,MH-17290,Marc Harrigan,Home Office,United States,Miami,Florida,South,OFF-PA-10002986,Office Supplies,Paper,Xerox 1898,37.408,7,13.0928,COD
8764,CA-2019-112578,29-12-2019,02-01-2020,Standard Class,FO-14305,Frank Olsen,Consumer,United States,Sacramento,California,West,OFF-SU-10002557,Office Supplies,Supplies,Fiskars Spring-Action Scissors,27.96,2,7.2696,Online
7063,CA-2019-157742,29-12-2019,31-12-2019,Second Class,KL-16645,Ken Lonsdale,Consumer,United States,Springfield,Oregon,West,OFF-EN-10002592,Office Supplies,Envelopes,"Peel & Seel Recycled Catalog Envelopes, Brown",27.792,3,10.422,COD
8725,US-2019-135209,29-12-2019,31-12-2019,Second Class,MH-17290,Marc Harrigan,Home Office,United States,Miami,Florida,South,OFF-PA-10000143,Office Supplies,Paper,Astroparche Fine Business Paper,25.344,6,8.8704,Online
8763,CA-2019-112578,29-12-2019,02-01-2020,Standard Class,FO-14305,Frank Olsen,Consumer,United States,Sacramento,California,West,OFF-ST-10003722,Office Supplies,Storage,Project Tote Personal File,14.03,1,4.0687,COD
5423,US-2019-163258,29-12-2019,02-01-2020,Standard Class,PF-19225,Phillip Flathmann,Consumer,United States,Los Angeles,California,West,OFF-BI-10000138,Office Supplies,Binders,Acco Translucent Poly Ring Binders,11.232,3,3.9312,Online
4156,CA-2019-139689,29-12-2019,03-01-2020,Standard Class,MP-17965,Michael Paige,Corporate,United States,Bristol,Tennessee,South,OFF-BI-10000145,Office Supplies,Binders,Zipper Ring Binder Pockets,2.808,3,-1.9656,COD
7562,CA-2019-105746,30-12-2019,01-01-2020,First Class,BD-11605,Brian Dahlen,Consumer,United States,Lancaster,Pennsylvania,East,FUR-CH-10000454,Furniture,Chairs,"Hon Deluxe Fabric Upholstered Stacking Chairs, Rounded Back",170.786,1,0.0,Online
9283,CA-2019-160486,30-12-2019,04-01-2020,Standard Class,EH-14185,Evan Henry,Consumer,United States,West Palm Beach,Florida,South,OFF-PA-10002421,Office Supplies,Paper,Embossed Ink Jet Note Cards,72.224,4,25.2784,Online
8667,CA-2019-163951,30-12-2019,02-01-2020,First Class,CJ-11875,Carl Jackson,Corporate,United States,Philadelphia,Pennsylvania,East,OFF-AR-10004269,Office Supplies,Art,Newell 31,16.52,5,1.652,COD
4763,CA-2019-117660,30-12-2019,04-01-2020,Standard Class,BM-11785,Bryan Mills,Consumer,United States,Columbus,Ohio,East,OFF-SU-10001664,Office Supplies,Supplies,Acme Office Executive Series Stainless Steel Trimmers,13.712,2,1.0284,Online
4139,CA-2019-117226,30-12-2019,01-01-2020,First Class,KD-16495,Keith Dawkins,Corporate,United States,Deer Park,Texas,Central,OFF-BI-10004654,Office Supplies,Binders,Avery Binding System Hidden Tab Executive Style Index Sets,6.924,6,-10.386,Online
5761,US-2019-111528,30-12-2019,30-12-2019,Same Day,JP-16135,Julie Prescott,Home Office,United States,Los Angeles,California,West,OFF-BI-10002194,Office Supplies,Binders,Cardinal Hold-It CD Pocket,6.384,1,2.1546,Online
4762,CA-2019-117660,30-12-2019,04-01-2020,Standard Class,BM-11785,Bryan Mills,Consumer,United States,Columbus,Ohio,East,OFF-LA-10003720,Office Supplies,Labels,Avery 487,5.904,2,1.9926,Online
2822,CA-2019-100202,31-12-2019,05-01-2020,Standard Class,BD-11620,Brian DeCherney,Consumer,United States,Anaheim,California,West,TEC-PH-10002563,Technology,Phones,Adtran 1202752G1,302.376,3,22.6782,Online
4613,US-2019-165953,31-12-2019,06-01-2020,Standard Class,EP-13915,Emily Phan,Consumer,United States,Jacksonville,Florida,South,OFF-AR-10000588,Office Supplies,Art,Newell 345,47.616,3,3.5712,Online
5739,CA-2019-156139,31-12-2019,06-01-2020,Standard Class,BP-11155,Becky Pak,Consumer,United States,San Francisco,California,West,OFF-BI-10004233,Office Supplies,Binders,"GBC Pre-Punched Binding Paper, Plastic, White, 8-1/2"" x 11""",38.376,3,13.4316,COD
4614,US-2019-165953,31-12-2019,06-01-2020,Standard Class,EP-13915,Emily Phan,Consumer,United States,Jacksonville,Florida,South,OFF-PA-10002250,Office Supplies,Paper,Things To Do Today Pad,23.48,5,8.218,Online
1153,CA-2019-160395,31-12-2019,06-01-2020,Standard Class,KL-16555,Kelly Lampkin,Corporate,United States,Reno,Nevada,West,OFF-AR-10003759,Office Supplies,Art,"Crayola Anti Dust Chalk, 12/Pack",3.64,2,1.638,COD
8072,CA-2020-151750,01-01-2020,05-01-2020,Standard Class,JM-15250,Janet Martin,Consumer,United States,Huntsville,Texas,Central,FUR-CH-10003199,Furniture,Chairs,Office Star - Contemporary Task Swivel Chair,322.744,4,-26.6352,COD
8073,CA-2020-151750,01-01-2020,05-01-2020,Standard Class,JM-15250,Janet Martin,Consumer,United States,Huntsville,Texas,Central,OFF-AR-10003158,Office Supplies,Art,Fluorescent Highlighters by Dixon,93.736,4,2.2288,Online
8074,CA-2020-151750,01-01-2020,05-01-2020,Standard Class,JM-15250,Janet Martin,Consumer,United States,Huntsville,Texas,Central,OFF-BI-10000301,Office Supplies,Binders,GBC Instant Report Kit,120.47,5,-9.705,Online
6683,CA-2020-154466,01-01-2020,02-01-2020,First Class,DP-13390,Dennis Pardue,Home Office,United States,Franklin,Wisconsin,Central,OFF-BI-10002012,Office Supplies,Binders,Wilson Jones Easy Flow II Sheet Lifters,107.6,2,1.728,COD
849,CA-2020-107503,01-01-2020,06-01-2020,Standard Class,GA-14725,Guy Armstrong,Consumer,United States,Lorain,Ohio,East,FUR-FU-10003878,Furniture,Furnishings,"Linden 10"" Round Wall Clock, Black",145.896,4,8.5568,Online
8364,CA-2020-147207,02-01-2020,04-01-2020,Second Class,TS-21655,Trudy Schmidt,Consumer,United States,El Paso,Texas,Central,OFF-ST-10002615,Office Supplies,Storage,"Dual Level, Single-Width Filing Carts",415.144,3,27.9108,Online
8362,CA-2020-147207,02-01-2020,04-01-2020,Second Class,TS-21655,Trudy Schmidt,Consumer,United States,El Paso,Texas,Central,OFF-AP-10000027,Office Supplies,Appliances,Hoover Commercial SteamVac,75.432,2,-13.58,Online
1342,CA-2020-113481,02-01-2020,04-01-2020,First Class,AS-10045,Aaron Smayling,Corporate,United States,Jacksonville,North Carolina,South,OFF-BI-10003694,Office Supplies,Binders,"Avery 3 1/2"" Diskette Storage Pages, 10/Pack",103.66,5,-12.528,Cards
8361,CA-2020-147207,02-01-2020,04-01-2020,Second Class,TS-21655,Trudy Schmidt,Consumer,United States,El Paso,Texas,Central,OFF-AR-10001955,Office Supplies,Art,Newell 319,119.744,2,3.968,Cards
1343,CA-2020-113481,02-01-2020,04-01-2020,First Class,AS-10045,Aaron Smayling,Corporate,United States,Jacksonville,North Carolina,South,OFF-BI-10000474,Office Supplies,Binders,Avery Recycled Flexi-View Covers for Binding Systems,140.854,6,-21.1596,COD
9686,CA-2020-118668,02-01-2020,04-01-2020,Second Class,FW-14395,Fred Wasserman,Corporate,United States,Los Angeles,California,West,TEC-AC-10000682,Technology,Accessories,Kensington K72356US Mouse-in-a-Box USB Desktop Mouse,115.59,1,5.8065,Cards
9492,CA-2020-111738,03-01-2020,07-01-2020,Standard Class,CM-12385,Christopher Martinez,Consumer,United States,San Francisco,California,West,OFF-AR-10000817,Office Supplies,Art,Manco Dry-Lighter Erasable Highlighter,125.12,3,3.1008,Online
5258,US-2020-114034,03-01-2020,08-01-2020,Standard Class,DL-13315,Delfina Latchford,Consumer,United States,Rancho Cucamonga,California,West,OFF-PA-10004735,Office Supplies,Paper,Xerox 1905,136.88,6,18.6624,Cards
4937,CA-2020-150931,06-01-2020,13-01-2020,Standard Class,DP-13390,Dennis Pardue,Home Office,United States,Tuscaloosa,Alabama,South,OFF-BI-10004728,Office Supplies,Binders,Wilson Jones Turn Tabs Binder Tool for Ring Binders,147.74,7,15.5204,Online
7373,US-2020-123862,07-01-2020,09-01-2020,Second Class,JF-15190,Jamie Frazer,Consumer,United States,Long Beach,California,West,OFF-ST-10002301,Office Supplies,Storage,Tennsco Commercial Shelving,101.02,3,0.6102,Cards
7374,US-2020-123862,07-01-2020,09-01-2020,Second Class,JF-15190,Jamie Frazer,Consumer,United States,Long Beach,California,West,OFF-SU-10004884,Office Supplies,Supplies,Acme Galleria Hot Forged Steel Scissors with Colored Handles,156.11,7,31.9319,Cards
7375,US-2020-123862,07-01-2020,09-01-2020,Second Class,JF-15190,Jamie Frazer,Consumer,United States,Long Beach,California,West,OFF-FA-10003112,Office Supplies,Fasteners,Staples,107.89,1,3.5505,Online
2121,US-2020-168690,07-01-2020,13-01-2020,Standard Class,TS-21085,Thais Sissman,Consumer,United States,Ormond Beach,Florida,South,OFF-BI-10000145,Office Supplies,Binders,Zipper Ring Binder Pockets,93.808,3,-1.9656,COD
5900,CA-2020-108000,12-01-2020,16-01-2020,Standard Class,LS-16945,Linda Southworth,Corporate,United States,San Francisco,California,West,OFF-EN-10002621,Office Supplies,Envelopes,Staple envelope,96.78,1,4.89,Cards
1847,US-2020-158512,12-01-2020,17-01-2020,Second Class,DA-13450,Dianna Arnett,Home Office,United States,Washington,District of Columbia,East,FUR-FU-10004973,Furniture,Furnishings,Flat Face Poster Frame,164.68,2,15.8256,Cards
1846,US-2020-158512,12-01-2020,17-01-2020,Second Class,DA-13450,Dianna Arnett,Home Office,United States,Washington,District of Columbia,East,OFF-PA-10001804,Office Supplies,Paper,Xerox 195,138.08,6,19.2384,Cards
6619,US-2020-167402,13-01-2020,18-01-2020,Second Class,CP-12085,Cathy Prescott,Corporate,United States,Springfield,Missouri,Central,OFF-PA-10004983,Office Supplies,Paper,Xerox 23,121.4,5,15.552,Cards
4912,CA-2020-127306,14-01-2020,18-01-2020,Standard Class,BH-11710,Brosina Hoffman,Consumer,United States,Johnson City,Tennessee,South,TEC-PH-10001924,Technology,Phones,iHome FM Clock Radio with Lightning Dock,129.984,2,6.999,Online
4165,US-2020-106131,14-01-2020,16-01-2020,First Class,TP-21565,Tracy Poddar,Corporate,United States,Aurora,Colorado,West,TEC-AC-10003027,Technology,Accessories,Imation 8GB Mini TravelDrive USB 2.0 Flash Drive,194.064,7,-14.7931,Online
4166,US-2020-106131,14-01-2020,16-01-2020,First Class,TP-21565,Tracy Poddar,Corporate,United States,Aurora,Colorado,West,OFF-ST-10003638,Office Supplies,Storage,Mobile Personal File Cube,217.624,9,14.7546,Cards
1184,CA-2020-138779,14-01-2020,15-01-2020,First Class,RB-19570,Rob Beeghly,Consumer,United States,Jacksonville,North Carolina,South,TEC-PH-10003655,Technology,Phones,Sannysis Cute Owl Design Soft Skin Case Cover for Samsung Galaxy S4,89.92,5,0.693,Cards
9866,CA-2020-113278,14-01-2020,20-01-2020,Standard Class,HR-14770,Hallie Redmond,Home Office,United States,Richmond,Indiana,Central,FUR-FU-10001037,Furniture,Furnishings,"DAX Charcoal/Nickel-Tone Document Frame, 5 x 7",89.96,2,8.532,Cards
9863,CA-2020-113278,14-01-2020,20-01-2020,Standard Class,HR-14770,Hallie Redmond,Home Office,United States,Richmond,Indiana,Central,TEC-AC-10001445,Technology,Accessories,Imation USB 2.0 Swivel Flash Drive USB flash drive - 4 GB - Pink,102.12,4,2.5452,Online
9864,CA-2020-113278,14-01-2020,20-01-2020,Standard Class,HR-14770,Hallie Redmond,Home Office,United States,Richmond,Indiana,Central,OFF-PA-10004156,Office Supplies,Paper,Xerox 188,99.34,1,5.5566,COD
4914,CA-2020-127306,14-01-2020,18-01-2020,Standard Class,BH-11710,Brosina Hoffman,Consumer,United States,Johnson City,Tennessee,South,OFF-BI-10003727,Office Supplies,Binders,Avery Durable Slant Ring Binders With Label Holder,101.508,2,-1.8392,Cards
9860,CA-2020-113278,14-01-2020,20-01-2020,Standard Class,HR-14770,Hallie Redmond,Home Office,United States,Richmond,Indiana,Central,OFF-FA-10003472,Office Supplies,Fasteners,Bagged Rubber Bands,121.52,2,0.1008,COD
4913,CA-2020-127306,14-01-2020,18-01-2020,Standard Class,BH-11710,Brosina Hoffman,Consumer,United States,Johnson City,Tennessee,South,OFF-BI-10002003,Office Supplies,Binders,Ibico Presentation Index for Binding Systems,122.97,5,-4.577,Online
9862,CA-2020-113278,14-01-2020,20-01-2020,Standard Class,HR-14770,Hallie Redmond,Home Office,United States,Richmond,Indiana,Central,OFF-ST-10002562,Office Supplies,Storage,Staple magnet,108.76,2,5.2528,Cards
1183,CA-2020-138779,14-01-2020,15-01-2020,First Class,RB-19570,Rob Beeghly,Consumer,United States,Jacksonville,North Carolina,South,OFF-EN-10002504,Office Supplies,Envelopes,"Tyvek  Top-Opening Peel & Seel Envelopes, Plain White",114.744,1,7.3386,COD
4910,CA-2020-127306,14-01-2020,18-01-2020,Standard Class,BH-11710,Brosina Hoffman,Consumer,United States,Johnson City,Tennessee,South,OFF-EN-10001219,Office Supplies,Envelopes,"#10- 4 1/8"" x 9 1/2"" Security-Tint Envelopes",136.336,3,6.6468,Cards
4911,CA-2020-127306,14-01-2020,18-01-2020,Standard Class,BH-11710,Brosina Hoffman,Consumer,United States,Johnson City,Tennessee,South,OFF-PA-10000019,Office Supplies,Paper,Xerox 1931,157.288,7,12.7008,COD
9859,CA-2020-113278,14-01-2020,20-01-2020,Standard Class,HR-14770,Hallie Redmond,Home Office,United States,Richmond,Indiana,Central,OFF-ST-10001590,Office Supplies,Storage,"Tenex Personal Project File with Scoop Front Design, Black",185.4,5,17.524,Online
9861,CA-2020-113278,14-01-2020,20-01-2020,Standard Class,HR-14770,Hallie Redmond,Home Office,United States,Richmond,Indiana,Central,TEC-PH-10000169,Technology,Phones,ARKON Windshield Dashboard Air Vent Car Mount Holder,168.8,4,1.356,COD
6386,US-2020-104661,15-01-2020,18-01-2020,First Class,TB-21250,Tim Brockman,Consumer,United States,Austin,Texas,Central,TEC-AC-10002331,Technology,Accessories,"Maxell 74 Minute CDR, 10/Pack",102.592,8,13.3008,Cards
6387,US-2020-104661,15-01-2020,18-01-2020,First Class,TB-21250,Tim Brockman,Consumer,United States,Austin,Texas,Central,OFF-BI-10001098,Office Supplies,Binders,Acco D-Ring Binder w/DublLock,98.276,1,-6.6278,COD
5068,CA-2020-160934,15-01-2020,19-01-2020,Standard Class,TT-21460,Tonja Turnell,Home Office,United States,Los Angeles,California,West,OFF-AR-10003504,Office Supplies,Art,Newell 347,108.4,5,6.206,Online
3954,CA-2020-152961,15-01-2020,19-01-2020,Standard Class,SC-20095,Sanjit Chand,Consumer,United States,Quincy,Massachusetts,East,OFF-PA-10004675,Office Supplies,Paper,"Telephone Message Books with Fax/Mobile Section, 5 1/2"" x 3 3/16""",134.7,2,5.842,COD
2767,CA-2020-167752,15-01-2020,18-01-2020,First Class,RW-19690,Robert Waldorf,Consumer,United States,Philadelphia,Pennsylvania,East,OFF-AP-10000159,Office Supplies,Appliances,Belkin F9M820V08 8 Outlet Surge,136.384,1,3.8682,Cards
6385,US-2020-104661,15-01-2020,18-01-2020,First Class,TB-21250,Tim Brockman,Consumer,United States,Austin,Texas,Central,TEC-AC-10003628,Technology,Accessories,Logitech 910-002974 M325 Wireless Mouse for Web Scrolling,160.984,2,14.3952,Online
5273,CA-2020-125913,16-01-2020,16-01-2020,Same Day,JO-15145,Jack O'Briant,Corporate,United States,Los Angeles,California,West,FUR-TA-10001520,Furniture,Tables,"Lesro Sheffield Collection Coffee Table, End Table, Center Table, Corner Table",436.672,7,-14.9877,Online
5272,CA-2020-125913,16-01-2020,16-01-2020,Same Day,JO-15145,Jack O'Briant,Corporate,United States,Los Angeles,California,West,FUR-FU-10001487,Furniture,Furnishings,"Eldon Expressions Wood and Plastic Desk Accessories, Cherry Wood",141.92,4,8.0968,Cards
6523,CA-2020-138289,16-01-2020,18-01-2020,Second Class,AR-10540,Andy Reiter,Consumer,United States,Jackson,Michigan,Central,OFF-PA-10001260,Office Supplies,Paper,"TOPS Money Receipt Book, Consecutively Numbered in Red,",167.07,7,25.2315,COD
9387,US-2020-127292,19-01-2020,23-01-2020,Standard Class,RM-19375,Raymond Messe,Consumer,United States,Burlington,Vermont,East,OFF-PA-10000157,Office Supplies,Paper,Xerox 191,101.92,4,37.5624,COD
1885,CA-2020-154718,19-01-2020,23-01-2020,Second Class,DL-12865,Dan Lawera,Consumer,United States,Keller,Texas,Central,OFF-LA-10003714,Office Supplies,Labels,Avery 510,103.0,2,2.1,Online
9390,US-2020-127292,19-01-2020,23-01-2020,Standard Class,RM-19375,Raymond Messe,Consumer,United States,Burlington,Vermont,East,OFF-EN-10001509,Office Supplies,Envelopes,Poly String Tie Envelopes,109.04,1,0.9588,Cards
9119,CA-2020-153045,19-01-2020,24-01-2020,Second Class,NS-18505,Neola Schneider,Consumer,United States,Philadelphia,Pennsylvania,East,OFF-PA-10003673,Office Supplies,Paper,Strathmore Photo Mount Cards,117.696,4,7.0512,Cards
9388,US-2020-127292,19-01-2020,23-01-2020,Standard Class,RM-19375,Raymond Messe,Consumer,United States,Burlington,Vermont,East,OFF-PA-10001970,Office Supplies,Paper,Xerox 1881,116.28,1,5.7716,COD
9117,CA-2020-153045,19-01-2020,24-01-2020,Second Class,NS-18505,Neola Schneider,Consumer,United States,Philadelphia,Pennsylvania,East,FUR-FU-10002759,Furniture,Furnishings,12-1/2 Diameter Round Wall Clock,124.968,2,6.3936,Online
1659,CA-2020-161809,20-01-2020,26-01-2020,Standard Class,TH-21100,Thea Hendricks,Consumer,United States,Los Angeles,California,West,TEC-PH-10004922,Technology,Phones,RCA Visys Integrated PBX 8-Line Router,184.776,3,10.0485,Online
440,CA-2020-157252,20-01-2020,23-01-2020,Second Class,CV-12805,Cynthia Voltz,Corporate,United States,New York City,New York,East,FUR-CH-10003396,Furniture,Chairs,Global Deluxe Steno Chair,240.846,3,2.3094,Online
5425,US-2020-120649,20-01-2020,26-01-2020,Standard Class,JF-15490,Jeremy Farry,Consumer,United States,Waterbury,Connecticut,East,OFF-AR-10001545,Office Supplies,Art,Newell 326,111.52,2,1.0208,Cards
7408,CA-2020-152079,20-01-2020,21-01-2020,First Class,ML-17410,Maris LaWare,Consumer,United States,Chicago,Illinois,Central,OFF-LA-10001613,Office Supplies,Labels,Avery File Folder Labels,115.52,5,4.176,COD
2408,CA-2020-144589,20-01-2020,25-01-2020,Standard Class,TM-21010,Tamara Manning,Consumer,United States,San Francisco,California,West,OFF-AR-10003631,Office Supplies,Art,Staples in misc. colors,152.2,5,7.986,COD
737,CA-2020-131954,21-01-2020,25-01-2020,Standard Class,DS-13030,Darrin Sayre,Home Office,United States,Seattle,Washington,West,FUR-BO-10001619,Furniture,Bookcases,O'Sullivan Cherrywood Estates Traditional Bookcase,106.98,1,18.6956,COD
2682,CA-2020-127026,21-01-2020,27-01-2020,Standard Class,MH-18115,Mick Hernandez,Home Office,United States,Jackson,Michigan,Central,OFF-BI-10001196,Office Supplies,Binders,"Avery Flip-Chart Easel Binder, Black",109.52,4,42.0744,COD
735,CA-2020-131954,21-01-2020,25-01-2020,Standard Class,DS-13030,Darrin Sayre,Home Office,United States,Seattle,Washington,West,OFF-BI-10003982,Office Supplies,Binders,Wilson Jones Century Plastic Molded Ring Binders,116.696,6,33.6474,Online
2684,CA-2020-127026,21-01-2020,27-01-2020,Standard Class,MH-18115,Mick Hernandez,Home Office,United States,Jackson,Michigan,Central,TEC-PH-10003601,Technology,Phones,"Ativa D5772 2-Line 5.8GHz Digital Expandable Corded/Cordless Phone System with Answering & Caller ID/Call Waiting, Black/Silver",195.99,1,49.497,COD
733,CA-2020-131954,21-01-2020,25-01-2020,Standard Class,DS-13030,Darrin Sayre,Home Office,United States,Seattle,Washington,West,OFF-ST-10000736,Office Supplies,Storage,Carina Double Wide Media Storage Towers in Natural & Black,267.94,3,9.7176,COD
1096,CA-2020-160423,21-01-2020,26-01-2020,Standard Class,PS-19045,Penelope Sewall,Home Office,United States,Charlotte,North Carolina,South,OFF-ST-10004340,Office Supplies,Storage,"Fellowes Mobile File Cart, Black",388.208,7,30.4682,Cards
2680,CA-2020-127026,21-01-2020,27-01-2020,Standard Class,MH-18115,Mick Hernandez,Home Office,United States,Jackson,Michigan,Central,OFF-BI-10000546,Office Supplies,Binders,Avery Durable Binders,87.4,5,7.056,Cards
736,CA-2020-131954,21-01-2020,25-01-2020,Standard Class,DS-13030,Darrin Sayre,Home Office,United States,Seattle,Washington,West,OFF-BI-10003291,Office Supplies,Binders,Wilson Jones Leather-Like Binders with DublLock Round Rings,92.936,4,9.4284,Online
738,CA-2020-131954,21-01-2020,25-01-2020,Standard Class,DS-13030,Darrin Sayre,Home Office,United States,Seattle,Washington,West,OFF-BI-10000138,Office Supplies,Binders,Acco Translucent Poly Ring Binders,132.72,5,6.552,COD
7985,CA-2020-152499,22-01-2020,25-01-2020,Second Class,EH-13765,Edward Hooks,Corporate,United States,Chicago,Illinois,Central,OFF-AR-10003481,Office Supplies,Art,Newell 348,85.872,3,0.8856,Cards
7984,CA-2020-152499,22-01-2020,25-01-2020,Second Class,EH-13765,Edward Hooks,Corporate,United States,Chicago,Illinois,Central,OFF-FA-10002975,Office Supplies,Fasteners,Staples,103.12,5,4.914,Online
518,CA-2020-127432,22-01-2020,27-01-2020,Standard Class,AD-10180,Alan Dominguez,Home Office,United States,Great Falls,Montana,West,OFF-PA-10001667,Office Supplies,Paper,Great White Multi-Use Recycled Paper (20Lb. and 84 Bright),118.96,2,5.382,Cards
517,CA-2020-127432,22-01-2020,27-01-2020,Standard Class,AD-10180,Alan Dominguez,Home Office,United States,Great Falls,Montana,West,OFF-ST-10004507,Office Supplies,Storage,Advantus Rolling Storage Box,162.45,3,13.8915,COD
9654,CA-2020-161893,23-01-2020,27-01-2020,Standard Class,HP-14815,Harold Pawlan,Home Office,United States,Tucson,Arizona,West,TEC-AC-10001874,Technology,Accessories,Logitech Wireless Anywhere Mouse MX for PC and Mac,132.984,2,11.998,Online
6360,CA-2020-139080,23-01-2020,28-01-2020,Standard Class,CS-12250,Chris Selesnick,Corporate,United States,Seattle,Washington,West,TEC-PH-10004100,Technology,Phones,Griffin GC17055 Auxiliary Audio Cable,136.352,6,8.6352,Cards
523,CA-2020-145142,23-01-2020,25-01-2020,First Class,MC-17605,Matt Connell,Corporate,United States,Detroit,Michigan,Central,FUR-TA-10001857,Furniture,Tables,Balt Solid Wood Rectangular Table,237.98,2,21.098,Cards
6359,CA-2020-139080,23-01-2020,28-01-2020,Standard Class,CS-12250,Chris Selesnick,Corporate,United States,Seattle,Washington,West,OFF-PA-10002262,Office Supplies,Paper,Xerox 192,90.48,1,3.1104,COD
6358,CA-2020-139080,23-01-2020,28-01-2020,Standard Class,CS-12250,Chris Selesnick,Corporate,United States,Seattle,Washington,West,OFF-PA-10004621,Office Supplies,Paper,Xerox 212,116.92,4,12.4416,Cards
9655,CA-2020-161893,23-01-2020,27-01-2020,Standard Class,HP-14815,Harold Pawlan,Home Office,United States,Tucson,Arizona,West,OFF-BI-10004506,Office Supplies,Binders,Wilson Jones data.warehouse D-Ring Binders with DublLock,109.938,2,-3.6212,Cards
6357,CA-2020-139080,23-01-2020,28-01-2020,Standard Class,CS-12250,Chris Selesnick,Corporate,United States,Seattle,Washington,West,OFF-BI-10001757,Office Supplies,Binders,Pressboard Hanging Data Binders for Unburst Sheets,140.68,5,6.888,Cards
9598,CA-2020-104619,24-01-2020,29-01-2020,Standard Class,KD-16495,Keith Dawkins,Corporate,United States,San Jose,California,West,TEC-PH-10000193,Technology,Phones,Jensen SMPS-640 - speaker phone,149.352,3,8.2764,Cards
2376,CA-2020-119669,24-01-2020,30-01-2020,Standard Class,TP-21130,Theone Pippenger,Consumer,United States,Smyrna,Georgia,South,OFF-FA-10000053,Office Supplies,Fasteners,Revere Boxed Rubber Bands by Revere,98.67,3,0.1134,Online
9596,CA-2020-104619,24-01-2020,29-01-2020,Standard Class,KD-16495,Keith Dawkins,Corporate,United States,San Jose,California,West,OFF-AP-10001492,Office Supplies,Appliances,"Acco Six-Outlet Power Strip, 4' Cord Length",131.86,3,6.7236,Cards
8312,US-2020-105935,26-01-2020,31-01-2020,Standard Class,BD-11500,Bradley Drucker,Consumer,United States,Columbus,Georgia,South,FUR-FU-10002157,Furniture,Furnishings,Artistic Insta-Plaque,100.72,4,24.4608,Cards
2835,CA-2020-134649,26-01-2020,31-01-2020,Second Class,CA-11965,Carol Adams,Corporate,United States,Hoover,Alabama,South,OFF-BI-10001890,Office Supplies,Binders,Avery Poly Binder Pockets,111.16,2,3.4368,COD
7820,CA-2020-150469,26-01-2020,30-01-2020,Standard Class,CJ-12010,Caroline Jumper,Consumer,United States,San Francisco,California,West,OFF-FA-10000611,Office Supplies,Fasteners,Binder Clips by OIC,96.84,8,5.6832,Online
2834,CA-2020-134649,26-01-2020,31-01-2020,Second Class,CA-11965,Carol Adams,Corporate,United States,Hoover,Alabama,South,OFF-AR-10001547,Office Supplies,Art,Newell 311,106.47,7,4.1769,Cards
5492,CA-2020-164098,26-01-2020,27-01-2020,First Class,CG-12520,Claire Gute,Consumer,United States,Houston,Texas,Central,OFF-ST-10000615,Office Supplies,Storage,"SimpliFile Personal File, Black Granite, 15w x 6-15/16d x 11-1/4h",141.16,2,1.816,Online
2170,CA-2020-117870,27-01-2020,30-01-2020,Second Class,JH-15820,John Huston,Consumer,United States,Kent,Ohio,East,TEC-AC-10000927,Technology,Accessories,Anker Ultrathin Bluetooth Wireless Keyboard Aluminum Cover with Stand,117.976,3,-8.997,COD
2171,CA-2020-117870,27-01-2020,30-01-2020,Second Class,JH-15820,John Huston,Consumer,United States,Kent,Ohio,East,TEC-PH-10003931,Technology,Phones,JBL Micro Wireless Portable Bluetooth Speaker,154.982,3,-26.9955,COD
7222,US-2020-104437,27-01-2020,31-01-2020,Standard Class,TG-21310,Toby Gnade,Consumer,United States,New York City,New York,East,TEC-PH-10000193,Technology,Phones,Jensen SMPS-640 - speaker phone,156.94,3,35.8644,Online
2169,CA-2020-117870,27-01-2020,30-01-2020,Second Class,JH-15820,John Huston,Consumer,United States,Kent,Ohio,East,OFF-AR-10004078,Office Supplies,Art,Newell 312,144.016,3,1.752,COD
1415,CA-2020-115994,28-01-2020,31-01-2020,Second Class,BT-11305,Beth Thompson,Home Office,United States,Costa Mesa,California,West,TEC-AC-10000580,Technology,Accessories,Logitech G13 Programmable Gameboard with LCD Display,284.97,3,26.3967,Cards
1416,CA-2020-115994,28-01-2020,31-01-2020,Second Class,BT-11305,Beth Thompson,Home Office,United States,Costa Mesa,California,West,FUR-FU-10003976,Furniture,Furnishings,"DAX Executive Solid Wood Document Frame, Desktop or Hang, Mahogany, 5 x 7",135.74,3,12.8316,Online
9916,CA-2020-160927,29-01-2020,31-01-2020,Second Class,TM-21010,Tamara Manning,Consumer,United States,Marion,Iowa,Central,OFF-PA-10000176,Office Supplies,Paper,Xerox 1887,129.85,5,45.528,COD
5032,CA-2020-139304,29-01-2020,02-02-2020,Standard Class,VG-21790,Vivek Gonzalez,Consumer,United States,San Francisco,California,West,OFF-BI-10002498,Office Supplies,Binders,Clear Mylar Reinforcing Strips,167.616,8,40.3704,COD
5030,CA-2020-139304,29-01-2020,02-02-2020,Standard Class,VG-21790,Vivek Gonzalez,Consumer,United States,San Francisco,California,West,OFF-AR-10001216,Office Supplies,Art,Newell 339,96.34,3,2.1684,Online
7028,CA-2020-131653,29-01-2020,05-02-2020,Standard Class,RD-19585,Rob Dowd,Consumer,United States,New York City,New York,East,OFF-LA-10001045,Office Supplies,Labels,Permanent Self-Adhesive File Folder Labels for Typewriters by Universal,85.22,2,2.4012,Cards
8590,CA-2020-145338,29-01-2020,01-02-2020,First Class,BD-11770,Bryan Davis,Consumer,United States,Philadelphia,Pennsylvania,East,OFF-AR-10002053,Office Supplies,Art,"Premium Writing Pencils, Soft, #2 by Central Association for the Blind",102.768,2,0.4768,Online
9918,CA-2020-160927,29-01-2020,31-01-2020,Second Class,TM-21010,Tamara Manning,Consumer,United States,Marion,Iowa,Central,FUR-FU-10000010,Furniture,Furnishings,"DAX Value U-Channel Document Frames, Easel Back",127.91,3,4.6221,Cards
5031,CA-2020-139304,29-01-2020,02-02-2020,Standard Class,VG-21790,Vivek Gonzalez,Consumer,United States,San Francisco,California,West,OFF-SU-10001664,Office Supplies,Supplies,Acme Office Executive Series Stainless Steel Trimmers,117.57,1,2.2282,COD
9915,CA-2020-160927,29-01-2020,31-01-2020,Second Class,TM-21010,Tamara Manning,Consumer,United States,Marion,Iowa,Central,OFF-PA-10003848,Office Supplies,Paper,Xerox 1997,111.96,2,6.2208,COD
9917,CA-2020-160927,29-01-2020,31-01-2020,Second Class,TM-21010,Tamara Manning,Consumer,United States,Marion,Iowa,Central,OFF-ST-10001590,Office Supplies,Storage,"Tenex Personal Project File with Scoop Front Design, Black",140.48,1,3.5048,Cards
3886,US-2020-127341,29-01-2020,02-02-2020,Standard Class,CK-12595,Clytie Kelty,Consumer,United States,Chicago,Illinois,Central,OFF-BI-10001072,Office Supplies,Binders,"GBC Clear Cover, 8-1/2 x 11, unpunched, 25 covers per pack",114.128,4,-20.6176,COD
4146,CA-2020-112725,30-01-2020,06-02-2020,Standard Class,EH-14125,Eugene Hildebrand,Home Office,United States,San Francisco,California,West,FUR-CH-10000863,Furniture,Chairs,Novimex Swivel Fabric Task Chair,145.784,1,-13.5882,Cards
2922,CA-2020-164329,30-01-2020,30-01-2020,Same Day,MM-17920,Michael Moore,Consumer,United States,San Francisco,California,West,OFF-ST-10001511,Office Supplies,Storage,Space Solutions Commercial Steel Shelving,147.3,2,6.465,Cards
4144,CA-2020-112725,30-01-2020,06-02-2020,Standard Class,EH-14125,Eugene Hildebrand,Home Office,United States,San Francisco,California,West,OFF-AR-10003759,Office Supplies,Art,"Crayola Anti Dust Chalk, 12/Pack",107.74,7,5.733,Online
774,CA-2020-104220,30-01-2020,05-02-2020,Standard Class,BV-11245,Benjamin Venier,Corporate,United States,Des Moines,Iowa,Central,OFF-BI-10003910,Office Supplies,Binders,DXL Angle-View Binders with Locking Rings by Samsill,111.71,1,3.4695,Online
8271,CA-2020-121790,30-01-2020,06-02-2020,Standard Class,LP-17095,Liz Preis,Consumer,United States,Aurora,Illinois,Central,OFF-AR-10003602,Office Supplies,Art,"Quartet Omega Colored Chalk, 12/Pack",114.344,2,3.1536,COD
4145,CA-2020-112725,30-01-2020,06-02-2020,Standard Class,EH-14125,Eugene Hildebrand,Home Office,United States,San Francisco,California,West,OFF-AR-10001227,Office Supplies,Art,Newell 338,131.82,3,2.3814,COD
771,CA-2020-104220,30-01-2020,05-02-2020,Standard Class,BV-11245,Benjamin Venier,Corporate,United States,Des Moines,Iowa,Central,OFF-BI-10001036,Office Supplies,Binders,Cardinal EasyOpen D-Ring Binders,116.28,2,9.14,COD
8269,CA-2020-121790,30-01-2020,06-02-2020,Standard Class,LP-17095,Liz Preis,Consumer,United States,Aurora,Illinois,Central,OFF-SU-10004231,Office Supplies,Supplies,Acme Tagit Stainless Steel Antibacterial Scissors,120.68,4,2.772,Online
776,CA-2020-104220,30-01-2020,05-02-2020,Standard Class,BV-11245,Benjamin Venier,Corporate,United States,Des Moines,Iowa,Central,FUR-FU-10002597,Furniture,Furnishings,"C-Line Magnetic Cubicle Keepers, Clear Polypropylene",140.58,7,14.5236,Online
775,CA-2020-104220,30-01-2020,05-02-2020,Standard Class,BV-11245,Benjamin Venier,Corporate,United States,Des Moines,Iowa,Central,OFF-AR-10004648,Office Supplies,Art,Boston 19500 Mighty Mite Electric Pencil Sharpener,135.3,2,10.881,Online
773,CA-2020-104220,30-01-2020,05-02-2020,Standard Class,BV-11245,Benjamin Venier,Corporate,United States,Des Moines,Iowa,Central,OFF-BI-10000301,Office Supplies,Binders,GBC Instant Report Kit,162.35,5,16.175,Online
131,US-2020-164147,02-02-2020,05-02-2020,First Class,DW-13585,Dorothy Wardle,Corporate,United States,Columbus,Ohio,East,TEC-PH-10002293,Technology,Phones,Anker 36W 4-Port USB Wall Charger Travel Power Adapter for iPhone 5s 5c 5,100.97,5,-11.994,Cards
5145,CA-2020-161333,02-02-2020,07-02-2020,Standard Class,JL-15835,John Lee,Consumer,United States,Los Angeles,California,West,FUR-FU-10003039,Furniture,Furnishings,"Howard Miller 11-1/2"" Diameter Grantwood Wall Clock",107.26,2,29.3284,COD
8747,CA-2020-128076,02-02-2020,07-02-2020,Standard Class,BO-11350,Bill Overfelt,Corporate,United States,San Diego,California,West,FUR-FU-10000293,Furniture,Furnishings,Eldon Antistatic Chair Mats for Low to Medium Pile Carpets,242.58,2,12.6348,COD
8749,CA-2020-128076,02-02-2020,07-02-2020,Standard Class,BO-11350,Bill Overfelt,Corporate,United States,San Diego,California,West,TEC-MA-10002109,Technology,Machines,"HP Officejet Pro 8600 e-All-In-One Printer, Copier, Scanner, Fax",253.984,2,38.9974,Online
8748,CA-2020-128076,02-02-2020,07-02-2020,Standard Class,BO-11350,Bill Overfelt,Corporate,United States,San Diego,California,West,OFF-BI-10003638,Office Supplies,Binders,GBC Durable Plastic Covers,257.96,2,10.062,Online
5147,CA-2020-161333,02-02-2020,07-02-2020,Standard Class,JL-15835,John Lee,Consumer,United States,Los Angeles,California,West,OFF-AP-10000252,Office Supplies,Appliances,Harmony HEPA Quiet Air Purifiers,291.8,4,16.38,COD
133,US-2020-164147,02-02-2020,05-02-2020,First Class,DW-13585,Dorothy Wardle,Corporate,United States,Columbus,Ohio,East,OFF-FA-10002780,Office Supplies,Fasteners,Staples,110.456,9,6.9732,Cards
4756,CA-2020-126354,03-02-2020,08-02-2020,Standard Class,SC-20380,Shahid Collister,Consumer,United States,Pembroke Pines,Florida,South,OFF-PA-10004381,Office Supplies,Paper,14-7/8 x 11 Blue Bar Computer Printout Paper,134.296,3,40.3536,COD
4755,CA-2020-126354,03-02-2020,08-02-2020,Standard Class,SC-20380,Shahid Collister,Consumer,United States,Pembroke Pines,Florida,South,OFF-BI-10000301,Office Supplies,Binders,GBC Instant Report Kit,118.882,2,-2.588,Cards
7445,CA-2020-127474,03-02-2020,07-02-2020,Second Class,RD-19810,Ross DeVincentis,Home Office,United States,Chicago,Illinois,Central,OFF-PA-10001166,Office Supplies,Paper,Xerox 2,119.184,1,1.8144,Online
7446,CA-2020-127474,03-02-2020,07-02-2020,Second Class,RD-19810,Ross DeVincentis,Home Office,United States,Chicago,Illinois,Central,OFF-PA-10001033,Office Supplies,Paper,Xerox 1893,159.584,2,23.7742,COD
7065,CA-2020-169474,04-02-2020,09-02-2020,Standard Class,JF-15355,Jay Fein,Consumer,United States,Rochester,New York,East,OFF-AP-10003971,Office Supplies,Appliances,Belkin 6 Outlet Metallic Surge Strip,138.67,3,8.4942,COD
6568,CA-2020-131282,05-02-2020,08-02-2020,Second Class,CB-12025,Cassandra Brandow,Consumer,United States,Waco,Texas,Central,OFF-AR-10003087,Office Supplies,Art,Staples in misc. colors,221.12,5,0.712,Online
5973,CA-2020-115105,06-02-2020,11-02-2020,Standard Class,BD-11770,Bryan Davis,Consumer,United States,New York City,New York,East,FUR-BO-10001811,Furniture,Bookcases,"Atlantic Metals Mobile 5-Shelf Bookcases, Custom Colors",256.784,1,30.098,COD
7355,CA-2020-154102,06-02-2020,13-02-2020,Standard Class,SN-20560,Skye Norling,Home Office,United States,San Francisco,California,West,OFF-PA-10001593,Office Supplies,Paper,Xerox 1947,135.9,5,13.455,COD
7027,US-2020-101840,06-02-2020,12-02-2020,Standard Class,SP-20545,Sibella Parks,Corporate,United States,New York City,New York,East,OFF-BI-10000279,Office Supplies,Binders,"Acco Recycled 2"" Capacity Laser Printer Hanging Data Binders",134.24,4,15.606,Online
7246,CA-2020-145807,09-02-2020,13-02-2020,Standard Class,SB-20190,Sarah Bern,Consumer,United States,Los Angeles,California,West,OFF-ST-10001370,Office Supplies,Storage,Sensible Storage WireTech Storage Systems,403.9,5,17.745,Cards
3087,CA-2020-118773,09-02-2020,14-02-2020,Standard Class,TP-21415,Tom Prescott,Consumer,United States,Houston,Texas,Central,FUR-FU-10000550,Furniture,Furnishings,Stacking Trays by OIC,122.984,2,-2.6892,Online
5961,CA-2020-150602,09-02-2020,14-02-2020,Second Class,ML-17395,Marina Lichtenstein,Corporate,United States,Los Angeles,California,West,FUR-FU-10003142,Furniture,Furnishings,"Master Big Foot Doorstop, Beige",96.12,4,6.5472,Cards
1535,CA-2020-124086,10-02-2020,14-02-2020,Standard Class,MP-18175,Mike Pelletier,Home Office,United States,Laguna Niguel,California,West,FUR-BO-10004015,Furniture,Bookcases,"Bush Andora Bookcase, Maple/Graphite Gray Finish",226.983,2,16.7986,COD
3147,CA-2020-131828,11-02-2020,13-02-2020,Second Class,CS-11845,Cari Sayre,Corporate,United States,Seattle,Washington,West,TEC-PH-10002923,Technology,Phones,"Logitech B530 USB Headset - headset - Full size, Binaural",126.776,3,7.7679,Cards
9239,CA-2020-138156,11-02-2020,14-02-2020,First Class,MM-17260,Magdelene Morse,Consumer,United States,Columbus,Ohio,East,FUR-FU-10003601,Furniture,Furnishings,"Deflect-o RollaMat Studded, Beveled Mat for Medium Pile Carpeting",164.568,2,-3.6892,COD
9633,CA-2020-154809,13-02-2020,17-02-2020,Standard Class,MH-17455,Mark Hamilton,Consumer,United States,Minneapolis,Minnesota,Central,OFF-AP-10004785,Office Supplies,Appliances,"Holmes Replacement Filter for HEPA Air Cleaner, Medium Room",116.64,8,38.9752,Cards
2732,CA-2020-104801,13-02-2020,19-02-2020,Standard Class,FH-14350,Fred Harton,Consumer,United States,Seattle,Washington,West,FUR-FU-10004017,Furniture,Furnishings,"Tenex Contemporary Contur Chairmats for Low and Medium Pile Carpet, Computer, 39"" x 49""",120.53,1,21.506,Cards
7119,CA-2020-104906,13-02-2020,17-02-2020,Standard Class,JP-15460,Jennifer Patt,Corporate,United States,New York City,New York,East,OFF-PA-10001184,Office Supplies,Paper,Xerox 1903,96.94,3,8.7906,Cards
5599,CA-2020-151176,13-02-2020,20-02-2020,Standard Class,SV-20785,Stewart Visinsky,Consumer,United States,Baltimore,Maryland,East,OFF-AR-10000614,Office Supplies,Art,Barrel Sharpener,117.71,3,2.7846,Online
5598,CA-2020-151176,13-02-2020,20-02-2020,Standard Class,SV-20785,Stewart Visinsky,Consumer,United States,Baltimore,Maryland,East,OFF-SU-10001165,Office Supplies,Supplies,Acme Elite Stainless Steel Scissors,144.02,3,6.5052,COD
8677,CA-2020-163265,16-02-2020,21-02-2020,Standard Class,JS-16030,Joy Smith,Consumer,United States,Decatur,Illinois,Central,FUR-FU-10004270,Furniture,Furnishings,"Executive Impressions 13"" Clairmont Wall Clock",110.692,1,-3.6537,COD
8673,CA-2020-163265,16-02-2020,21-02-2020,Standard Class,JS-16030,Joy Smith,Consumer,United States,Decatur,Illinois,Central,OFF-FA-10004854,Office Supplies,Fasteners,"Vinyl Coated Wire Paper Clips in Organizer Box, 800/Box",94.368,2,6.1992,Cards
8676,CA-2020-163265,16-02-2020,21-02-2020,Standard Class,JS-16030,Joy Smith,Consumer,United States,Decatur,Illinois,Central,OFF-AR-10004078,Office Supplies,Art,Newell 312,134.032,6,3.504,Online
3780,CA-2020-118521,16-02-2020,20-02-2020,Standard Class,LF-17185,Luke Foster,Consumer,United States,New York City,New York,East,OFF-PA-10003465,Office Supplies,Paper,Xerox 1912,140.94,2,18.2112,Online
8675,CA-2020-163265,16-02-2020,21-02-2020,Standard Class,JS-16030,Joy Smith,Consumer,United States,Decatur,Illinois,Central,OFF-ST-10000642,Office Supplies,Storage,"Tennsco Lockers, Gray",156.352,3,-8.1822,Online
9346,CA-2020-109085,17-02-2020,20-02-2020,First Class,CK-12325,Christine Kargatis,Home Office,United States,Troy,Ohio,East,TEC-PH-10000526,Technology,Phones,Vtech CS6719,104.594,1,-11.5188,Online
8106,CA-2020-159149,17-02-2020,19-02-2020,First Class,CR-12820,Cyra Reiten,Home Office,United States,Houston,Texas,Central,FUR-BO-10001601,Furniture,Bookcases,"Sauder Mission Library with Doors, Fruitwood Finish",132.0664,1,-17.0274,Online
3861,CA-2020-154039,17-02-2020,22-02-2020,Standard Class,JK-16120,Julie Kriz,Home Office,United States,Chicago,Illinois,Central,TEC-PH-10002789,Technology,Phones,LG Exalt,165.792,1,10.9193,COD
4654,CA-2020-132647,17-02-2020,23-02-2020,Standard Class,GH-14410,Gary Hansen,Home Office,United States,Perth Amboy,New Jersey,East,OFF-ST-10003123,Office Supplies,Storage,Fellowes Bases and Tops For Staxonsteel/High-Stak Systems,186.45,5,39.948,COD
9345,CA-2020-109085,17-02-2020,20-02-2020,First Class,CK-12325,Christine Kargatis,Home Office,United States,Troy,Ohio,East,OFF-BI-10001525,Office Supplies,Binders,"Acco Pressboard Covers with Storage Hooks, 14 7/8"" x 11"", Executive Red",92.715,5,-4.7625,Online
4653,CA-2020-132647,17-02-2020,23-02-2020,Standard Class,GH-14410,Gary Hansen,Home Office,United States,Perth Amboy,New Jersey,East,OFF-PA-10001838,Office Supplies,Paper,"Adams Telephone Message Book W/Dividers/Space For Phone Numbers, 5 1/4""X8 1/2"", 300/Messages",128.76,2,5.7624,COD
9347,CA-2020-109085,17-02-2020,20-02-2020,First Class,CK-12325,Christine Kargatis,Home Office,United States,Troy,Ohio,East,FUR-FU-10004973,Furniture,Furnishings,Flat Face Poster Frame,126.144,2,8.2896,Online
4362,US-2020-163195,17-02-2020,21-02-2020,Second Class,LL-16840,Lauren Leatherbury,Consumer,United States,Lafayette,Louisiana,South,TEC-PH-10003875,Technology,Phones,KLD Oscar II Style Snap-on Ultra Thin Side Flip Synthetic Leather Cover Case for HTC One HTC M7,125.16,3,8.4564,Online
5389,CA-2020-164707,18-02-2020,21-02-2020,Second Class,CV-12805,Cynthia Voltz,Corporate,United States,Los Angeles,California,West,TEC-AC-10004864,Technology,Accessories,Memorex Micro Travel Drive 32 GB,146.53,3,47.0979,Online
5388,CA-2020-164707,18-02-2020,21-02-2020,Second Class,CV-12805,Cynthia Voltz,Corporate,United States,Los Angeles,California,West,TEC-PH-10001924,Technology,Phones,iHome FM Clock Radio with Lightning Dock,197.976,3,10.4985,Online
5390,CA-2020-164707,18-02-2020,21-02-2020,Second Class,CV-12805,Cynthia Voltz,Corporate,United States,Los Angeles,California,West,OFF-LA-10004345,Office Supplies,Labels,Avery 493,84.82,2,4.8118,Online
3963,CA-2020-134838,19-02-2020,20-02-2020,First Class,ED-13885,Emily Ducich,Home Office,United States,Los Angeles,California,West,OFF-AR-10000634,Office Supplies,Art,Newell 320,133.84,3,3.4668,Online
3964,CA-2020-134838,19-02-2020,20-02-2020,First Class,ED-13885,Emily Ducich,Home Office,United States,Los Angeles,California,West,FUR-FU-10004018,Furniture,Furnishings,Tensor Computer Mounted Lamp,111.67,3,12.0609,Online
6657,CA-2020-135937,20-02-2020,27-02-2020,Standard Class,KM-16375,Katherine Murray,Home Office,United States,Gilbert,Arizona,West,OFF-ST-10000563,Office Supplies,Storage,Fellowes Bankers Box Stor/Drawer Steel Plus,101.168,2,-6.396,Online
6659,CA-2020-135937,20-02-2020,27-02-2020,Standard Class,KM-16375,Katherine Murray,Home Office,United States,Gilbert,Arizona,West,FUR-FU-10002253,Furniture,Furnishings,"Howard Miller 13"" Diameter Pewter Finish Round Wall Clock",118.704,2,16.3172,Online
802,CA-2020-105809,20-02-2020,23-02-2020,First Class,HW-14935,Helen Wasserman,Corporate,United States,San Diego,California,West,TEC-PH-10001580,Technology,Phones,Logitech Mobile Speakerphone P710e - speaker phone,261.968,2,18.8972,COD
6655,CA-2020-135937,20-02-2020,27-02-2020,Standard Class,KM-16375,Katherine Murray,Home Office,United States,Gilbert,Arizona,West,TEC-PH-10004447,Technology,Phones,Toshiba IPT2010-SD IP Telephone,358.576,3,25.0182,Online
4523,CA-2020-105445,20-02-2020,25-02-2020,Second Class,BP-11095,Bart Pistole,Corporate,United States,Louisville,Colorado,West,OFF-FA-10001229,Office Supplies,Fasteners,Staples,92.432,3,3.0654,Online
801,CA-2020-105809,20-02-2020,23-02-2020,First Class,HW-14935,Helen Wasserman,Corporate,United States,San Diego,California,West,FUR-FU-10004090,Furniture,Furnishings,"Executive Impressions 14"" Contract Wall Clock",115.23,1,7.3359,COD
6656,CA-2020-135937,20-02-2020,27-02-2020,Standard Class,KM-16375,Katherine Murray,Home Office,United States,Gilbert,Arizona,West,TEC-AC-10001114,Technology,Accessories,Microsoft Wireless Mobile Mouse 4000,131.992,1,4.7988,COD
2083,CA-2020-104647,23-02-2020,01-03-2020,Standard Class,CK-12595,Clytie Kelty,Consumer,United States,Los Angeles,California,West,OFF-PA-10002870,Office Supplies,Paper,"Ampad Phone Message Book, Recycled, 400 Message Capacity, 5 ¾” x 11”",128.44,6,16.848,Online
7227,CA-2020-127397,24-02-2020,28-02-2020,Standard Class,ES-14080,Erin Smith,Corporate,United States,Philadelphia,Pennsylvania,East,OFF-PA-10001125,Office Supplies,Paper,Xerox 1988,152.92,5,38.725,COD
1992,CA-2020-111374,24-02-2020,28-02-2020,Standard Class,CB-12415,Christy Brittain,Consumer,United States,Philadelphia,Pennsylvania,East,OFF-BI-10004970,Office Supplies,Binders,"ACCOHIDE 3-Ring Binder, Blue, 1""",132.956,4,-3.7996,COD
7534,US-2020-134642,25-02-2020,01-03-2020,Standard Class,SW-20245,Scot Wooten,Consumer,United States,Greenville,North Carolina,South,FUR-CH-10002880,Furniture,Chairs,"Global High-Back Leather Tilter, Burgundy",230.784,2,-22.1382,Online
7535,US-2020-134642,25-02-2020,01-03-2020,Standard Class,SW-20245,Scot Wooten,Consumer,United States,Greenville,North Carolina,South,FUR-BO-10004709,Furniture,Bookcases,"Bush Westfield Collection Bookcases, Medium Cherry Finish",245.92,5,5.798,Online
3765,CA-2020-125878,25-02-2020,02-03-2020,Standard Class,MH-18025,Michelle Huthwaite,Consumer,United States,Chicago,Illinois,Central,OFF-BI-10002609,Office Supplies,Binders,Avery Hidden Tab Dividers for Binding Systems,529.788,3,-3.0396,COD
9991,CA-2020-121258,26-02-2020,03-03-2020,Standard Class,DB-13060,Dave Brooks,Consumer,United States,Costa Mesa,California,West,FUR-FU-10000747,Furniture,Furnishings,Tenex B1-RE Series Chair Mats for Low Pile Carpets,106.96,2,15.6332,COD
1189,CA-2020-117212,26-02-2020,28-02-2020,Second Class,BT-11530,Bradley Talbott,Home Office,United States,Los Angeles,California,West,OFF-AP-10004532,Office Supplies,Appliances,Kensington 6 Outlet Guardian Standard Surge Protector,110.92,4,22.1184,Online
9992,CA-2020-121258,26-02-2020,03-03-2020,Standard Class,DB-13060,Dave Brooks,Consumer,United States,Costa Mesa,California,West,TEC-PH-10003645,Technology,Phones,Aastra 57i VoIP phone,301.576,2,19.3932,Online
1193,CA-2020-117212,26-02-2020,28-02-2020,Second Class,BT-11530,Bradley Talbott,Home Office,United States,Los Angeles,California,West,OFF-PA-10000682,Office Supplies,Paper,Xerox 1924,116.12,4,11.3288,COD
9993,CA-2020-121258,26-02-2020,03-03-2020,Standard Class,DB-13060,Dave Brooks,Consumer,United States,Costa Mesa,California,West,OFF-PA-10004041,Office Supplies,Paper,"It's Hot Message Books with Stickers, 2 3/4"" x 5""",152.6,4,13.32,COD
7641,CA-2020-104885,02-03-2020,08-03-2020,Standard Class,DB-13555,Dorothy Badders,Corporate,United States,Newark,Delaware,East,OFF-PA-10002764,Office Supplies,Paper,Easy-staple paper,109.04,6,33.3396,Online
9252,CA-2020-155712,02-03-2020,08-03-2020,Standard Class,KD-16615,Ken Dana,Corporate,United States,Los Angeles,California,West,OFF-BI-10004224,Office Supplies,Binders,Catalog Binders with Expanding Posts,128.648,2,33.64,Online
2509,CA-2020-163902,02-03-2020,08-03-2020,Standard Class,MY-17380,Maribeth Yedwab,Corporate,United States,Los Angeles,California,West,TEC-PH-10000675,Technology,Phones,Panasonic KX TS3282B Corded phone,214.776,3,14.7582,Online
1771,CA-2020-146024,02-03-2020,08-03-2020,Standard Class,SC-20770,Stewart Carmichael,Corporate,United States,Dallas,Texas,Central,OFF-BI-10003291,Office Supplies,Binders,Wilson Jones Leather-Like Binders with DublLock Round Rings,110.222,7,-20.1663,Online
9293,CA-2020-124114,02-03-2020,02-03-2020,Same Day,RS-19765,Roland Schwarz,Corporate,United States,Waco,Texas,Central,OFF-BI-10004022,Office Supplies,Binders,Acco Suede Grain Vinyl Round Ring Binder,118.556,1,-0.9452,COD
1770,CA-2020-146024,02-03-2020,08-03-2020,Standard Class,SC-20770,Stewart Carmichael,Corporate,United States,Dallas,Texas,Central,OFF-SU-10001935,Office Supplies,Supplies,Staple remover,94.976,4,-1.3952,COD
7861,CA-2020-152261,02-03-2020,06-03-2020,Standard Class,JA-15970,Joseph Airdo,Consumer,United States,Cuyahoga Falls,Ohio,East,OFF-BI-10002353,Office Supplies,Binders,GBC VeloBind Cover Sets,93.528,4,-12.352,Online
7639,CA-2020-104885,02-03-2020,08-03-2020,Standard Class,DB-13555,Dorothy Badders,Corporate,United States,Newark,Delaware,East,OFF-EN-10003286,Office Supplies,Envelopes,Staple envelope,156.96,7,27.2412,Online
7638,CA-2020-104885,02-03-2020,08-03-2020,Standard Class,DB-13555,Dorothy Badders,Corporate,United States,Newark,Delaware,East,OFF-AR-10001615,Office Supplies,Art,Newell 34,134.52,3,15.4752,COD
1323,CA-2020-121804,03-03-2020,08-03-2020,Standard Class,LP-17095,Liz Preis,Consumer,United States,Murray,Kentucky,South,OFF-AP-10004859,Office Supplies,Appliances,Acco 6 Outlet Guardian Premium Surge Suppressor,110.8,5,19.656,COD
3475,CA-2020-111815,03-03-2020,10-03-2020,Standard Class,EP-13915,Emily Phan,Consumer,United States,Dearborn Heights,Michigan,Central,TEC-AC-10002926,Technology,Accessories,Logitech Wireless Marathon Mouse M705,125.98,2,42.9914,Online
6577,CA-2020-123085,03-03-2020,08-03-2020,Standard Class,EJ-13720,Ed Jacobs,Consumer,United States,Los Angeles,California,West,FUR-CH-10003968,Furniture,Chairs,Novimex Turbo Task Chair,185.352,3,-17.0352,Online
3474,CA-2020-111815,03-03-2020,10-03-2020,Standard Class,EP-13915,Emily Phan,Consumer,United States,Dearborn Heights,Michigan,Central,FUR-CH-10000785,Furniture,Chairs,Global Ergonomic Managers Chair,227.98,1,47.0548,Online
8619,CA-2020-117513,03-03-2020,08-03-2020,Standard Class,BT-11395,Bill Tyler,Corporate,United States,Los Angeles,California,West,FUR-TA-10001520,Furniture,Tables,"Lesro Sheffield Collection Coffee Table, End Table, Center Table, Corner Table",426.672,7,-14.9877,COD
3062,CA-2020-127621,03-03-2020,07-03-2020,Standard Class,RE-19450,Richard Eichhorn,Consumer,United States,Dallas,Texas,Central,OFF-PA-10001307,Office Supplies,Paper,"Important Message Pads, 50 4-1/4 x 5-1/2 Forms per Pad",100.88,8,9.744,COD
5296,CA-2020-142174,04-03-2020,09-03-2020,Standard Class,DP-13000,Darren Powers,Consumer,United States,Houston,Texas,Central,OFF-PA-10000806,Office Supplies,Paper,Xerox 1934,134.568,2,32.4684,Online
421,CA-2020-110478,04-03-2020,09-03-2020,Standard Class,SP-20860,Sung Pak,Corporate,United States,Los Angeles,California,West,OFF-EN-10000483,Office Supplies,Envelopes,"White Envelopes, White Envelopes with Clear Poly Window",93.25,1,7.015,Online
6448,US-2020-119816,04-03-2020,06-03-2020,Second Class,TT-21460,Tonja Turnell,Home Office,United States,Houston,Texas,Central,OFF-LA-10002381,Office Supplies,Labels,Avery 497,124.464,1,0.8624,COD
6449,US-2020-119816,04-03-2020,06-03-2020,Second Class,TT-21460,Tonja Turnell,Home Office,United States,Houston,Texas,Central,OFF-ST-10000918,Office Supplies,Storage,Crate-A-Files,123.72,1,0.654,Online
420,CA-2020-110478,04-03-2020,09-03-2020,Standard Class,SP-20860,Sung Pak,Corporate,United States,Los Angeles,California,West,OFF-AR-10001573,Office Supplies,Art,American Pencil,122.32,4,2.7028,Online
4744,CA-2020-168123,05-03-2020,05-03-2020,Same Day,JD-16060,Julia Dunbar,Consumer,United States,Rochester,Minnesota,Central,OFF-FA-10002763,Office Supplies,Fasteners,Advantus Map Pennant Flags and Round Head Tacks,112.9,2,2.528,COD
3813,CA-2020-147753,05-03-2020,05-03-2020,Same Day,PK-19075,Pete Kriz,Consumer,United States,Milwaukee,Wisconsin,Central,OFF-LA-10003537,Office Supplies,Labels,Avery 515,114.06,2,11.7782,Cards
4747,CA-2020-168123,05-03-2020,05-03-2020,Same Day,JD-16060,Julia Dunbar,Consumer,United States,Rochester,Minnesota,Central,OFF-BI-10001097,Office Supplies,Binders,Avery Hole Reinforcements,148.69,3,9.1581,COD
5949,CA-2020-161046,05-03-2020,05-03-2020,Same Day,CB-12535,Claudia Bergmann,Corporate,United States,Southaven,Mississippi,South,OFF-EN-10003862,Office Supplies,Envelopes,Laser & Ink Jet Business Envelopes,130.68,4,19.6328,COD
6515,CA-2020-167640,06-03-2020,10-03-2020,Standard Class,FC-14245,Frank Carlisle,Home Office,United States,San Francisco,California,West,TEC-PH-10001336,Technology,Phones,Digium D40 VoIP phone,253.384,2,23.2182,Online
9312,CA-2020-148642,06-03-2020,12-03-2020,Standard Class,DW-13540,Don Weiss,Consumer,United States,Dallas,Texas,Central,OFF-LA-10000134,Office Supplies,Labels,Avery 511,73.928,2,1.7248,Online
6513,CA-2020-167640,06-03-2020,10-03-2020,Standard Class,FC-14245,Frank Carlisle,Home Office,United States,San Francisco,California,West,OFF-LA-10004559,Office Supplies,Labels,Avery 49,127.52,4,5.6448,COD
3735,CA-2020-168193,06-03-2020,11-03-2020,Second Class,RM-19750,Roland Murray,Consumer,United States,New York City,New York,East,OFF-PA-10002254,Office Supplies,Paper,Xerox 1883,132.38,1,12.1348,Online
4180,US-2020-119039,06-03-2020,10-03-2020,Standard Class,BF-11170,Ben Ferrer,Home Office,United States,San Francisco,California,West,OFF-BI-10004182,Office Supplies,Binders,Economy Binders,112.976,9,5.4288,Cards
6512,CA-2020-167640,06-03-2020,10-03-2020,Standard Class,FC-14245,Frank Carlisle,Home Office,United States,San Francisco,California,West,OFF-AR-10003158,Office Supplies,Art,Fluorescent Highlighters by Dixon,117.88,6,8.1192,Cards
9313,CA-2020-148642,06-03-2020,12-03-2020,Standard Class,DW-13540,Don Weiss,Consumer,United States,Dallas,Texas,Central,OFF-AR-10000588,Office Supplies,Art,Newell 345,165.488,4,4.7616,Online
3736,CA-2020-168193,06-03-2020,11-03-2020,Second Class,RM-19750,Roland Murray,Consumer,United States,New York City,New York,East,FUR-FU-10002554,Furniture,Furnishings,"Westinghouse Floor Lamp with Metal Mesh Shade, Black",153.97,3,16.5531,Online
5151,CA-2020-125101,06-03-2020,10-03-2020,Second Class,SH-19975,Sally Hughsby,Corporate,United States,San Francisco,California,West,OFF-ST-10000675,Office Supplies,Storage,"File Shuttle II and Handi-File, Black",165.78,2,16.945,Cards
4904,CA-2020-110884,07-03-2020,12-03-2020,Standard Class,SH-20395,Shahid Hopkins,Consumer,United States,New York City,New York,East,OFF-LA-10003510,Office Supplies,Labels,"Avery 4027 File Folder Labels for Dot Matrix Printers, 5000 Labels per Box, White",106.59,3,42.1314,COD
4903,CA-2020-110884,07-03-2020,12-03-2020,Standard Class,SH-20395,Shahid Hopkins,Consumer,United States,New York City,New York,East,OFF-BI-10003669,Office Supplies,Binders,3M Organizer Strips,133.92,6,9.072,Online
1372,CA-2020-136672,07-03-2020,12-03-2020,Standard Class,MG-17890,Michael Granlund,Home Office,United States,Clinton,Maryland,East,TEC-AC-10004510,Technology,Accessories,Logitech Desktop MK120 Mouse and keyboard Combo,134.08,3,4.908,COD
4885,CA-2020-104080,08-03-2020,15-03-2020,Standard Class,AH-10210,Alan Hwang,Consumer,United States,Anaheim,California,West,OFF-AR-10001972,Office Supplies,Art,Newell 323,77.36,2,0.8736,Online
361,CA-2020-155698,08-03-2020,11-03-2020,First Class,VB-21745,Victoria Brennan,Corporate,United States,Columbus,Georgia,South,OFF-LA-10001158,Office Supplies,Labels,"Avery Address/Shipping Labels for Typewriters, 4"" x 2""",111.7,2,9.936,COD
8541,CA-2020-147354,09-03-2020,13-03-2020,Standard Class,KB-16315,Karl Braun,Consumer,United States,Los Angeles,California,West,OFF-BI-10003910,Office Supplies,Binders,DXL Angle-View Binders with Locking Rings by Samsill,112.84,5,9.6375,Online
6689,CA-2020-140494,10-03-2020,15-03-2020,Second Class,CM-11815,Candace McMahon,Corporate,United States,San Francisco,California,West,TEC-AC-10004568,Technology,Accessories,Maxell LTO Ultrium - 800 GB,123.96,4,21.2724,Online
1256,CA-2020-144638,10-03-2020,14-03-2020,Standard Class,MH-18115,Mick Hernandez,Home Office,United States,Chester,Pennsylvania,East,FUR-FU-10003724,Furniture,Furnishings,Westinghouse Clip-On Gooseneck Lamps,81.696,1,0.5022,COD
4998,CA-2020-155824,10-03-2020,15-03-2020,Standard Class,KS-16300,Karen Seio,Corporate,United States,Raleigh,North Carolina,South,OFF-BI-10000014,Office Supplies,Binders,Heavy-Duty E-Z-D Binders,112.092,4,-10.0372,Cards
1254,CA-2020-144638,10-03-2020,14-03-2020,Standard Class,MH-18115,Mick Hernandez,Home Office,United States,Chester,Pennsylvania,East,OFF-AR-10003958,Office Supplies,Art,Newell 337,128.248,2,0.5904,COD
1255,CA-2020-144638,10-03-2020,14-03-2020,Standard Class,MH-18115,Mick Hernandez,Home Office,United States,Chester,Pennsylvania,East,TEC-PH-10000149,Technology,Phones,Cisco SPA525G2 IP Phone - Wireless,128.91,3,-8.379,Cards
4294,CA-2020-130967,10-03-2020,16-03-2020,Standard Class,EB-13870,Emily Burns,Consumer,United States,Philadelphia,Pennsylvania,East,TEC-PH-10004896,Technology,Phones,Nokia Lumia 521 (T-Mobile),136.982,3,-10.7964,Online
1257,CA-2020-144638,10-03-2020,14-03-2020,Standard Class,MH-18115,Mick Hernandez,Home Office,United States,Chester,Pennsylvania,East,FUR-FU-10003535,Furniture,Furnishings,Howard Miller Distant Time Traveler Alarm Clock,150.872,2,11.5164,Online
4997,CA-2020-155824,10-03-2020,15-03-2020,Standard Class,KS-16300,Karen Seio,Corporate,United States,Raleigh,North Carolina,South,OFF-AP-10000390,Office Supplies,Appliances,Euro Pro Shark Stick Mini Vacuum,141.784,1,3.6588,Online
8043,US-2020-133081,11-03-2020,15-03-2020,Standard Class,PV-18985,Paul Van Hugh,Home Office,United States,Cambridge,Massachusetts,East,TEC-AC-10001772,Technology,Accessories,Memorex Mini Travel Drive 16 GB USB 2.0 Flash Drive,108.88,4,24.9132,COD
7145,US-2020-141558,11-03-2020,16-03-2020,Standard Class,MH-17290,Marc Harrigan,Home Office,United States,Philadelphia,Pennsylvania,East,OFF-BI-10002794,Office Supplies,Binders,"Avery Trapezoid Ring Binder, 3"" Capacity, Black, 1040 sheets",107.294,1,-8.6058,COD
8044,US-2020-133081,11-03-2020,15-03-2020,Standard Class,PV-18985,Paul Van Hugh,Home Office,United States,Cambridge,Massachusetts,East,FUR-FU-10001379,Furniture,Furnishings,"Executive Impressions 16-1/2"" Circular Wall Clock",132.72,1,11.7568,Online
7147,US-2020-141558,11-03-2020,16-03-2020,Standard Class,MH-17290,Marc Harrigan,Home Office,United States,Philadelphia,Pennsylvania,East,OFF-ST-10004946,Office Supplies,Storage,Desktop 3-Pocket Hot File,145.28,1,3.246,Cards
3188,CA-2020-159352,12-03-2020,17-03-2020,Standard Class,KB-16585,Ken Black,Corporate,United States,Lowell,Massachusetts,East,TEC-PH-10004700,Technology,Phones,PowerGen Dual USB Car Charger,102.93,7,32.1678,Cards
4636,CA-2020-116288,12-03-2020,17-03-2020,Standard Class,BS-11380,Bill Stewart,Corporate,United States,San Francisco,California,West,OFF-ST-10000736,Office Supplies,Storage,Carina Double Wide Media Storage Towers in Natural & Black,273.94,3,9.7176,Online
5387,CA-2020-152786,12-03-2020,17-03-2020,Standard Class,GA-14725,Guy Armstrong,Consumer,United States,Rogers,Arkansas,South,OFF-BI-10000829,Office Supplies,Binders,Avery Non-Stick Binders,122.41,9,18.5886,COD
3065,CA-2020-106859,13-03-2020,18-03-2020,Second Class,BF-11215,Benjamin Farhat,Home Office,United States,Albuquerque,New Mexico,West,OFF-ST-10000615,Office Supplies,Storage,"SimpliFile Personal File, Black Granite, 15w x 6-15/16d x 11-1/4h",105.8,8,25.424,COD
5568,CA-2020-157966,13-03-2020,13-03-2020,Same Day,SU-20665,Stephanie Ulpright,Home Office,United States,Chicago,Illinois,Central,FUR-CH-10003606,Furniture,Chairs,SAFCO Folding Chair Trolley,139.768,1,-2.5648,COD
3066,CA-2020-106859,13-03-2020,18-03-2020,Second Class,BF-11215,Benjamin Farhat,Home Office,United States,Albuquerque,New Mexico,West,TEC-PH-10004531,Technology,Phones,OtterBox Commuter Series Case - iPhone 5 & 5s,190.736,8,49.2576,Online
5566,CA-2020-157966,13-03-2020,13-03-2020,Same Day,SU-20665,Stephanie Ulpright,Home Office,United States,Chicago,Illinois,Central,TEC-MA-10002109,Technology,Machines,"HP Officejet Pro 8600 e-All-In-One Printer, Copier, Scanner, Fax",228.986,2,8.9994,COD
9392,CA-2020-162474,13-03-2020,16-03-2020,First Class,FH-14275,Frank Hawley,Corporate,United States,Aurora,Illinois,Central,TEC-PH-10004700,Technology,Phones,PowerGen Dual USB Car Charger,116.992,1,2.5974,Cards
5570,CA-2020-157966,13-03-2020,13-03-2020,Same Day,SU-20665,Stephanie Ulpright,Home Office,United States,Chicago,Illinois,Central,OFF-PA-10001934,Office Supplies,Paper,Xerox 1993,122.552,3,5.6376,Cards
5565,CA-2020-157966,13-03-2020,13-03-2020,Same Day,SU-20665,Stephanie Ulpright,Home Office,United States,Chicago,Illinois,Central,OFF-AR-10000799,Office Supplies,Art,Col-Erase Pencils with Erasers,134.456,4,2.1888,Cards
5571,CA-2020-157966,13-03-2020,13-03-2020,Same Day,SU-20665,Stephanie Ulpright,Home Office,United States,Chicago,Illinois,Central,TEC-PH-10001527,Technology,Phones,Plantronics MX500i Earset,130.36,1,-7.3015,Cards
5567,CA-2020-157966,13-03-2020,13-03-2020,Same Day,SU-20665,Stephanie Ulpright,Home Office,United States,Chicago,Illinois,Central,OFF-AR-10003338,Office Supplies,Art,"Eberhard Faber 3 1/2"" Golf Pencils",144.76,5,1.86,Cards
3068,CA-2020-106859,13-03-2020,18-03-2020,Second Class,BF-11215,Benjamin Farhat,Home Office,United States,Albuquerque,New Mexico,West,OFF-PA-10001534,Office Supplies,Paper,Xerox 230,124.36,7,21.7728,Cards
7231,CA-2020-153843,13-03-2020,15-03-2020,First Class,SC-20380,Shahid Collister,Consumer,United States,Fairfield,Connecticut,East,OFF-BI-10002353,Office Supplies,Binders,GBC VeloBind Cover Sets,139.88,2,15.44,COD
7233,CA-2020-153843,13-03-2020,15-03-2020,First Class,SC-20380,Shahid Collister,Consumer,United States,Fairfield,Connecticut,East,OFF-PA-10003673,Office Supplies,Paper,Strathmore Photo Mount Cards,160.12,4,12.4752,Cards
8440,CA-2020-114370,14-03-2020,17-03-2020,Second Class,BN-11470,Brad Norvell,Corporate,United States,Chicago,Illinois,Central,TEC-PH-10000213,Technology,Phones,Seidio BD2-HK3IPH5-BK DILEX Case and Holster Combo for Apple iPhone 5/5s - Black,121.616,2,4.9616,COD
8528,CA-2020-161172,16-03-2020,16-03-2020,Same Day,SP-20920,Susan Pistek,Consumer,United States,Columbus,Ohio,East,TEC-AC-10004571,Technology,Accessories,Logitech G700s Rechargeable Gaming Mouse,197.984,2,43.9956,Cards
9740,CA-2020-129294,16-03-2020,21-03-2020,Standard Class,KD-16615,Ken Dana,Corporate,United States,Los Angeles,California,West,OFF-BI-10001757,Office Supplies,Binders,Pressboard Hanging Data Binders for Unburst Sheets,85.68,5,6.888,Cards
1929,US-2020-101539,16-03-2020,18-03-2020,Second Class,VM-21685,Valerie Mitchum,Home Office,United States,Seattle,Washington,West,OFF-PA-10001972,Office Supplies,Paper,Xerox 214,116.48,1,3.1104,Cards
8527,CA-2020-161172,16-03-2020,16-03-2020,Same Day,SP-20920,Susan Pistek,Consumer,United States,Columbus,Ohio,East,OFF-BI-10004654,Office Supplies,Binders,Avery Binding System Hidden Tab Executive Style Index Sets,125.193,3,-3.462,Online
1930,US-2020-101539,16-03-2020,18-03-2020,Second Class,VM-21685,Valerie Mitchum,Home Office,United States,Seattle,Washington,West,OFF-ST-10004180,Office Supplies,Storage,Safco Commercial Shelving,141.51,1,1.8604,COD
8525,CA-2020-161172,16-03-2020,16-03-2020,Same Day,SP-20920,Susan Pistek,Consumer,United States,Columbus,Ohio,East,TEC-PH-10004348,Technology,Phones,OtterBox Defender Series Case - iPhone 5c,128.376,2,-7.396,Online
8529,CA-2020-161172,16-03-2020,16-03-2020,Same Day,SP-20920,Susan Pistek,Consumer,United States,Columbus,Ohio,East,OFF-ST-10000675,Office Supplies,Storage,"File Shuttle II and Handi-File, Black",169.224,2,3.389,Cards
9739,CA-2020-129294,16-03-2020,21-03-2020,Standard Class,KD-16615,Ken Dana,Corporate,United States,Los Angeles,California,West,OFF-BI-10004236,Office Supplies,Binders,"XtraLife ClearVue Slant-D Ring Binder, White, 3""",136.464,6,22.9008,Cards
8526,CA-2020-161172,16-03-2020,16-03-2020,Same Day,SP-20920,Susan Pistek,Consumer,United States,Columbus,Ohio,East,FUR-FU-10003424,Furniture,Furnishings,Nu-Dell Oak Frame,168.264,6,7.6896,COD
2454,CA-2020-140949,17-03-2020,22-03-2020,Second Class,DB-13405,Denny Blanton,Consumer,United States,New York City,New York,East,TEC-AC-10002399,Technology,Accessories,SanDisk Cruzer 32 GB USB Flash Drive,104.06,3,18.2592,Online
2456,CA-2020-140949,17-03-2020,22-03-2020,Second Class,DB-13405,Denny Blanton,Consumer,United States,New York City,New York,East,OFF-ST-10000344,Office Supplies,Storage,"Neat Ideas Personal Hanging Folder Files, Black",127.44,8,27.9344,COD
2452,CA-2020-140949,17-03-2020,22-03-2020,Second Class,DB-13405,Denny Blanton,Consumer,United States,New York City,New York,East,TEC-PH-10000149,Technology,Phones,Cisco SPA525G2 IP Phone - Wireless,144.7,6,31.122,Cards
3380,CA-2020-142867,17-03-2020,21-03-2020,Standard Class,PO-19180,Philisse Overcash,Home Office,United States,Houston,Texas,Central,OFF-PA-10004610,Office Supplies,Paper,Xerox 1900,119.272,3,3.21,Online
2457,CA-2020-140949,17-03-2020,22-03-2020,Second Class,DB-13405,Denny Blanton,Consumer,United States,New York City,New York,East,OFF-LA-10004093,Office Supplies,Labels,Avery 486,124.31,1,3.4357,Online
3379,CA-2020-142867,17-03-2020,21-03-2020,Standard Class,PO-19180,Philisse Overcash,Home Office,United States,Houston,Texas,Central,OFF-BI-10003166,Office Supplies,Binders,GBC Plasticlear Binding Covers,119.776,6,-22.0416,Cards
787,CA-2020-129567,17-03-2020,21-03-2020,Second Class,CL-12565,Clay Ludtke,Consumer,United States,Lancaster,California,West,OFF-BI-10000014,Office Supplies,Binders,Heavy-Duty E-Z-D Binders,124.456,2,5.8914,Online
8785,US-2020-129224,17-03-2020,23-03-2020,Standard Class,AS-10630,Ann Steele,Home Office,United States,Knoxville,Tennessee,South,OFF-LA-10003190,Office Supplies,Labels,Avery 474,127.608,2,1.6704,Online
2451,CA-2020-140949,17-03-2020,22-03-2020,Second Class,DB-13405,Denny Blanton,Consumer,United States,New York City,New York,East,OFF-LA-10000081,Office Supplies,Labels,Avery 496,98.75,5,9.0,COD
2453,CA-2020-140949,17-03-2020,22-03-2020,Second Class,DB-13405,Denny Blanton,Consumer,United States,New York City,New York,East,OFF-BI-10000605,Office Supplies,Binders,"Acco Pressboard Covers with Storage Hooks, 9 1/2"" x 11"", Executive Red",146.144,3,3.0861,Online
2459,CA-2020-140949,17-03-2020,22-03-2020,Second Class,DB-13405,Denny Blanton,Consumer,United States,New York City,New York,East,OFF-ST-10003455,Office Supplies,Storage,"Tenex File Box, Personal Filing Tote with Lid, Black",137.53,3,12.0978,COD
2458,CA-2020-140949,17-03-2020,22-03-2020,Second Class,DB-13405,Denny Blanton,Consumer,United States,New York City,New York,East,OFF-AR-10001683,Office Supplies,Art,Lumber Crayons,125.1,6,22.458,Cards
2455,CA-2020-140949,17-03-2020,22-03-2020,Second Class,DB-13405,Denny Blanton,Consumer,United States,New York City,New York,East,TEC-AC-10003038,Technology,Accessories,Kingston Digital DataTraveler 16GB USB 2.0,134.6,8,13.604,COD
9122,CA-2020-122007,18-03-2020,20-03-2020,Second Class,JK-15325,Jason Klamczynski,Corporate,United States,Los Angeles,California,West,OFF-AP-10000358,Office Supplies,Appliances,Fellowes Basic Home/Office Series Surge Protectors,136.86,7,26.3494,COD
677,US-2020-119438,18-03-2020,23-03-2020,Standard Class,CD-11980,Carol Darley,Consumer,United States,Tyler,Texas,Central,OFF-AP-10000804,Office Supplies,Appliances,Hoover Portapower Portable Vacuum,82.688,3,-7.392,COD
9014,CA-2020-143084,18-03-2020,22-03-2020,Standard Class,BP-11050,Barry Pond,Corporate,United States,Los Angeles,California,West,OFF-AR-10002766,Office Supplies,Art,Prang Drawing Pencil Set,108.9,5,3.753,COD
3707,CA-2020-160087,18-03-2020,22-03-2020,Standard Class,EN-13780,Edward Nazzal,Consumer,United States,Dallas,Texas,Central,OFF-AR-10001915,Office Supplies,Art,Peel-Off China Markers,119.832,3,6.5538,Cards
9015,CA-2020-143084,18-03-2020,22-03-2020,Standard Class,BP-11050,Barry Pond,Corporate,United States,Los Angeles,California,West,OFF-EN-10003072,Office Supplies,Envelopes,Peel & Seel Envelopes,143.4,5,9.312,Cards
8726,CA-2020-148145,18-03-2020,23-03-2020,Standard Class,SW-20275,Scott Williamson,Consumer,United States,Seattle,Washington,West,OFF-AR-10003752,Office Supplies,Art,Deluxe Chalkboard Eraser Cleaner,112.2,4,21.252,COD
678,US-2020-119438,18-03-2020,23-03-2020,Standard Class,CD-11980,Carol Darley,Consumer,United States,Tyler,Texas,Central,TEC-AC-10003614,Technology,Accessories,"Verbatim 25 GB 6x Blu-ray Single Layer Recordable Disc, 10/Pack",153.816,3,4.5201,Cards
4345,CA-2020-105410,19-03-2020,22-03-2020,First Class,ND-18370,Natalie DeCherney,Consumer,United States,San Francisco,California,West,TEC-AC-10001552,Technology,Accessories,Logitech K350 2.4Ghz Wireless Keyboard,147.54,2,10.9494,COD
9890,CA-2020-166499,19-03-2020,20-03-2020,First Class,VG-21805,Vivek Grady,Corporate,United States,Lakewood,New Jersey,East,OFF-AR-10002467,Office Supplies,Art,Dixon Ticonderoga Pencils,90.94,3,2.4138,COD
5230,CA-2020-124436,19-03-2020,22-03-2020,Second Class,SA-20830,Sue Ann Reed,Consumer,United States,Fresno,California,West,OFF-BI-10001553,Office Supplies,Binders,SpineVue Locking Slant-D Ring Binders by Cardinal,128.624,2,5.1184,Online
5232,CA-2020-124436,19-03-2020,22-03-2020,Second Class,SA-20830,Sue Ann Reed,Consumer,United States,Fresno,California,West,FUR-FU-10001185,Furniture,Furnishings,"Advantus Employee of the Month Certificate Frame, 11 x 13-1/2",129.93,1,12.6813,COD
4343,CA-2020-105410,19-03-2020,22-03-2020,First Class,ND-18370,Natalie DeCherney,Consumer,United States,San Francisco,California,West,OFF-BI-10004970,Office Supplies,Binders,"ACCOHIDE 3-Ring Binder, Blue, 1""",97.824,6,6.6906,Online
5233,CA-2020-124436,19-03-2020,22-03-2020,Second Class,SA-20830,Sue Ann Reed,Consumer,United States,Fresno,California,West,OFF-BI-10000343,Office Supplies,Binders,"Pressboard Covers with Storage Hooks, 9 1/2"" x 11"", Light Blue",153.496,7,9.2799,COD
1477,US-2020-104955,19-03-2020,24-03-2020,Standard Class,CG-12040,Catherine Glotzbach,Home Office,United States,New York City,New York,East,OFF-LA-10003121,Office Supplies,Labels,Avery 506,153.91,7,13.2986,COD
8155,US-2020-143770,20-03-2020,24-03-2020,Standard Class,RD-19720,Roger Demir,Consumer,United States,Middletown,Connecticut,East,TEC-AC-10002842,Technology,Accessories,WD My Passport Ultra 2TB Portable External Hard Drive,252.0,2,38.08,COD
447,CA-2020-154214,20-03-2020,25-03-2020,Second Class,TB-21595,Troy Blackwell,Consumer,United States,Columbus,Indiana,Central,FUR-FU-10000206,Furniture,Furnishings,"GE General Purpose, Extra Long Life, Showcase & Floodlight Incandescent Bulbs",134.91,1,1.3677,Cards
8156,US-2020-143770,20-03-2020,24-03-2020,Standard Class,RD-19720,Roger Demir,Consumer,United States,Middletown,Connecticut,East,OFF-PA-10001125,Office Supplies,Paper,Xerox 1988,145.96,2,27.882,Cards
8998,CA-2020-122763,20-03-2020,20-03-2020,Same Day,HG-14845,Harry Greene,Consumer,United States,Houston,Texas,Central,OFF-PA-10000474,Office Supplies,Paper,Easy-staple paper,169.704,2,19.1376,Online
8377,CA-2020-156272,21-03-2020,27-03-2020,Standard Class,PW-19030,Pauline Webber,Corporate,United States,Pompano Beach,Florida,South,OFF-AP-10001242,Office Supplies,Appliances,APC 7 Outlet Network SurgeArrest Surge Protector,100.384,1,8.048,COD
9365,CA-2020-111591,21-03-2020,25-03-2020,Standard Class,PS-18970,Paul Stevenson,Home Office,United States,Seattle,Washington,West,OFF-ST-10001809,Office Supplies,Storage,Fellowes Officeware Wire Shelving,397.32,4,7.1864,Online
2334,CA-2020-169285,21-03-2020,25-03-2020,Standard Class,RW-19690,Robert Waldorf,Consumer,United States,Lafayette,Indiana,Central,OFF-PA-10004971,Office Supplies,Paper,Xerox 196,108.78,1,2.8322,Cards
5348,CA-2020-108539,21-03-2020,23-03-2020,Second Class,SC-20725,Steven Cartwright,Consumer,United States,Los Angeles,California,West,OFF-BI-10001031,Office Supplies,Binders,Pressboard Data Binders by Wilson Jones,116.544,2,2.8836,COD
9363,CA-2020-111591,21-03-2020,25-03-2020,Standard Class,PS-18970,Paul Stevenson,Home Office,United States,Seattle,Washington,West,OFF-FA-10004838,Office Supplies,Fasteners,"Super Bands, 12/Pack",106.02,7,0.3906,Online
9364,CA-2020-111591,21-03-2020,25-03-2020,Standard Class,PS-18970,Paul Stevenson,Home Office,United States,Seattle,Washington,West,FUR-FU-10002364,Furniture,Furnishings,"Eldon Expressions Wood Desk Accessories, Oak",119.14,3,6.4206,Cards
5347,CA-2020-108539,21-03-2020,23-03-2020,Second Class,SC-20725,Steven Cartwright,Consumer,United States,Los Angeles,California,West,OFF-BI-10003981,Office Supplies,Binders,"Avery Durable Plastic 1"" Binders",129.896,3,3.9498,COD
8825,CA-2020-117156,21-03-2020,23-03-2020,Second Class,TB-21055,Ted Butterfield,Consumer,United States,Reading,Pennsylvania,East,OFF-EN-10003845,Office Supplies,Envelopes,Colored Envelopes,118.856,3,2.8782,Cards
9362,CA-2020-111591,21-03-2020,25-03-2020,Standard Class,PS-18970,Paul Stevenson,Home Office,United States,Seattle,Washington,West,OFF-BI-10004410,Office Supplies,Binders,"C-Line Peel & Stick Add-On Filing Pockets, 8-3/4 x 5-1/8, 10/Pack",127.576,6,10.3194,Online
5021,CA-2020-136511,23-03-2020,25-03-2020,Second Class,MZ-17515,Mary Zewe,Corporate,United States,New York City,New York,East,OFF-SU-10003505,Office Supplies,Supplies,Premier Electric Letter Opener,366.58,3,17.379,COD
8153,CA-2020-140151,23-03-2020,25-03-2020,First Class,RB-19360,Raymond Buch,Consumer,United States,Seattle,Washington,West,OFF-PA-10002986,Office Supplies,Paper,Xerox 1898,126.04,3,9.6192,COD
3105,US-2020-140074,23-03-2020,29-03-2020,Standard Class,EC-14050,Erin Creighton,Consumer,United States,New York City,New York,East,OFF-PA-10002741,Office Supplies,Paper,Xerox 1980,134.68,6,11.556,COD
8152,CA-2020-140151,23-03-2020,25-03-2020,First Class,RB-19360,Raymond Buch,Consumer,United States,Seattle,Washington,West,OFF-ST-10001558,Office Supplies,Storage,Acco Perma 4000 Stacking Storage Drawers,139.48,2,4.872,Cards
5645,CA-2020-120719,23-03-2020,26-03-2020,First Class,SJ-20125,Sanjit Jacobs,Home Office,United States,Seattle,Washington,West,OFF-BI-10002103,Office Supplies,Binders,"Cardinal Slant-D Ring Binder, Heavy Gauge Vinyl",145.76,5,11.297,Online
7800,CA-2020-166184,24-03-2020,27-03-2020,First Class,HR-14830,Harold Ryan,Corporate,United States,New York City,New York,East,FUR-CH-10003396,Furniture,Chairs,Global Deluxe Steno Chair,235.846,3,2.3094,COD
9530,CA-2020-101637,24-03-2020,25-03-2020,Same Day,AC-10615,Ann Chong,Corporate,United States,Beaumont,Texas,Central,OFF-ST-10002352,Office Supplies,Storage,Iris Project Case,113.768,2,0.9576,Online
2105,CA-2020-167101,24-03-2020,28-03-2020,Second Class,BM-11650,Brian Moss,Corporate,United States,New York City,New York,East,TEC-AC-10001266,Technology,Accessories,Memorex Micro Travel Drive 8 GB,106.0,2,11.7,Cards
7798,CA-2020-166184,24-03-2020,27-03-2020,First Class,HR-14830,Harold Ryan,Corporate,United States,New York City,New York,East,OFF-EN-10004483,Office Supplies,Envelopes,"#10 White Business Envelopes,4 1/8 x 9 1/2",152.01,3,22.0947,COD
2941,CA-2020-155880,25-03-2020,31-03-2020,Standard Class,JD-16150,Justin Deggeller,Corporate,United States,Milwaukee,Wisconsin,Central,FUR-CH-10000422,Furniture,Chairs,Global Highback Leather Tilter in Burgundy,140.99,1,14.5584,Cards
2383,US-2020-117534,25-03-2020,26-03-2020,First Class,CV-12295,Christina VanderZanden,Consumer,United States,Fresno,California,West,OFF-AP-10002403,Office Supplies,Appliances,Acco Smartsocket Color-Coded Six-Outlet AC Adapter Model Surge Protectors,223.04,4,45.7704,Online
2386,US-2020-117534,25-03-2020,26-03-2020,First Class,CV-12295,Christina VanderZanden,Consumer,United States,Fresno,California,West,TEC-PH-10000141,Technology,Phones,Clearsounds A400,234.168,4,15.8376,COD
2943,CA-2020-155880,25-03-2020,31-03-2020,Standard Class,JD-16150,Justin Deggeller,Corporate,United States,Milwaukee,Wisconsin,Central,FUR-CH-10002880,Furniture,Chairs,"Global High-Back Leather Tilter, Burgundy",406.97,3,40.5867,COD
1877,CA-2020-112039,25-03-2020,29-03-2020,Standard Class,JC-15775,John Castell,Consumer,United States,San Antonio,Texas,Central,TEC-PH-10000984,Technology,Phones,Panasonic KX-TG9471B,511.376,3,47.0376,Cards
3391,CA-2020-101077,25-03-2020,30-03-2020,Second Class,DB-13660,Duane Benoit,Consumer,United States,Dallas,Texas,Central,OFF-PA-10004239,Office Supplies,Paper,Xerox 1953,89.848,2,2.14,COD
5608,CA-2020-105193,25-03-2020,31-03-2020,Standard Class,JL-15835,John Lee,Consumer,United States,New York City,New York,East,OFF-AR-10001547,Office Supplies,Art,Newell 311,123.05,5,2.9835,COD
4932,CA-2020-143651,25-03-2020,30-03-2020,Standard Class,FM-14215,Filia McAdams,Corporate,United States,Seattle,Washington,West,OFF-AR-10001446,Office Supplies,Art,Newell 309,102.1,2,6.93,Cards
2384,US-2020-117534,25-03-2020,26-03-2020,First Class,CV-12295,Christina VanderZanden,Consumer,United States,Fresno,California,West,OFF-AR-10003087,Office Supplies,Art,Staples in misc. colors,117.02,9,4.4856,COD
5638,CA-2020-113208,26-03-2020,02-04-2020,Standard Class,ML-18040,Michelle Lonsdale,Corporate,United States,Dearborn,Michigan,Central,FUR-FU-10004245,Furniture,Furnishings,"Career Cubicle Clock, 8 1/4"", Black",105.84,3,23.1192,Cards
7175,US-2020-141677,26-03-2020,30-03-2020,Standard Class,HK-14890,Heather Kirkland,Corporate,United States,Houston,Texas,Central,OFF-PA-10002581,Office Supplies,Paper,Xerox 1951,116.352,3,23.235,Online
1862,US-2020-121251,26-03-2020,27-03-2020,First Class,GM-14440,Gary McGarr,Consumer,United States,New York City,New York,East,TEC-PH-10004896,Technology,Phones,Nokia Lumia 521 (T-Mobile),167.96,4,33.5888,COD
7173,US-2020-141677,26-03-2020,30-03-2020,Standard Class,HK-14890,Heather Kirkland,Corporate,United States,Houston,Texas,Central,TEC-AC-10000158,Technology,Accessories,Sony 64GB Class 10 Micro SDHC R40 Memory Card,168.96,5,1.7995,Cards
4239,CA-2020-147144,26-03-2020,28-03-2020,First Class,MZ-17335,Maria Zettner,Home Office,United States,Seattle,Washington,West,OFF-AR-10004587,Office Supplies,Art,"Boston 1827 Commercial Additional Cutter, Drive Gear & Gear Rack for 1606",103.83,1,5.949,Online
6131,CA-2020-162033,26-03-2020,02-04-2020,Standard Class,EM-14200,Evan Minnotte,Home Office,United States,Virginia Beach,Virginia,South,OFF-FA-10003021,Office Supplies,Fasteners,Staples,106.76,2,1.316,COD
6130,CA-2020-162033,26-03-2020,02-04-2020,Standard Class,EM-14200,Evan Minnotte,Home Office,United States,Virginia Beach,Virginia,South,TEC-AC-10003116,Technology,Accessories,Memorex Froggy Flash Drive 8 GB,120.25,3,20.7675,Cards
7177,US-2020-141677,26-03-2020,30-03-2020,Standard Class,HK-14890,Heather Kirkland,Corporate,United States,Houston,Texas,Central,OFF-ST-10000344,Office Supplies,Storage,"Neat Ideas Personal Hanging Folder Files, Black",133.232,3,2.4174,COD
9756,CA-2020-113705,27-03-2020,29-03-2020,Second Class,LC-16870,Lena Cacioppo,Consumer,United States,Richmond,Virginia,South,OFF-ST-10001128,Office Supplies,Storage,"Carina Mini System Audio Rack, Model AR050B",362.94,3,9.9882,Online
4676,CA-2020-139416,27-03-2020,29-03-2020,Second Class,AG-10270,Alejandro Grove,Consumer,United States,Philadelphia,Pennsylvania,East,FUR-FU-10003832,Furniture,Furnishings,"Eldon Expressions Punched Metal & Wood Desk Accessories, Black & Cherry",117.008,2,1.5008,COD
9754,CA-2020-113705,27-03-2020,29-03-2020,Second Class,LC-16870,Lena Cacioppo,Consumer,United States,Richmond,Virginia,South,OFF-LA-10000476,Office Supplies,Labels,"Avery 05222 Permanent Self-Adhesive File Folder Labels for Typewriters, on Rolls, White, 250/Roll",117.26,2,3.7996,Online
9759,CA-2020-113705,27-03-2020,29-03-2020,Second Class,LC-16870,Lena Cacioppo,Consumer,United States,Richmond,Virginia,South,OFF-PA-10002615,Office Supplies,Paper,"Ampad Gold Fibre Wirebound Steno Books, 6"" x 9"", Gregg Ruled",121.64,4,8.1144,COD
8488,CA-2020-124716,27-03-2020,31-03-2020,Standard Class,BD-11560,Brendan Dodson,Home Office,United States,Fresno,California,West,OFF-PA-10000859,Office Supplies,Paper,Unpadded Memo Slips,111.94,3,5.97,Online
9755,CA-2020-113705,27-03-2020,29-03-2020,Second Class,LC-16870,Lena Cacioppo,Consumer,United States,Richmond,Virginia,South,OFF-BI-10001679,Office Supplies,Binders,GBC Instant Index System for Binding Systems,146.76,2,8.88,Online
9790,CA-2020-144491,27-03-2020,01-04-2020,Standard Class,CJ-12010,Caroline Jumper,Consumer,United States,Houston,Texas,Central,TEC-AC-10004901,Technology,Accessories,Kensington SlimBlade Notebook Wireless Mouse with Nano Receiver,139.992,1,6.9986,Cards
8486,CA-2020-124716,27-03-2020,31-03-2020,Standard Class,BD-11560,Brendan Dodson,Home Office,United States,Fresno,California,West,OFF-PA-10000740,Office Supplies,Paper,Xerox 1982,130.68,2,21.0128,COD
5740,US-2020-147886,28-03-2020,31-03-2020,First Class,DH-13075,Dave Hallsten,Corporate,United States,Fairfield,California,West,OFF-PA-10000232,Office Supplies,Paper,Xerox 1975,90.96,2,6.3504,Online
5746,US-2020-147886,28-03-2020,31-03-2020,First Class,DH-13075,Dave Hallsten,Corporate,United States,Fairfield,California,West,FUR-FU-10003829,Furniture,Furnishings,Stackable Trays,127.56,7,6.8992,Cards
5743,US-2020-147886,28-03-2020,31-03-2020,First Class,DH-13075,Dave Hallsten,Corporate,United States,Fairfield,California,West,OFF-PA-10003651,Office Supplies,Paper,Xerox 1968,139.72,4,12.8256,Online
5741,US-2020-147886,28-03-2020,31-03-2020,First Class,DH-13075,Dave Hallsten,Corporate,United States,Fairfield,California,West,FUR-FU-10001095,Furniture,Furnishings,DAX Black Cherry Wood-Tone Poster Frame,153.48,1,10.0624,Cards
5744,US-2020-147886,28-03-2020,31-03-2020,First Class,DH-13075,Dave Hallsten,Corporate,United States,Fairfield,California,West,OFF-PA-10000743,Office Supplies,Paper,Xerox 1977,150.04,3,9.6192,Online
5720,CA-2020-126550,29-03-2020,02-04-2020,Second Class,RD-19720,Roger Demir,Consumer,United States,Lafayette,Indiana,Central,OFF-ST-10001031,Office Supplies,Storage,Adjustable Personal File Tote,163.4,5,21.164,Online
8665,CA-2020-126634,30-03-2020,01-04-2020,Second Class,AB-10165,Alan Barnes,Consumer,United States,Lakewood,California,West,FUR-FU-10004973,Furniture,Furnishings,Flat Face Poster Frame,121.2,5,39.564,COD
7504,US-2020-120147,30-03-2020,30-03-2020,Same Day,TB-21400,Tom Boeckenhauer,Consumer,United States,Los Angeles,California,West,TEC-PH-10002447,Technology,Phones,AT&T CL83451 4-Handset Telephone,188.792,1,18.5391,COD
7503,US-2020-120147,30-03-2020,30-03-2020,Same Day,TB-21400,Tom Boeckenhauer,Consumer,United States,Los Angeles,California,West,OFF-AR-10000817,Office Supplies,Art,Manco Dry-Lighter Erasable Highlighter,70.08,2,2.0672,Cards
4689,US-2020-154851,30-03-2020,03-04-2020,Standard Class,BP-11155,Becky Pak,Consumer,United States,Lancaster,Pennsylvania,East,OFF-BI-10001525,Office Supplies,Binders,"Acco Pressboard Covers with Storage Hooks, 14 7/8"" x 11"", Executive Red",115.715,5,-4.7625,COD
5873,CA-2020-129910,30-03-2020,03-04-2020,Standard Class,ME-17320,Maria Etezadi,Home Office,United States,Columbus,Georgia,South,OFF-ST-10003282,Office Supplies,Storage,"Advantus 10-Drawer Portable Organizer, Chrome Metal Frame, Smoke Drawers",154.76,1,16.7328,COD
3089,US-2020-159205,31-03-2020,02-04-2020,Second Class,DB-12910,Daniel Byrd,Home Office,United States,Henderson,Kentucky,South,FUR-FU-10001591,Furniture,Furnishings,Advantus Panel Wall Certificate Holder - 8.5x11,103.0,5,25.62,Cards
2150,CA-2020-102771,31-03-2020,05-04-2020,Standard Class,DO-13435,Denny Ordway,Consumer,United States,New York City,New York,East,TEC-PH-10001536,Technology,Phones,Spigen Samsung Galaxy S5 Case Wallet,124.95,5,22.087,COD
7536,US-2020-160143,31-03-2020,07-04-2020,Standard Class,HG-14965,Henry Goldwyn,Corporate,United States,Los Angeles,California,West,OFF-SU-10004231,Office Supplies,Supplies,Acme Tagit Stainless Steel Antibacterial Scissors,104.7,3,8.019,Cards
5562,CA-2020-133263,31-03-2020,02-04-2020,Second Class,JE-15610,Jim Epp,Corporate,United States,Atlanta,Georgia,South,OFF-BI-10001153,Office Supplies,Binders,Ibico Recycled Grain-Textured Covers,118.54,1,17.27,Cards
1338,CA-2020-100524,31-03-2020,02-04-2020,Second Class,CM-12115,Chad McGuire,Consumer,United States,New York City,New York,East,FUR-FU-10004018,Furniture,Furnishings,Tensor Computer Mounted Lamp,160.78,2,8.0406,Online
5564,CA-2020-133263,31-03-2020,02-04-2020,Second Class,JE-15610,Jim Epp,Corporate,United States,Atlanta,Georgia,South,OFF-BI-10000474,Office Supplies,Binders,Avery Recycled Flexi-View Covers for Binding Systems,156.12,4,30.7776,Online
1340,CA-2020-100524,31-03-2020,02-04-2020,Second Class,CM-12115,Chad McGuire,Consumer,United States,New York City,New York,East,OFF-PA-10004911,Office Supplies,Paper,"Rediform S.O.S. 1-Up Phone Message Bk, 4-1/4x3-1/16 Bk, 1 Form/Pg, 40 Messages/Bk, 3/Pk",182.04,8,36.0192,Online
2402,CA-2020-145877,01-04-2020,04-04-2020,Second Class,AS-10090,Adam Shillingsburg,Consumer,United States,Springfield,Missouri,Central,OFF-ST-10000649,Office Supplies,Storage,Hanging Personal Folder File,111.2,6,23.55,Online
6008,CA-2020-129028,01-04-2020,03-04-2020,First Class,GB-14530,George Bell,Corporate,United States,Florence,South Carolina,South,FUR-FU-10004006,Furniture,Furnishings,"Deflect-o DuraMat Lighweight, Studded, Beveled Mat for Low Pile Carpeting",158.95,3,21.7515,COD
5491,CA-2020-134495,01-04-2020,04-04-2020,Second Class,BF-11020,Barry Französisch,Corporate,United States,Jacksonville,Florida,South,FUR-CH-10003774,Furniture,Chairs,"Global Wood Trimmed Manager's Task Chair, Khaki",234.352,3,-19.1058,COD
5489,CA-2020-134495,01-04-2020,04-04-2020,Second Class,BF-11020,Barry Französisch,Corporate,United States,Jacksonville,Florida,South,OFF-LA-10000262,Office Supplies,Labels,Avery 494,116.264,3,2.0358,COD
5488,CA-2020-134495,01-04-2020,04-04-2020,Second Class,BF-11020,Barry Französisch,Corporate,United States,Jacksonville,Florida,South,TEC-PH-10004897,Technology,Phones,Mediabridge Sport Armband iPhone 5s,111.976,3,-5.6943,COD
2617,CA-2020-147942,01-04-2020,05-04-2020,Standard Class,MS-17365,Maribeth Schnelling,Consumer,United States,San Francisco,California,West,OFF-LA-10003663,Office Supplies,Labels,Avery 498,105.78,2,2.7166,COD
4329,CA-2020-118360,01-04-2020,07-04-2020,Standard Class,JC-15775,John Castell,Consumer,United States,New York City,New York,East,OFF-PA-10000791,Office Supplies,Paper,"Wirebound Message Books, Four 2 3/4 x 5 Forms per Page, 200 Sets per Book",117.93,9,19.3185,Cards
2403,CA-2020-145877,01-04-2020,04-04-2020,Second Class,AS-10090,Adam Shillingsburg,Consumer,United States,Springfield,Missouri,Central,OFF-EN-10001990,Office Supplies,Envelopes,Staple envelope,118.4,5,13.348,Cards
5490,CA-2020-134495,01-04-2020,04-04-2020,Second Class,BF-11020,Barry Französisch,Corporate,United States,Jacksonville,Florida,South,OFF-AP-10002222,Office Supplies,Appliances,Staple holder,148.808,3,1.8207,Online
9670,CA-2020-145275,02-04-2020,06-04-2020,Standard Class,AH-10465,Amy Hunt,Consumer,United States,Decatur,Alabama,South,OFF-LA-10001569,Office Supplies,Labels,Avery 499,90.94,3,6.8724,Online
5642,CA-2020-106355,02-04-2020,05-04-2020,First Class,AT-10435,Alyssa Tate,Home Office,United States,Meriden,Connecticut,East,OFF-AR-10000246,Office Supplies,Art,Newell 318,108.12,4,2.8912,COD
1337,US-2020-123281,02-04-2020,07-04-2020,Standard Class,JF-15190,Jamie Frazer,Consumer,United States,Los Angeles,California,West,FUR-FU-10003724,Furniture,Furnishings,Westinghouse Clip-On Gooseneck Lamps,147.11,3,6.5286,Online
3725,CA-2020-127264,03-04-2020,05-04-2020,First Class,SA-20830,Sue Ann Reed,Consumer,United States,Chicago,Illinois,Central,OFF-AR-10003045,Office Supplies,Art,Prang Colored Pencils,80.056,3,2.205,Cards
953,CA-2020-131156,03-04-2020,07-04-2020,Standard Class,KH-16360,Katherine Hughes,Consumer,United States,Philadelphia,Pennsylvania,East,FUR-FU-10001940,Furniture,Furnishings,Staple-based wall hangings,112.472,4,7.6416,COD
6368,CA-2020-144848,04-04-2020,05-04-2020,First Class,DS-13030,Darrin Sayre,Home Office,United States,New York City,New York,East,TEC-PH-10002262,Technology,Phones,LG Electronics Tone+ HBS-730 Bluetooth Headset,145.02,2,33.3256,Cards
6367,CA-2020-144848,04-04-2020,05-04-2020,First Class,DS-13030,Darrin Sayre,Home Office,United States,New York City,New York,East,OFF-SU-10000646,Office Supplies,Supplies,Premier Automatic Letter Opener,254.37,1,7.2111,COD
6190,CA-2020-157903,04-04-2020,08-04-2020,Standard Class,AM-10705,Anne McFarland,Consumer,United States,Des Plaines,Illinois,Central,TEC-PH-10004345,Technology,Phones,Cisco SPA 502G IP Phone,400.84,4,47.98,Online
6922,CA-2020-109211,04-04-2020,10-04-2020,Standard Class,PS-19045,Penelope Sewall,Home Office,United States,New York City,New York,East,OFF-EN-10001532,Office Supplies,Envelopes,Brown Kraft Recycled Envelopes,123.98,1,8.49,COD
9691,CA-2020-140536,04-04-2020,05-04-2020,First Class,TA-21385,Tom Ashbrook,Home Office,United States,New York City,New York,East,OFF-AR-10001545,Office Supplies,Art,Newell 326,105.04,4,2.0416,Cards
6366,CA-2020-144848,04-04-2020,05-04-2020,First Class,DS-13030,Darrin Sayre,Home Office,United States,New York City,New York,East,TEC-PH-10004006,Technology,Phones,Panasonic KX - TS880B Telephone,133.22,1,11.1294,COD
8416,CA-2020-107265,06-04-2020,12-04-2020,Standard Class,ML-17755,Max Ludwig,Home Office,United States,Marion,Iowa,Central,OFF-PA-10000474,Office Supplies,Paper,Easy-staple paper,147.32,3,49.9704,Cards
8738,CA-2020-161592,06-04-2020,10-04-2020,Standard Class,CS-12175,Charles Sheldon,Corporate,United States,Chattanooga,Tennessee,South,OFF-BI-10003669,Office Supplies,Binders,3M Organizer Strips,114.1,5,-5.94,Online
9444,CA-2020-165904,07-04-2020,11-04-2020,Standard Class,HR-14770,Hallie Redmond,Home Office,United States,Jacksonville,Florida,South,TEC-PH-10000576,Technology,Phones,AT&T 1080 Corded phone,247.184,2,19.1786,Online
235,US-2020-100930,07-04-2020,12-04-2020,Standard Class,CS-12400,Christopher Schild,Home Office,United States,Tampa,Florida,South,FUR-FU-10004017,Furniture,Furnishings,"Tenex Contemporary Contur Chairmats for Low and Medium Pile Carpet, Computer, 39"" x 49""",275.072,3,0.0,Online
234,US-2020-100930,07-04-2020,12-04-2020,Standard Class,CS-12400,Christopher Schild,Home Office,United States,Tampa,Florida,South,OFF-BI-10001679,Office Supplies,Binders,GBC Instant Index System for Binding Systems,106.328,2,-3.552,Online
9443,CA-2020-165904,07-04-2020,11-04-2020,Standard Class,HR-14770,Hallie Redmond,Home Office,United States,Jacksonville,Florida,South,OFF-AR-10003156,Office Supplies,Art,50 Colored Long Pencils,90.256,2,1.2192,COD
2848,CA-2020-157854,08-04-2020,15-04-2020,Standard Class,DM-13345,Denise Monton,Corporate,United States,Roswell,Georgia,South,FUR-FU-10003832,Furniture,Furnishings,"Eldon Expressions Punched Metal & Wood Desk Accessories, Black & Cherry",126.28,6,15.7584,COD
3988,CA-2020-112333,08-04-2020,14-04-2020,Standard Class,KF-16285,Karen Ferguson,Home Office,United States,Plainfield,New Jersey,East,OFF-AP-10001962,Office Supplies,Appliances,Black & Decker Filter for Double Action Dustbuster Cordless Vac BLDV7210,142.95,5,10.4875,COD
8476,CA-2020-169404,09-04-2020,14-04-2020,Standard Class,NC-18625,Noah Childs,Corporate,United States,York,Pennsylvania,East,OFF-PA-10001033,Office Supplies,Paper,Xerox 1893,115.584,2,23.7742,Online
970,CA-2020-135279,09-04-2020,11-04-2020,First Class,BS-11800,Bryan Spruell,Home Office,United States,New York City,New York,East,OFF-ST-10001097,Office Supplies,Storage,Office Impressions Heavy Duty Welded Shelving & Multimedia Storage Drawers,520.81,3,0.0,Online
1283,CA-2020-122154,09-04-2020,11-04-2020,First Class,SA-20830,Sue Ann Reed,Consumer,United States,Jacksonville,Florida,South,OFF-BI-10002026,Office Supplies,Binders,Avery Arch Ring Binders,87.43,1,-13.363,Online
965,CA-2020-135279,09-04-2020,11-04-2020,First Class,BS-11800,Bryan Spruell,Home Office,United States,New York City,New York,East,OFF-LA-10004055,Office Supplies,Labels,Color-Coded Legal Exhibit Labels,127.82,2,4.8118,Online
969,CA-2020-135279,09-04-2020,11-04-2020,First Class,BS-11800,Bryan Spruell,Home Office,United States,New York City,New York,East,OFF-LA-10001613,Office Supplies,Labels,Avery File Folder Labels,96.64,3,4.2336,Online
1282,CA-2020-122154,09-04-2020,11-04-2020,First Class,SA-20830,Sue Ann Reed,Consumer,United States,Jacksonville,Florida,South,OFF-LA-10000121,Office Supplies,Labels,Avery 48,126.12,3,4.914,Online
967,CA-2020-135279,09-04-2020,11-04-2020,First Class,BS-11800,Bryan Spruell,Home Office,United States,New York City,New York,East,OFF-PA-10004621,Office Supplies,Paper,Xerox 212,144.96,2,6.2208,COD
966,CA-2020-135279,09-04-2020,11-04-2020,First Class,BS-11800,Bryan Spruell,Home Office,United States,New York City,New York,East,OFF-AR-10004344,Office Supplies,Art,Bulldog Vacuum Base Pencil Sharpener,132.97,3,9.7119,Online
6379,CA-2020-150623,10-04-2020,14-04-2020,Standard Class,DB-13360,Dennis Bolton,Home Office,United States,Waterbury,Connecticut,East,TEC-AC-10004571,Technology,Accessories,Logitech G700s Rechargeable Gaming Mouse,120.99,1,41.9958,Online
3504,CA-2020-125115,10-04-2020,10-04-2020,Same Day,RD-19930,Russell D'Ascenzo,Consumer,United States,Austin,Texas,Central,TEC-AC-10001714,Technology,Accessories,Logitech MX Performance Wireless Mouse,126.736,3,20.3439,Online
7424,CA-2020-135069,10-04-2020,14-04-2020,Standard Class,BS-11755,Bruce Stewart,Consumer,United States,Philadelphia,Pennsylvania,East,OFF-AP-10000026,Office Supplies,Appliances,Tripp Lite Isotel 6 Outlet Surge Protector with Fax/Modem Protection,240.104,4,21.9492,COD
859,CA-2020-161984,10-04-2020,15-04-2020,Standard Class,SJ-20125,Sanjit Jacobs,Home Office,United States,New Brunswick,New Jersey,East,OFF-PA-10004569,Office Supplies,Paper,"Wirebound Message Books, Two 4 1/4"" x 5"" Forms per Page",96.61,1,3.5767,Online
5789,CA-2020-115070,10-04-2020,14-04-2020,Second Class,MG-18205,Mitch Gastineau,Corporate,United States,Jacksonville,Florida,South,FUR-FU-10003829,Furniture,Furnishings,Stackable Trays,95.32,5,1.848,Online
860,CA-2020-161984,10-04-2020,15-04-2020,Standard Class,SJ-20125,Sanjit Jacobs,Home Office,United States,New Brunswick,New Jersey,East,OFF-FA-10000624,Office Supplies,Fasteners,OIC Binder Clips,106.16,2,3.58,Online
5790,CA-2020-115070,10-04-2020,14-04-2020,Second Class,MG-18205,Mitch Gastineau,Corporate,United States,Jacksonville,Florida,South,OFF-BI-10003712,Office Supplies,Binders,"Acco Pressboard Covers with Storage Hooks, 14 7/8"" x 11"", Light Blue",97.419,3,-3.0933,Online
3503,CA-2020-125115,10-04-2020,10-04-2020,Same Day,RD-19930,Russell D'Ascenzo,Consumer,United States,Austin,Texas,Central,OFF-PA-10004101,Office Supplies,Paper,Xerox 1894,118.368,2,3.6288,Online
7425,CA-2020-135069,10-04-2020,14-04-2020,Standard Class,BS-11755,Bruce Stewart,Consumer,United States,Philadelphia,Pennsylvania,East,FUR-FU-10003878,Furniture,Furnishings,"Linden 10"" Round Wall Clock, Black",133.672,3,6.4176,Online
2001,CA-2020-166128,11-04-2020,18-04-2020,Standard Class,LW-17215,Luke Weiss,Consumer,United States,Pasadena,California,West,TEC-AC-10001767,Technology,Accessories,SanDisk Ultra 64 GB MicroSDHC Class 10 Memory Card,225.95,5,21.9945,Online
8319,CA-2020-130904,11-04-2020,16-04-2020,Standard Class,HM-14980,Henry MacAllister,Consumer,United States,Burlington,North Carolina,South,OFF-AR-10000127,Office Supplies,Art,Newell 321,97.992,8,2.3616,Online
8318,CA-2020-130904,11-04-2020,16-04-2020,Standard Class,HM-14980,Henry MacAllister,Consumer,United States,Burlington,North Carolina,South,OFF-AR-10000422,Office Supplies,Art,Pencil and Crayon Sharpener,108.752,1,0.1533,COD
4352,US-2020-100482,11-04-2020,15-04-2020,Standard Class,JL-15130,Jack Lebron,Consumer,United States,Lancaster,Ohio,East,TEC-AC-10003441,Technology,Accessories,Kingston Digital DataTraveler 32GB USB 2.0,115.12,2,-4.746,Online
4351,US-2020-100482,11-04-2020,15-04-2020,Standard Class,JL-15130,Jack Lebron,Consumer,United States,Lancaster,Ohio,East,OFF-ST-10001325,Office Supplies,Storage,Sterilite Officeware Hinged File Box,92.768,2,1.4672,Online
2005,US-2020-143028,11-04-2020,18-04-2020,Standard Class,SC-20050,Sample Company A,Home Office,United States,Lubbock,Texas,Central,OFF-BI-10004738,Office Supplies,Binders,Flexible Leather- Look Classic Collection Ring Binder,142.364,3,-17.046,COD
2002,CA-2020-166128,11-04-2020,18-04-2020,Standard Class,LW-17215,Luke Weiss,Consumer,United States,Pasadena,California,West,OFF-AR-10001221,Office Supplies,Art,"Dixon Ticonderoga Erasable Colored Pencil Set, 12-Color",145.86,7,14.2324,Online
1440,CA-2020-122735,12-04-2020,15-04-2020,Second Class,BD-11320,Bill Donatelli,Consumer,United States,Providence,Rhode Island,East,OFF-BI-10004364,Office Supplies,Binders,Storex Dura Pro Binders,145.7,5,13.365,Online
1441,CA-2020-122735,12-04-2020,15-04-2020,Second Class,BD-11320,Bill Donatelli,Consumer,United States,Providence,Rhode Island,East,OFF-PA-10001712,Office Supplies,Paper,Xerox 1948,160.96,4,17.982,COD
2119,CA-2020-155460,13-04-2020,15-04-2020,First Class,RW-19630,Rob Williams,Corporate,United States,Seattle,Washington,West,OFF-PA-10002479,Office Supplies,Paper,Xerox 4200 Series MultiUse Premium Copy Paper (20Lb. and 84 Bright),103.28,1,2.376,Online
9405,CA-2020-141663,13-04-2020,17-04-2020,Standard Class,DP-13105,Dave Poirier,Corporate,United States,Philadelphia,Pennsylvania,East,OFF-FA-10004076,Office Supplies,Fasteners,Translucent Push Pins by OIC,99.92,5,1.683,Online
931,CA-2020-144932,14-04-2020,17-04-2020,First Class,AB-10165,Alan Barnes,Consumer,United States,Toledo,Ohio,East,OFF-AR-10001468,Office Supplies,Art,"Sanford Prismacolor Professional Thick Lead Art Pencils, 36-Color Set",121.856,3,21.3408,Online
3101,CA-2020-131233,14-04-2020,19-04-2020,Standard Class,CS-12355,Christine Sundaresam,Consumer,United States,New York City,New York,East,FUR-BO-10003441,Furniture,Bookcases,"Bush Westfield Collection Bookcases, Fully Assembled",280.352,3,9.0882,COD
2663,CA-2020-159604,14-04-2020,15-04-2020,First Class,CL-12700,Craig Leslie,Home Office,United States,Springfield,Missouri,Central,OFF-BI-10003460,Office Supplies,Binders,Acco 3-Hole Punch,96.76,2,4.2048,Cards
930,CA-2020-144932,14-04-2020,17-04-2020,First Class,AB-10165,Alan Barnes,Consumer,United States,Toledo,Ohio,East,OFF-AR-10003560,Office Supplies,Art,Zebra Zazzle Fluorescent Highlighters,95.592,3,2.5536,Cards
3100,CA-2020-131233,14-04-2020,19-04-2020,Standard Class,CS-12355,Christine Sundaresam,Consumer,United States,New York City,New York,East,OFF-BI-10000829,Office Supplies,Binders,Avery Non-Stick Binders,110.776,3,3.5022,COD
932,CA-2020-144932,14-04-2020,17-04-2020,First Class,AB-10165,Alan Barnes,Consumer,United States,Toledo,Ohio,East,OFF-PA-10004971,Office Supplies,Paper,Xerox 196,117.872,3,5.0286,COD
5646,CA-2020-127117,14-04-2020,19-04-2020,Standard Class,HM-14860,Harry Marie,Corporate,United States,Morristown,New Jersey,East,FUR-FU-10004018,Furniture,Furnishings,Tensor Computer Mounted Lamp,166.45,5,20.1015,Cards
5218,CA-2020-134635,15-04-2020,17-04-2020,Second Class,NS-18640,Noel Staavos,Corporate,United States,Los Angeles,California,West,OFF-PA-10002254,Office Supplies,Paper,Xerox 1883,100.14,3,36.4044,Cards
309,CA-2020-126774,15-04-2020,17-04-2020,First Class,SH-20395,Shahid Hopkins,Consumer,United States,Arlington,Virginia,South,OFF-AR-10002804,Office Supplies,Art,Faber Castell Col-Erase Pencils,98.89,1,2.0049,Cards
7369,CA-2020-161851,15-04-2020,17-04-2020,First Class,BP-11095,Bart Pistole,Corporate,United States,Miami,Florida,South,OFF-BI-10004654,Office Supplies,Binders,VariCap6 Expandable Binder,107.57,3,-11.937,COD
5953,US-2020-141698,15-04-2020,21-04-2020,Standard Class,SD-20485,Shirley Daniels,Home Office,United States,Houston,Texas,Central,OFF-PA-10001826,Office Supplies,Paper,Xerox 207,97.736,4,7.2576,COD
13,CA-2020-114412,15-04-2020,20-04-2020,Standard Class,AA-10480,Andrew Allen,Consumer,United States,Concord,North Carolina,South,OFF-PA-10002365,Office Supplies,Paper,Xerox 1967,114.552,3,5.4432,Online
2547,CA-2020-108070,16-04-2020,20-04-2020,Standard Class,JE-15745,Joel Eaton,Consumer,United States,San Jose,California,West,FUR-BO-10001337,Furniture,Bookcases,O'Sullivan Living Dimensions 2-Shelf Bookcases,128.833,1,-6.049,COD
2546,CA-2020-108070,16-04-2020,20-04-2020,Standard Class,JE-15745,Joel Eaton,Consumer,United States,San Jose,California,West,OFF-ST-10004804,Office Supplies,Storage,"Belkin 19"" Vented Equipment Shelf, Black",235.92,4,2.0592,COD
2740,CA-2020-122707,16-04-2020,18-04-2020,First Class,EB-13750,Edward Becker,Corporate,United States,Hoover,Alabama,South,OFF-SU-10000157,Office Supplies,Supplies,Compact Automatic Electric Letter Opener,517.24,4,9.5448,Online
1521,CA-2020-109946,16-04-2020,21-04-2020,Standard Class,PL-18925,Paul Lucas,Home Office,United States,Chicago,Illinois,Central,OFF-AR-10001419,Office Supplies,Art,Newell 325,80.52,5,2.065,COD
3233,US-2020-156356,16-04-2020,22-04-2020,Standard Class,ND-18370,Natalie DeCherney,Consumer,United States,Houston,Texas,Central,OFF-BI-10001107,Office Supplies,Binders,"GBC White Gloss Covers, Plain Front",130.896,1,-4.7784,Cards
2363,CA-2020-136497,16-04-2020,20-04-2020,Standard Class,RF-19840,Roy Französisch,Consumer,United States,Columbus,Ohio,East,OFF-BI-10001553,Office Supplies,Binders,SpineVue Locking Slant-D Ring Binders by Cardinal,111.71,5,-10.054,Online
2741,CA-2020-122707,16-04-2020,18-04-2020,First Class,EB-13750,Edward Becker,Corporate,United States,Hoover,Alabama,South,TEC-AC-10004227,Technology,Accessories,SanDisk Ultra 16 GB MicroSDHC Class 10 Memory Card,109.98,2,1.5588,Online
7723,US-2020-138086,16-04-2020,20-04-2020,Standard Class,JO-15550,Jesus Ocampo,Home Office,United States,San Francisco,California,West,OFF-AP-10000027,Office Supplies,Appliances,Hoover Commercial SteamVac,115.74,3,12.222,COD
3234,US-2020-156356,16-04-2020,22-04-2020,Standard Class,ND-18370,Natalie DeCherney,Consumer,United States,Houston,Texas,Central,OFF-ST-10002301,Office Supplies,Storage,Tennsco Commercial Shelving,154.544,2,-7.7292,COD
3252,CA-2020-119389,17-04-2020,19-04-2020,First Class,BG-11740,Bruce Geld,Consumer,United States,Philadelphia,Pennsylvania,East,FUR-FU-10001473,Furniture,Furnishings,"Eldon Executive Woodline II Desk Accessories, Mahogany",109.312,3,5.2773,COD
6863,CA-2020-128965,17-04-2020,22-04-2020,Standard Class,PS-18760,Pamela Stobb,Consumer,United States,Los Angeles,California,West,FUR-CH-10003774,Furniture,Chairs,"Global Wood Trimmed Manager's Task Chair, Khaki",265.352,3,-19.1058,Online
6860,CA-2020-128965,17-04-2020,22-04-2020,Standard Class,PS-18760,Pamela Stobb,Consumer,United States,Los Angeles,California,West,OFF-FA-10001561,Office Supplies,Fasteners,Stockwell Push Pins,114.9,5,3.597,Online
3014,CA-2020-134845,17-04-2020,23-04-2020,Standard Class,SR-20425,Sharelle Roach,Home Office,United States,Louisville,Colorado,West,OFF-BI-10003355,Office Supplies,Binders,Cardinal Holdit Business Card Pockets,100.964,6,-6.5736,Online
6858,CA-2020-128965,17-04-2020,22-04-2020,Standard Class,PS-18760,Pamela Stobb,Consumer,United States,Los Angeles,California,West,OFF-PA-10004911,Office Supplies,Paper,"Rediform S.O.S. 1-Up Phone Message Bk, 4-1/4x3-1/16 Bk, 1 Form/Pg, 40 Messages/Bk, 3/Pk",130.14,3,13.5072,Cards
3015,CA-2020-134845,17-04-2020,23-04-2020,Standard Class,SR-20425,Sharelle Roach,Home Office,United States,Louisville,Colorado,West,OFF-PA-10002005,Office Supplies,Paper,Xerox 225,131.736,4,7.2576,Cards
3013,CA-2020-134845,17-04-2020,23-04-2020,Standard Class,SR-20425,Sharelle Roach,Home Office,United States,Louisville,Colorado,West,OFF-BI-10001543,Office Supplies,Binders,GBC VeloBinder Manual Binding System,138.594,2,-15.8356,Cards
3011,CA-2020-134845,17-04-2020,23-04-2020,Standard Class,SR-20425,Sharelle Roach,Home Office,United States,Louisville,Colorado,West,OFF-BI-10000773,Office Supplies,Binders,Insertable Tab Post Binder Dividers,127.03,5,-9.223,Cards
6859,CA-2020-128965,17-04-2020,22-04-2020,Standard Class,PS-18760,Pamela Stobb,Consumer,United States,Los Angeles,California,West,OFF-LA-10001404,Office Supplies,Labels,Avery 517,114.38,2,3.4686,COD
6862,CA-2020-128965,17-04-2020,22-04-2020,Standard Class,PS-18760,Pamela Stobb,Consumer,United States,Los Angeles,California,West,OFF-LA-10003190,Office Supplies,Labels,Avery 474,159.04,8,11.2896,Cards
9879,US-2020-166324,20-04-2020,21-04-2020,First Class,BE-11455,Brad Eason,Home Office,United States,Cleveland,Ohio,East,TEC-PH-10004080,Technology,Phones,Avaya 5410 Digital phone,152.382,3,-24.4764,Online
6766,CA-2020-100615,20-04-2020,24-04-2020,Standard Class,SJ-20215,Sarah Jordon,Consumer,United States,Chicago,Illinois,Central,FUR-CH-10002602,Furniture,Chairs,DMI Arturo Collection Mission-style Design Wood Chair,344.058,3,-18.1176,Cards
6156,CA-2020-151484,20-04-2020,23-04-2020,First Class,CV-12805,Cynthia Voltz,Corporate,United States,Philadelphia,Pennsylvania,East,OFF-ST-10000142,Office Supplies,Storage,Deluxe Rollaway Locking File with Drawer,348.704,1,33.2704,COD
6768,CA-2020-100615,20-04-2020,24-04-2020,Standard Class,SJ-20215,Sarah Jordon,Consumer,United States,Chicago,Illinois,Central,FUR-FU-10002456,Furniture,Furnishings,"Master Caster Door Stop, Large Neon Orange",120.56,5,-6.188,Online
6767,CA-2020-100615,20-04-2020,24-04-2020,Standard Class,SJ-20215,Sarah Jordon,Consumer,United States,Chicago,Illinois,Central,OFF-AR-10001683,Office Supplies,Art,Lumber Crayons,93.76,2,3.546,COD
9878,US-2020-166324,20-04-2020,21-04-2020,First Class,BE-11455,Brad Eason,Home Office,United States,Cleveland,Ohio,East,OFF-BI-10000174,Office Supplies,Binders,"Wilson Jones Clip & Carry Folder Binder Tool for Ring Binders, Clear",89.7,5,-6.38,COD
6155,CA-2020-151484,20-04-2020,23-04-2020,First Class,CV-12805,Cynthia Voltz,Corporate,United States,Philadelphia,Pennsylvania,East,OFF-ST-10002370,Office Supplies,Storage,"Sortfiler Multipurpose Personal File Organizer, Black",133.336,3,5.7753,Cards
7596,CA-2020-119655,20-04-2020,24-04-2020,Standard Class,CV-12295,Christina VanderZanden,Consumer,United States,Detroit,Michigan,Central,OFF-BI-10001036,Office Supplies,Binders,Cardinal EasyOpen D-Ring Binders,128.56,4,18.28,COD
6157,CA-2020-151484,20-04-2020,23-04-2020,First Class,CV-12805,Cynthia Voltz,Corporate,United States,Philadelphia,Pennsylvania,East,FUR-FU-10004671,Furniture,Furnishings,"Executive Impressions 12"" Wall Clock",137.408,3,9.5418,COD
6154,CA-2020-151484,20-04-2020,23-04-2020,First Class,CV-12805,Cynthia Voltz,Corporate,United States,Philadelphia,Pennsylvania,East,FUR-FU-10001876,Furniture,Furnishings,"Computer Room Manger, 14""",149.968,2,10.3936,COD
3714,CA-2020-166198,21-04-2020,24-04-2020,First Class,JW-15955,Joni Wasserman,Consumer,United States,Seattle,Washington,West,FUR-FU-10004622,Furniture,Furnishings,Eldon Advantage Foldable Chair Mats for Low Pile Carpets,185.6,3,34.146,Cards
3713,CA-2020-166198,21-04-2020,24-04-2020,First Class,JW-15955,Joni Wasserman,Consumer,United States,Seattle,Washington,West,TEC-AC-10000521,Technology,Accessories,"Verbatim Slim CD and DVD Storage Cases, 50/Pack",118.54,1,3.462,COD
7568,CA-2020-140802,21-04-2020,23-04-2020,First Class,KN-16390,Katherine Nockton,Corporate,United States,Houston,Texas,Central,OFF-PA-10001534,Office Supplies,Paper,Xerox 230,91.736,4,7.2576,Cards
1103,US-2020-145863,21-04-2020,27-04-2020,Standard Class,RP-19390,Resi Pölking,Consumer,United States,Houston,Texas,Central,OFF-BI-10004140,Office Supplies,Binders,Avery Non-Stick Binders,119.694,3,-4.7145,COD
1104,US-2020-145863,21-04-2020,27-04-2020,Standard Class,RP-19390,Resi Pölking,Consumer,United States,Houston,Texas,Central,OFF-BI-10002049,Office Supplies,Binders,UniKeep View Case Binders,99.934,3,-4.9878,Online
7567,CA-2020-140802,21-04-2020,23-04-2020,First Class,KN-16390,Katherine Nockton,Corporate,United States,Houston,Texas,Central,TEC-AC-10001998,Technology,Accessories,Logitech LS21 Speaker System - PC Multimedia - 2.1-CH - Wired,116.976,3,8.3958,Online
3027,CA-2020-169054,22-04-2020,26-04-2020,Standard Class,MO-17800,Meg O'Connel,Home Office,United States,Philadelphia,Pennsylvania,East,FUR-FU-10001488,Furniture,Furnishings,"Tenex 46"" x 60"" Computer Anti-Static Chairmat, Rectangular Shaped",265.352,3,0.0,COD
805,CA-2020-135783,22-04-2020,24-04-2020,First Class,GM-14440,Gary McGarr,Consumer,United States,San Francisco,California,West,FUR-FU-10000794,Furniture,Furnishings,"Eldon Stackable Tray, Side-Load, Legal, Smoke",109.28,2,6.2152,Cards
8472,US-2020-132031,23-04-2020,27-04-2020,Standard Class,PN-18775,Parhena Norris,Home Office,United States,Clarksville,Tennessee,South,FUR-FU-10000193,Furniture,Furnishings,Tenex Chairmats For Use with Hard Floors,109.952,3,-11.6928,Online
7241,CA-2020-136651,23-04-2020,25-04-2020,Second Class,JF-15355,Jay Fein,Consumer,United States,Pasadena,California,West,FUR-FU-10002445,Furniture,Furnishings,"DAX Two-Tone Rosewood/Black Document Frame, Desktop, 5 x 7",112.36,7,26.544,COD
7242,CA-2020-136651,23-04-2020,25-04-2020,Second Class,JF-15355,Jay Fein,Consumer,United States,Pasadena,California,West,OFF-BI-10003638,Office Supplies,Binders,GBC Durable Plastic Covers,113.88,6,30.186,COD
2601,CA-2020-108553,23-04-2020,29-04-2020,Standard Class,SK-19990,Sally Knutson,Consumer,United States,New York City,New York,East,OFF-SU-10002573,Office Supplies,Supplies,"Acme 10"" Easy Grip Assistive Scissors",139.71,7,36.813,COD
2600,CA-2020-108553,23-04-2020,29-04-2020,Standard Class,SK-19990,Sally Knutson,Consumer,United States,New York City,New York,East,OFF-AP-10000026,Office Supplies,Appliances,Tripp Lite Isotel 6 Outlet Surge Protector with Fax/Modem Protection,163.94,2,35.3626,Online
8470,US-2020-132031,23-04-2020,27-04-2020,Standard Class,PN-18775,Parhena Norris,Home Office,United States,Clarksville,Tennessee,South,FUR-BO-10001972,Furniture,Bookcases,O'Sullivan 4-Shelf Bookcase in Odessa Pine,415.136,4,-14.5176,Online
6596,CA-2020-157112,23-04-2020,26-04-2020,First Class,GG-14650,Greg Guthrie,Corporate,United States,Columbus,Ohio,East,OFF-BI-10000285,Office Supplies,Binders,XtraLife ClearVue Slant-D Ring Binders by Cardinal,107.76,5,-7.84,Cards
6597,CA-2020-157112,23-04-2020,26-04-2020,First Class,GG-14650,Greg Guthrie,Corporate,United States,Columbus,Ohio,East,OFF-PA-10001804,Office Supplies,Paper,Xerox 195,112.344,1,1.8704,Cards
8473,US-2020-132031,23-04-2020,27-04-2020,Standard Class,PN-18775,Parhena Norris,Home Office,United States,Clarksville,Tennessee,South,OFF-LA-10000081,Office Supplies,Labels,Avery 496,97.0,1,1.05,Cards
8592,CA-2020-101700,23-04-2020,26-04-2020,First Class,SO-20335,Sean O'Donnell,Consumer,United States,Greeley,Colorado,West,OFF-EN-10003134,Office Supplies,Envelopes,Staple envelope,131.688,2,7.008,COD
8593,CA-2020-101700,23-04-2020,26-04-2020,First Class,SO-20335,Sean O'Donnell,Consumer,United States,Greeley,Colorado,West,FUR-FU-10001025,Furniture,Furnishings,"Eldon Imàge Series Desk Accessories, Clear",114.664,3,3.3534,Online
7243,CA-2020-136651,23-04-2020,25-04-2020,Second Class,JF-15355,Jay Fein,Consumer,United States,Pasadena,California,West,FUR-FU-10004864,Furniture,Furnishings,Eldon 500 Class Desk Accessories,149.14,2,7.9662,Cards
8471,US-2020-132031,23-04-2020,27-04-2020,Standard Class,PN-18775,Parhena Norris,Home Office,United States,Clarksville,Tennessee,South,TEC-AC-10002473,Technology,Accessories,Maxell 4.7GB DVD-R,132.408,2,11.9196,COD
6033,CA-2020-104010,23-04-2020,25-04-2020,First Class,TD-20995,Tamara Dahlen,Consumer,United States,New York City,New York,East,OFF-SU-10001218,Office Supplies,Supplies,Fiskars Softgrip Scissors,150.9,5,15.372,Online
6024,US-2020-128832,24-04-2020,27-04-2020,First Class,LS-16945,Linda Southworth,Corporate,United States,Providence,Rhode Island,East,TEC-AC-10004855,Technology,Accessories,V7 USB Numeric Keypad,100.98,2,4.8986,Online
8201,CA-2020-125269,24-04-2020,30-04-2020,Standard Class,AF-10870,Art Ferguson,Consumer,United States,Chicago,Illinois,Central,OFF-ST-10004123,Office Supplies,Storage,Safco Industrial Wire Shelving System,121.784,1,-18.196,Cards
1685,CA-2020-149489,24-04-2020,27-04-2020,First Class,DK-12835,Damala Kotsonis,Corporate,United States,Philadelphia,Pennsylvania,East,OFF-AP-10002495,Office Supplies,Appliances,"Acco Smartsocket Table Surge Protector, 6 Color-Coded Adapter Outlets",139.28,2,12.41,Online
3656,CA-2020-168102,24-04-2020,30-04-2020,Standard Class,CP-12340,Christine Phan,Corporate,United States,Jacksonville,Florida,South,OFF-ST-10001370,Office Supplies,Storage,Sensible Storage WireTech Storage Systems,147.568,2,-21.294,Cards
5527,CA-2020-166933,24-04-2020,28-04-2020,Standard Class,MG-17890,Michael Granlund,Home Office,United States,Santa Barbara,California,West,OFF-FA-10002676,Office Supplies,Fasteners,Colored Push Pins,81.81,1,0.6516,COD
1686,CA-2020-149489,24-04-2020,27-04-2020,First Class,DK-12835,Damala Kotsonis,Corporate,United States,Philadelphia,Pennsylvania,East,OFF-BI-10002813,Office Supplies,Binders,Avery Reinforcements for Hole-Punch Pages,92.188,2,-0.99,Online
1687,CA-2020-149489,24-04-2020,27-04-2020,First Class,DK-12835,Damala Kotsonis,Corporate,United States,Philadelphia,Pennsylvania,East,OFF-BI-10002414,Office Supplies,Binders,GBC ProClick Spines for 32-Hole Punch,110.518,2,-5.7638,Online
8200,CA-2020-125269,24-04-2020,30-04-2020,Standard Class,AF-10870,Art Ferguson,Consumer,United States,Chicago,Illinois,Central,OFF-BI-10001628,Office Supplies,Binders,"Acco Data Flex Cable Posts For Top & Bottom Load Binders, 6"" Capacity",104.43,5,-18.2525,COD
7172,CA-2020-125381,25-04-2020,27-04-2020,Second Class,SG-20605,Speros Goranitis,Consumer,United States,San Francisco,California,West,TEC-AC-10000158,Technology,Accessories,Sony 64GB Class 10 Micro SDHC R40 Memory Card,133.97,3,22.6737,Cards
8974,CA-2020-159226,25-04-2020,27-04-2020,Second Class,RL-19615,Rob Lucas,Consumer,United States,Los Angeles,California,West,FUR-BO-10004709,Furniture,Bookcases,"Bush Westfield Collection Bookcases, Medium Cherry Finish",367.981,7,28.4102,Online
5434,CA-2020-129707,25-04-2020,29-04-2020,Standard Class,LH-16750,Larry Hughes,Consumer,United States,Chandler,Arizona,West,OFF-AR-10000246,Office Supplies,Art,Newell 318,85.896,4,0.6672,Cards
5075,CA-2020-151071,25-04-2020,29-04-2020,Second Class,MB-18085,Mick Brown,Consumer,United States,Los Angeles,California,West,OFF-BI-10002103,Office Supplies,Binders,"Cardinal Slant-D Ring Binder, Heavy Gauge Vinyl",104.904,2,4.5188,COD
5108,CA-2020-132213,25-04-2020,26-04-2020,First Class,PN-18775,Parhena Norris,Home Office,United States,Nashville,Tennessee,South,OFF-AR-10004078,Office Supplies,Art,Newell 312,116.048,9,5.256,COD
6888,CA-2020-120222,25-04-2020,02-05-2020,Standard Class,LL-16840,Lauren Leatherbury,Consumer,United States,Los Angeles,California,West,OFF-PA-10004675,Office Supplies,Paper,"Telephone Message Books with Fax/Mobile Section, 5 1/2"" x 3 3/16""",136.05,3,8.763,COD
6889,CA-2020-120222,25-04-2020,02-05-2020,Standard Class,LL-16840,Lauren Leatherbury,Consumer,United States,Los Angeles,California,West,OFF-BI-10000666,Office Supplies,Binders,Surelock Post Binders,164.344,3,27.504,COD
5109,CA-2020-132213,25-04-2020,26-04-2020,First Class,PN-18775,Parhena Norris,Home Office,United States,Nashville,Tennessee,South,OFF-AR-10001958,Office Supplies,Art,Stanley Bostitch Contemporary Electric Pencil Sharpeners,174.92,5,6.792,Cards
1359,CA-2020-160045,26-04-2020,27-04-2020,First Class,LB-16735,Larry Blacks,Consumer,United States,Fort Worth,Texas,Central,FUR-FU-10000010,Furniture,Furnishings,"DAX Value U-Channel Document Frames, Easel Back",87.988,1,-1.4413,Cards
2961,CA-2020-143665,26-04-2020,01-05-2020,Standard Class,PO-19180,Philisse Overcash,Home Office,United States,Seattle,Washington,West,OFF-PA-10003673,Office Supplies,Paper,Strathmore Photo Mount Cards,122.34,3,9.3564,COD
2962,CA-2020-143665,26-04-2020,01-05-2020,Standard Class,PO-19180,Philisse Overcash,Home Office,United States,Seattle,Washington,West,OFF-LA-10002034,Office Supplies,Labels,Avery 478,125.28,8,19.2472,COD
8638,CA-2020-151281,27-04-2020,02-05-2020,Standard Class,HM-14980,Henry MacAllister,Consumer,United States,Seattle,Washington,West,FUR-FU-10000397,Furniture,Furnishings,Luxo Economy Swing Arm Lamp,152.58,7,39.0824,COD
4637,CA-2020-168228,27-04-2020,29-04-2020,First Class,AP-10915,Arthur Prichep,Consumer,United States,Los Angeles,California,West,OFF-AR-10003373,Office Supplies,Art,"Boston School Pro Electric Pencil Sharpener, 1670",169.92,4,33.4584,Cards
4638,CA-2020-168228,27-04-2020,29-04-2020,First Class,AP-10915,Arthur Prichep,Consumer,United States,Los Angeles,California,West,OFF-AR-10000390,Office Supplies,Art,Newell Chalk Holder,87.39,3,5.6994,Online
3098,CA-2020-135692,27-04-2020,01-05-2020,Standard Class,CV-12805,Cynthia Voltz,Corporate,United States,Fort Worth,Texas,Central,OFF-LA-10001158,Office Supplies,Labels,"Avery Address/Shipping Labels for Typewriters, 4"" x 2""",171.12,4,11.592,Online
4639,CA-2020-168228,27-04-2020,29-04-2020,First Class,AP-10915,Arthur Prichep,Consumer,United States,Los Angeles,California,West,OFF-AR-10001725,Office Supplies,Art,Boston Home & Office Model 2000 Electric Pencil Sharpeners,148.3,2,12.298,COD
5455,CA-2020-160962,28-04-2020,02-05-2020,Standard Class,MC-17605,Matt Connell,Corporate,United States,Philadelphia,Pennsylvania,East,OFF-ST-10001325,Office Supplies,Storage,Sterilite Officeware Hinged File Box,117.384,1,0.7336,COD
5456,CA-2020-160962,28-04-2020,02-05-2020,Standard Class,MC-17605,Matt Connell,Corporate,United States,Philadelphia,Pennsylvania,East,OFF-AR-10003056,Office Supplies,Art,Newell 341,133.848,2,0.7704,Online
8087,CA-2020-120894,28-04-2020,02-05-2020,Standard Class,JL-15130,Jack Lebron,Consumer,United States,Wilmington,North Carolina,South,OFF-AP-10000252,Office Supplies,Appliances,Harmony HEPA Quiet Air Purifiers,116.08,3,5.265,Online
7157,CA-2020-126718,29-04-2020,04-05-2020,Standard Class,KT-16480,Kean Thornton,Consumer,United States,Orange,New Jersey,East,OFF-LA-10004055,Office Supplies,Labels,Color-Coded Legal Exhibit Labels,106.91,1,2.4059,COD
1491,CA-2020-151911,30-04-2020,05-05-2020,Second Class,DL-13495,Dionis Lloyd,Corporate,United States,New York City,New York,East,OFF-EN-10002986,Office Supplies,Envelopes,"#10-4 1/8"" x 9 1/2"" Premium Diagonal Seam Envelopes",109.96,4,28.332,Online
8565,US-2020-108315,30-04-2020,04-05-2020,Standard Class,MH-18115,Mick Hernandez,Home Office,United States,Sanford,Florida,South,FUR-FU-10000747,Furniture,Furnishings,Tenex B1-RE Series Chair Mats for Low Pile Carpets,256.704,6,-8.2764,COD
1663,CA-2020-144526,30-04-2020,06-05-2020,Standard Class,QJ-19255,Quincy Jones,Corporate,United States,Philadelphia,Pennsylvania,East,OFF-BI-10002353,Office Supplies,Binders,GBC VeloBind Cover Sets,108.896,3,-9.264,COD
1916,CA-2020-124597,30-04-2020,05-05-2020,Standard Class,AS-10630,Ann Steele,Home Office,United States,Boynton Beach,Florida,South,OFF-AR-10002280,Office Supplies,Art,Staples in misc. colors,108.528,3,4.8525,Online
1915,CA-2020-124597,30-04-2020,05-05-2020,Standard Class,AS-10630,Ann Steele,Home Office,United States,Boynton Beach,Florida,South,OFF-LA-10003190,Office Supplies,Labels,Avery 474,119.608,2,1.6704,Online
7183,CA-2020-150609,30-04-2020,04-05-2020,Standard Class,NZ-18565,Nick Zandusky,Home Office,United States,Los Angeles,California,West,OFF-BI-10002071,Office Supplies,Binders,Fellowes Black Plastic Comb Bindings,116.24,5,7.553,Online
4551,US-2020-107636,30-04-2020,02-05-2020,First Class,NM-18520,Neoma Murray,Consumer,United States,Manchester,Connecticut,East,OFF-LA-10003388,Office Supplies,Labels,Avery 5,94.76,2,2.8224,Online
5526,CA-2020-154501,30-04-2020,05-05-2020,Standard Class,EA-14035,Erin Ashbrook,Corporate,United States,Los Angeles,California,West,OFF-AR-10002804,Office Supplies,Art,Faber Castell Col-Erase Pencils,117.78,2,4.0098,COD
5315,CA-2020-137876,30-04-2020,05-05-2020,Standard Class,DJ-13510,Don Jones,Corporate,United States,San Francisco,California,West,OFF-EN-10001219,Office Supplies,Envelopes,"#10- 4 1/8"" x 9 1/2"" Security-Tint Envelopes",94.56,4,14.9744,Online
2780,CA-2020-108322,30-04-2020,05-05-2020,Standard Class,SS-20140,Saphhira Shifley,Corporate,United States,Pompano Beach,Florida,South,TEC-AC-10003433,Technology,Accessories,Maxell 4.7GB DVD+R 5/Pack,124.376,3,0.7425,COD
2779,CA-2020-108322,30-04-2020,05-05-2020,Standard Class,SS-20140,Saphhira Shifley,Corporate,United States,Pompano Beach,Florida,South,FUR-FU-10001935,Furniture,Furnishings,3M Hangers With Command Adhesive,103.68,8,6.216,COD
3410,US-2020-150847,30-04-2020,06-05-2020,Standard Class,JF-15490,Jeremy Farry,Consumer,United States,Columbus,Ohio,East,OFF-PA-10004451,Office Supplies,Paper,Xerox 222,119.368,2,3.6288,Online
8564,US-2020-108315,30-04-2020,04-05-2020,Standard Class,MH-18115,Mick Hernandez,Home Office,United States,Sanford,Florida,South,OFF-BI-10000822,Office Supplies,Binders,"Acco PRESSTEX Data Binder with Storage Hooks, Light Blue, 9 1/2"" X 11""",126.842,3,-3.5508,Online
1917,CA-2020-124597,30-04-2020,05-05-2020,Standard Class,AS-10630,Ann Steele,Home Office,United States,Boynton Beach,Florida,South,OFF-LA-10001569,Office Supplies,Labels,Avery 499,119.952,3,3.8844,COD
5314,CA-2020-137876,30-04-2020,05-05-2020,Standard Class,DJ-13510,Don Jones,Corporate,United States,San Francisco,California,West,FUR-FU-10000222,Furniture,Furnishings,"Seth Thomas 16"" Steel Case Clock",151.96,2,21.4368,Online
9336,CA-2020-110198,01-05-2020,02-05-2020,First Class,AG-10900,Arthur Gainer,Consumer,United States,Coral Springs,Florida,South,OFF-LA-10004409,Office Supplies,Labels,Avery 492,215.608,2,1.4976,Online
9335,CA-2020-110198,01-05-2020,02-05-2020,First Class,AG-10900,Arthur Gainer,Consumer,United States,Coral Springs,Florida,South,FUR-BO-10001798,Furniture,Bookcases,Bush Somerset Collection Bookcase,335.352,3,-15.7176,Online
8235,CA-2020-102204,01-05-2020,06-05-2020,Standard Class,CJ-12010,Caroline Jumper,Consumer,United States,Jacksonville,Florida,South,OFF-SU-10001212,Office Supplies,Supplies,Kleencut Forged Office Shears by Acme United Corporation,92.328,2,0.416,COD
2518,CA-2020-123134,02-05-2020,07-05-2020,Standard Class,DW-13585,Dorothy Wardle,Corporate,United States,Westfield,New Jersey,East,FUR-FU-10003975,Furniture,Furnishings,Eldon Advantage Chair Mats for Low to Medium Pile Carpets,159.93,3,12.993,COD
7393,CA-2020-147844,02-05-2020,06-05-2020,Standard Class,DD-13570,Dorothy Dickinson,Consumer,United States,Los Angeles,California,West,OFF-PA-10003016,Office Supplies,Paper,"Adams ""While You Were Out"" Message Pads",95.7,5,7.065,Online
7395,CA-2020-147844,02-05-2020,06-05-2020,Standard Class,DD-13570,Dorothy Dickinson,Consumer,United States,Los Angeles,California,West,OFF-PA-10002713,Office Supplies,Paper,"Adams Phone Message Book, 200 Message Capacity, 8 1/16” x 11”",142.4,5,15.824,Online
7394,CA-2020-147844,02-05-2020,06-05-2020,Standard Class,DD-13570,Dorothy Dickinson,Consumer,United States,Los Angeles,California,West,OFF-AR-10001615,Office Supplies,Art,Newell 34,146.52,3,15.4752,Cards
8356,CA-2020-132199,03-05-2020,08-05-2020,Standard Class,BO-11350,Bill Overfelt,Corporate,United States,Philadelphia,Pennsylvania,East,OFF-FA-10002280,Office Supplies,Fasteners,Advantus Plastic Paper Clips,121.0,2,2.8,COD
8353,CA-2020-132199,03-05-2020,08-05-2020,Standard Class,BO-11350,Bill Overfelt,Corporate,United States,Philadelphia,Pennsylvania,East,OFF-BI-10003684,Office Supplies,Binders,Wilson Jones Legal Size Ring Binders,112.388,4,-17.592,COD
7610,CA-2020-163209,03-05-2020,07-05-2020,Standard Class,MK-18160,Mike Kennedy,Consumer,United States,San Francisco,California,West,OFF-AR-10003651,Office Supplies,Art,Newell 350,149.96,7,6.6584,COD
7609,CA-2020-163209,03-05-2020,07-05-2020,Standard Class,MK-18160,Mike Kennedy,Consumer,United States,San Francisco,California,West,OFF-PA-10001166,Office Supplies,Paper,Xerox 2,143.92,4,12.4416,Online
8352,CA-2020-132199,03-05-2020,08-05-2020,Standard Class,BO-11350,Bill Overfelt,Corporate,United States,Philadelphia,Pennsylvania,East,FUR-FU-10004245,Furniture,Furnishings,"Career Cubicle Clock, 8 1/4"", Black",149.448,2,7.3008,COD
3632,CA-2020-132178,03-05-2020,08-05-2020,Second Class,DB-12970,Darren Budd,Corporate,United States,Los Angeles,California,West,OFF-ST-10000464,Office Supplies,Storage,"Multi-Use Personal File Cart and Caster Set, Three Stacking Bins",150.52,2,19.4656,Cards
1353,CA-2020-162978,04-05-2020,09-05-2020,Standard Class,LW-16990,Lindsay Williams,Corporate,United States,San Francisco,California,West,TEC-PH-10003092,Technology,Phones,Motorola L804,232.96,5,20.6955,COD
1355,CA-2020-162978,04-05-2020,09-05-2020,Standard Class,LW-16990,Lindsay Williams,Corporate,United States,San Francisco,California,West,FUR-TA-10003473,Furniture,Tables,Bretford Rectangular Conference Table Tops,329.904,1,11.2839,Online
7178,CA-2020-133067,04-05-2020,10-05-2020,Standard Class,MY-18295,Muhammed Yedwab,Corporate,United States,Philadelphia,Pennsylvania,East,OFF-BI-10002897,Office Supplies,Binders,"Black Avery Memo-Size 3-Ring Binder, 5 1/2"" x 8 1/2""",92.202,2,-1.5414,Cards
2958,CA-2020-168900,04-05-2020,09-05-2020,Standard Class,SH-20395,Shahid Hopkins,Consumer,United States,Springfield,Ohio,East,OFF-BI-10003910,Office Supplies,Binders,DXL Angle-View Binders with Locking Rings by Samsill,87.313,1,-1.9275,COD
7179,CA-2020-133067,04-05-2020,10-05-2020,Standard Class,MY-18295,Muhammed Yedwab,Corporate,United States,Philadelphia,Pennsylvania,East,OFF-BI-10003694,Office Supplies,Binders,"Avery 3 1/2"" Diskette Storage Pages, 10/Pack",93.396,3,-7.5168,COD
1354,CA-2020-162978,04-05-2020,09-05-2020,Standard Class,LW-16990,Lindsay Williams,Corporate,United States,San Francisco,California,West,OFF-PA-10002250,Office Supplies,Paper,Things To Do Today Pad,103.61,3,8.4528,Cards
2469,CA-2020-128755,04-05-2020,08-05-2020,Standard Class,MK-18160,Mike Kennedy,Consumer,United States,Newport News,Virginia,South,OFF-PA-10004983,Office Supplies,Paper,Xerox 23,130.4,5,15.552,Cards
2467,CA-2020-128755,04-05-2020,08-05-2020,Standard Class,MK-18160,Mike Kennedy,Consumer,United States,Newport News,Virginia,South,OFF-PA-10000726,Office Supplies,Paper,"Black Print Carbonless Snap-Off Rapid Letter, 8 1/2"" x 7""",97.11,1,4.0995,Online
2470,CA-2020-128755,04-05-2020,08-05-2020,Standard Class,MK-18160,Mike Kennedy,Consumer,United States,Newport News,Virginia,South,OFF-ST-10001291,Office Supplies,Storage,"Tenex Personal Self-Stacking Standard File Box, Black/Gray",123.91,1,4.5657,Cards
6305,CA-2020-107552,05-05-2020,05-05-2020,Same Day,AI-10855,Arianne Irving,Consumer,United States,New York City,New York,East,OFF-PA-10002947,Office Supplies,Paper,Xerox 1923,117.68,1,3.2064,COD
5192,US-2020-141943,05-05-2020,09-05-2020,Standard Class,DK-12985,Darren Koutras,Consumer,United States,San Francisco,California,West,OFF-EN-10003448,Office Supplies,Envelopes,"Peel & Seel Recycled Catalog Envelopes, Brown",111.16,2,11.58,COD
5287,CA-2020-105991,05-05-2020,06-05-2020,First Class,LH-17020,Lisa Hazard,Consumer,United States,Louisville,Colorado,West,OFF-BI-10003274,Office Supplies,Binders,"Avery Durable Slant Ring Binders, No Labels",120.552,8,-7.3232,Cards
6264,CA-2020-160724,05-05-2020,10-05-2020,Standard Class,YS-21880,Yana Sorensen,Corporate,United States,Columbus,Georgia,South,OFF-BI-10004965,Office Supplies,Binders,Ibico Covers for Plastic or Wire Binding Elements,150.5,3,15.525,COD
5286,CA-2020-105991,05-05-2020,06-05-2020,First Class,LH-17020,Lisa Hazard,Consumer,United States,Louisville,Colorado,West,OFF-EN-10002600,Office Supplies,Envelopes,"Redi-Strip #10 Envelopes, 4 1/8 x 9 1/2",147.24,9,7.434,Online
2781,CA-2020-167668,06-05-2020,08-05-2020,First Class,TC-21295,Toby Carlisle,Consumer,United States,New York City,New York,East,OFF-LA-10004544,Office Supplies,Labels,Avery 505,108.2,4,29.6,Online
8442,CA-2020-145779,06-05-2020,10-05-2020,Standard Class,DB-13615,Doug Bickford,Consumer,United States,Tucson,Arizona,West,OFF-PA-10002254,Office Supplies,Paper,Xerox 1883,122.416,4,27.4352,COD
6637,CA-2020-144498,06-05-2020,06-05-2020,Same Day,MB-18085,Mick Brown,Consumer,United States,Charlotte,North Carolina,South,OFF-LA-10003510,Office Supplies,Labels,"Avery 4027 File Folder Labels for Dot Matrix Printers, 5000 Labels per Box, White",155.12,5,39.689,Online
7676,CA-2020-133487,06-05-2020,09-05-2020,Second Class,TS-21655,Trudy Schmidt,Consumer,United States,Rancho Cucamonga,California,West,OFF-AP-10001271,Office Supplies,Appliances,Eureka The Boss Cordless Rechargeable Stick Vac,188.94,3,41.2938,COD
9923,US-2020-162124,06-05-2020,10-05-2020,Standard Class,JF-15490,Jeremy Farry,Consumer,United States,Chicago,Illinois,Central,TEC-AC-10001990,Technology,Accessories,Kensington Orbit Wireless Mobile Trackball for PC and Mac,231.968,4,28.7952,Cards
1971,CA-2020-140242,06-05-2020,11-05-2020,Standard Class,ML-17755,Max Ludwig,Home Office,United States,Chicago,Illinois,Central,OFF-AR-10004752,Office Supplies,Art,Blackstonian Pencils,94.408,3,0.6408,COD
4127,CA-2020-156769,06-05-2020,09-05-2020,First Class,GZ-14470,Gary Zandusky,Consumer,United States,Arlington,Virginia,South,OFF-AR-10003179,Office Supplies,Art,Dixon Ticonderoga Core-Lock Colored Pencils,153.66,6,18.0378,Cards
3829,CA-2020-141733,07-05-2020,11-05-2020,Standard Class,RW-19540,Rick Wilson,Corporate,United States,Detroit,Michigan,Central,FUR-CH-10002019,Furniture,Chairs,SAFCO Optional Arm Kit for Workspace Cribbage Stacking Chair,131.64,1,7.4592,Online
3831,CA-2020-141733,07-05-2020,11-05-2020,Standard Class,RW-19540,Rick Wilson,Corporate,United States,Detroit,Michigan,Central,OFF-AP-10001563,Office Supplies,Appliances,Belkin Premiere Surge Master II 8-outlet surge protector,165.444,2,18.4604,COD
5001,CA-2020-159688,07-05-2020,12-05-2020,Standard Class,AB-10060,Adam Bellavance,Home Office,United States,Los Angeles,California,West,TEC-AC-10000736,Technology,Accessories,Logitech G600 MMO Gaming Mouse,171.99,1,28.7964,Online
9520,US-2020-104451,08-05-2020,12-05-2020,Second Class,MM-18055,Michelle Moray,Consumer,United States,San Francisco,California,West,OFF-AP-10000692,Office Supplies,Appliances,Fellowes Mighty 8 Compact Surge Protector,114.08,4,22.7024,Online
4471,CA-2020-156895,08-05-2020,12-05-2020,Standard Class,DJ-13510,Don Jones,Corporate,United States,Philadelphia,Pennsylvania,East,FUR-CH-10003535,Furniture,Chairs,"Global Armless Task Chair, Royal Blue",141.058,3,-23.7822,Online
1596,CA-2020-149181,08-05-2020,12-05-2020,Standard Class,MD-17350,Maribeth Dona,Consumer,United States,Columbus,Ohio,East,FUR-CH-10004540,Furniture,Chairs,Global Chrome Stack Chair,157.992,2,-2.0568,Online
9601,CA-2020-107797,08-05-2020,11-05-2020,Second Class,EB-13705,Ed Braxton,Corporate,United States,Mansfield,Texas,Central,OFF-PA-10003848,Office Supplies,Paper,Xerox 1997,163.472,8,14.5152,Online
8420,CA-2020-118199,09-05-2020,11-05-2020,First Class,LB-16795,Laurel Beltran,Home Office,United States,Seattle,Washington,West,OFF-ST-10000636,Office Supplies,Storage,Rogers Profile Extra Capacity Storage Tub,116.96,4,2.6784,Online
8418,CA-2020-118199,09-05-2020,11-05-2020,First Class,LB-16795,Laurel Beltran,Home Office,United States,Seattle,Washington,West,OFF-ST-10000604,Office Supplies,Storage,Home/Office Personal File Carts,139.28,3,26.07,Online
8417,CA-2020-118199,09-05-2020,11-05-2020,First Class,LB-16795,Laurel Beltran,Home Office,United States,Seattle,Washington,West,OFF-BI-10004330,Office Supplies,Binders,"GBC Velobind Prepunched Cover Sets, Regency Series",188.92,5,46.225,Online
8282,CA-2020-134810,09-05-2020,10-05-2020,First Class,MC-17605,Matt Connell,Corporate,United States,Jacksonville,North Carolina,South,FUR-CH-10001270,Furniture,Chairs,Harbour Creations Steel Folding Chair,240.0,3,25.875,COD
8281,CA-2020-134810,09-05-2020,10-05-2020,First Class,MC-17605,Matt Connell,Corporate,United States,Jacksonville,North Carolina,South,OFF-EN-10002504,Office Supplies,Envelopes,"Tyvek  Top-Opening Peel & Seel Envelopes, Plain White",134.232,3,22.0158,Cards
4701,CA-2020-140298,11-05-2020,17-05-2020,Standard Class,JK-16120,Julie Kriz,Home Office,United States,Austin,Texas,Central,OFF-ST-10004180,Office Supplies,Storage,Safco Commercial Shelving,100.416,2,-14.8832,Online
4700,CA-2020-140298,11-05-2020,17-05-2020,Standard Class,JK-16120,Julie Kriz,Home Office,United States,Austin,Texas,Central,OFF-AR-10003481,Office Supplies,Art,Newell 348,89.248,2,0.5904,COD
4702,CA-2020-140298,11-05-2020,17-05-2020,Standard Class,JK-16120,Julie Kriz,Home Office,United States,Austin,Texas,Central,OFF-PA-10003657,Office Supplies,Paper,Xerox 1927,90.848,2,2.14,Online
4124,CA-2020-133823,11-05-2020,12-05-2020,Same Day,LP-17080,Liz Pelletier,Consumer,United States,Seattle,Washington,West,OFF-BI-10000962,Office Supplies,Binders,"Acco Flexible ACCOHIDE Square Ring Data Binder, Dark Blue, 11 1/2"" X 14"" 7/8""",87.032,2,9.4366,Online
4703,CA-2020-140298,11-05-2020,17-05-2020,Standard Class,JK-16120,Julie Kriz,Home Office,United States,Austin,Texas,Central,FUR-FU-10001967,Furniture,Furnishings,Telescoping Adjustable Floor Lamp,118.996,1,-6.9965,Online
4122,CA-2020-133823,11-05-2020,12-05-2020,Same Day,LP-17080,Liz Pelletier,Consumer,United States,Seattle,Washington,West,OFF-PA-10002870,Office Supplies,Paper,"Ampad Phone Message Book, Recycled, 400 Message Capacity, 5 ¾” x 11”",113.44,6,16.848,Cards
4123,CA-2020-133823,11-05-2020,12-05-2020,Same Day,LP-17080,Liz Pelletier,Consumer,United States,Seattle,Washington,West,OFF-LA-10004545,Office Supplies,Labels,Avery 50,129.59,3,17.6673,Cards
7316,CA-2020-115322,11-05-2020,16-05-2020,Second Class,ZC-21910,Zuschuss Carroll,Consumer,United States,New York City,New York,East,OFF-AR-10004456,Office Supplies,Art,Panasonic KP-4ABK Battery-Operated Pencil Sharpener,149.92,3,12.7368,Online
3762,CA-2020-104577,12-05-2020,17-05-2020,Standard Class,CK-12205,Chloris Kastensmidt,Consumer,United States,Everett,Massachusetts,East,OFF-PA-10000659,Office Supplies,Paper,"TOPS Carbonless Receipt Book, Four 2-3/4 x 7-1/4 Money Receipts per Page",133.6,5,42.048,Online
6670,CA-2020-122175,12-05-2020,14-05-2020,Second Class,CA-12775,Cynthia Arntzen,Consumer,United States,Vineland,New Jersey,East,TEC-AC-10004859,Technology,Accessories,"Maxell Pro 80 Minute CD-R, 10/Pack",137.4,5,34.96,COD
1857,US-2020-158218,12-05-2020,15-05-2020,Second Class,AC-10420,Alyssa Crouse,Corporate,United States,Houston,Texas,Central,OFF-ST-10000563,Office Supplies,Storage,Fellowes Bankers Box Stor/Drawer Steel Plus,173.92,5,-15.99,COD
5821,CA-2020-117632,12-05-2020,18-05-2020,Standard Class,CS-12175,Charles Sheldon,Corporate,United States,San Francisco,California,West,OFF-SU-10000157,Office Supplies,Supplies,Compact Automatic Electric Letter Opener,266.62,2,4.7724,Online
5823,CA-2020-117632,12-05-2020,18-05-2020,Standard Class,CS-12175,Charles Sheldon,Corporate,United States,San Francisco,California,West,FUR-TA-10001520,Furniture,Tables,"Lesro Sheffield Collection Coffee Table, End Table, Center Table, Corner Table",306.48,5,-10.7055,Cards
5804,US-2020-106796,12-05-2020,19-05-2020,Standard Class,JP-16135,Julie Prescott,Home Office,United States,Springfield,Ohio,East,OFF-AR-10003504,Office Supplies,Art,Newell 347,96.272,3,1.1556,COD
6668,CA-2020-122175,12-05-2020,14-05-2020,Second Class,CA-12775,Cynthia Arntzen,Consumer,United States,Vineland,New Jersey,East,OFF-LA-10002271,Office Supplies,Labels,Smead Alpha-Z Color-Coded Second Alphabetical Labels and Starter Set,83.16,2,2.9568,Online
5822,CA-2020-117632,12-05-2020,18-05-2020,Standard Class,CS-12175,Charles Sheldon,Corporate,United States,San Francisco,California,West,OFF-AP-10004868,Office Supplies,Appliances,Hoover Commercial Soft Guard Upright Vacuum And Disposable Filtration Bags,101.77,1,2.0979,Cards
6281,CA-2020-152226,12-05-2020,16-05-2020,Standard Class,JH-15910,Jonathan Howell,Consumer,United States,Cincinnati,Ohio,East,OFF-LA-10000443,Office Supplies,Labels,Avery 501,90.904,2,1.9926,Cards
6669,CA-2020-122175,12-05-2020,14-05-2020,Second Class,CA-12775,Cynthia Arntzen,Consumer,United States,Vineland,New Jersey,East,OFF-SU-10004661,Office Supplies,Supplies,Acme Titanium Bonded Scissors,118.0,2,4.42,Online
5824,CA-2020-117632,12-05-2020,18-05-2020,Standard Class,CS-12175,Charles Sheldon,Corporate,United States,San Francisco,California,West,OFF-BI-10001900,Office Supplies,Binders,"DXL Angle-View Binders with Locking Rings, Black",119.168,4,6.4692,Cards
6667,CA-2020-122175,12-05-2020,14-05-2020,Second Class,CA-12775,Cynthia Arntzen,Consumer,United States,Vineland,New Jersey,East,FUR-FU-10000719,Furniture,Furnishings,"DAX Cubicle Frames, 8-1/2 x 11",131.85,5,15.426,COD
2599,CA-2020-149048,13-05-2020,17-05-2020,Standard Class,BM-11650,Brian Moss,Corporate,United States,Columbus,Indiana,Central,OFF-PA-10001752,Office Supplies,Paper,Hammermill CopyPlus Copy Paper (20Lb. and 84 Bright),88.94,3,7.3206,Online
8622,CA-2020-104318,13-05-2020,18-05-2020,Standard Class,FH-14275,Frank Hawley,Corporate,United States,Franklin,Tennessee,South,OFF-AP-10000358,Office Supplies,Appliances,Fellowes Basic Home/Office Series Surge Protectors,104.768,2,2.3364,COD
2431,CA-2020-100748,13-05-2020,20-05-2020,Standard Class,RB-19795,Ross Baird,Home Office,United States,San Francisco,California,West,OFF-LA-10000240,Office Supplies,Labels,Self-Adhesive Address Labels for Typewriters by Universal,142.48,8,27.4856,Cards
6412,CA-2020-161774,14-05-2020,15-05-2020,First Class,GT-14710,Greg Tran,Consumer,United States,Houston,Texas,Central,OFF-PA-10003134,Office Supplies,Paper,Xerox 1937,100.864,2,26.9024,Online
6462,US-2020-133361,14-05-2020,17-05-2020,First Class,AJ-10780,Anthony Jacobs,Corporate,United States,Baltimore,Maryland,East,TEC-AC-10003280,Technology,Accessories,Belkin F8E887 USB Wired Ergonomic Keyboard,111.97,3,18.8937,Online
6463,US-2020-133361,14-05-2020,17-05-2020,First Class,AJ-10780,Anthony Jacobs,Corporate,United States,Baltimore,Maryland,East,FUR-CH-10003298,Furniture,Chairs,"Office Star - Contemporary Task Swivel chair with Loop Arms, Charcoal",298.96,2,23.5764,Online
6459,US-2020-133361,14-05-2020,17-05-2020,First Class,AJ-10780,Anthony Jacobs,Corporate,United States,Baltimore,Maryland,East,OFF-AR-10001919,Office Supplies,Art,"OIC #2 Pencils, Medium Soft",83.76,2,1.0904,Online
6546,US-2020-154872,14-05-2020,18-05-2020,Standard Class,DP-13000,Darren Powers,Consumer,United States,Cleveland,Ohio,East,OFF-LA-10000973,Office Supplies,Labels,Avery 502,106.04,2,1.764,Cards
6460,US-2020-133361,14-05-2020,17-05-2020,First Class,AJ-10780,Anthony Jacobs,Corporate,United States,Baltimore,Maryland,East,OFF-AR-10003045,Office Supplies,Art,Prang Colored Pencils,112.7,5,6.615,Online
814,CA-2020-143686,14-05-2020,14-05-2020,Same Day,PJ-19015,Pauline Johnson,Consumer,United States,Santa Ana,California,West,FUR-FU-10000794,Furniture,Furnishings,"Eldon Stackable Tray, Side-Load, Legal, Smoke",98.28,2,6.2152,Cards
6411,CA-2020-161774,14-05-2020,15-05-2020,First Class,GT-14710,Greg Tran,Consumer,United States,Houston,Texas,Central,TEC-PH-10004071,Technology,Phones,PayAnywhere Card Reader,128.992,1,0.6993,Cards
4162,CA-2020-115546,14-05-2020,18-05-2020,Standard Class,AH-10465,Amy Hunt,Consumer,United States,New York City,New York,East,OFF-ST-10002214,Office Supplies,Storage,X-Rack File for Hanging Folders,143.58,2,5.8708,Online
6410,CA-2020-161774,14-05-2020,15-05-2020,First Class,GT-14710,Greg Tran,Consumer,United States,Houston,Texas,Central,OFF-PA-10000300,Office Supplies,Paper,Xerox 1936,152.952,3,16.1838,Online
6547,US-2020-154872,14-05-2020,18-05-2020,Standard Class,DP-13000,Darren Powers,Consumer,United States,Cleveland,Ohio,East,OFF-PA-10000483,Office Supplies,Paper,Xerox 19,149.784,1,7.745,COD
1245,CA-2020-133641,14-05-2020,21-05-2020,Standard Class,EJ-14155,Eva Jacobs,Consumer,United States,Gulfport,Mississippi,South,OFF-EN-10004955,Office Supplies,Envelopes,Fashion Color Clasp Envelopes,130.69,9,23.8581,Online
6461,US-2020-133361,14-05-2020,17-05-2020,First Class,AJ-10780,Anthony Jacobs,Corporate,United States,Baltimore,Maryland,East,OFF-AR-10003338,Office Supplies,Art,"Eberhard Faber 3 1/2"" Golf Pencils",135.2,5,9.3,Cards
6409,CA-2020-161774,14-05-2020,15-05-2020,First Class,GT-14710,Greg Tran,Consumer,United States,Houston,Texas,Central,OFF-AR-10001446,Office Supplies,Art,Newell 309,133.2,5,5.775,COD
4650,CA-2020-129357,14-05-2020,19-05-2020,Standard Class,KB-16585,Ken Black,Corporate,United States,Seattle,Washington,West,OFF-SU-10004498,Office Supplies,Supplies,Martin-Yale Premier Letter Opener,151.4,5,1.932,COD
6464,US-2020-133361,14-05-2020,17-05-2020,First Class,AJ-10780,Anthony Jacobs,Corporate,United States,Baltimore,Maryland,East,OFF-LA-10004544,Office Supplies,Labels,Avery 505,171.0,5,37.0,Online
2634,US-2020-110604,15-05-2020,20-05-2020,Standard Class,JF-15295,Jason Fortune-,Consumer,United States,Seattle,Washington,West,FUR-CH-10004287,Furniture,Chairs,SAFCO Arco Folding Chair,265.96,1,24.858,Online
959,CA-2020-102414,15-05-2020,18-05-2020,Second Class,JA-15970,Joseph Airdo,Consumer,United States,Phoenix,Arizona,West,OFF-PA-10002333,Office Supplies,Paper,"Universal Ultra Bright White Copier/Laser Paper, 8 1/2"" x 11"", Ream",108.552,3,5.6376,COD
5511,US-2020-152569,15-05-2020,20-05-2020,Standard Class,JD-16015,Joy Daniels,Consumer,United States,Chicago,Illinois,Central,TEC-PH-10002185,Technology,Phones,QVS USB Car Charger 2-Port 2.1Amp for iPod/iPhone/iPad/iPad 2/iPad 3,86.12,2,3.475,Online
958,CA-2020-102414,15-05-2020,18-05-2020,Second Class,JA-15970,Joseph Airdo,Consumer,United States,Phoenix,Arizona,West,OFF-BI-10004465,Office Supplies,Binders,Avery Durable Slant Ring Binders,114.752,2,-3.168,COD
957,CA-2020-102414,15-05-2020,18-05-2020,Second Class,JA-15970,Joseph Airdo,Consumer,United States,Phoenix,Arizona,West,TEC-PH-10002923,Technology,Phones,"Logitech B530 USB Headset - headset - Full size, Binaural",117.592,1,2.5893,Online
2632,US-2020-110604,15-05-2020,20-05-2020,Standard Class,JF-15295,Jason Fortune-,Consumer,United States,Seattle,Washington,West,FUR-FU-10000076,Furniture,Furnishings,24-Hour Round Wall Clock,141.96,2,17.1828,COD
2633,US-2020-110604,15-05-2020,20-05-2020,Standard Class,JF-15295,Jason Fortune-,Consumer,United States,Seattle,Washington,West,FUR-CH-10002019,Furniture,Chairs,SAFCO Optional Arm Kit for Workspace Cribbage Stacking Chair,152.624,2,4.2624,COD
5510,US-2020-152569,15-05-2020,20-05-2020,Standard Class,JD-16015,Joy Daniels,Consumer,United States,Chicago,Illinois,Central,OFF-PA-10001736,Office Supplies,Paper,Xerox 1880,179.704,2,19.1376,COD
5223,CA-2020-117401,18-05-2020,22-05-2020,Second Class,PP-18955,Paul Prost,Home Office,United States,Springfield,Missouri,Central,TEC-PH-10003555,Technology,Phones,Motorola HK250 Universal Bluetooth Headset,156.95,5,2.299,COD
4715,CA-2020-121643,18-05-2020,20-05-2020,First Class,AB-10105,Adrian Barton,Consumer,United States,Portland,Oregon,West,TEC-PH-10002200,Technology,Phones,Aastra 6757i CT Wireless VoIP phone,364.704,2,38.7792,COD
4188,CA-2020-112536,18-05-2020,23-05-2020,Standard Class,SG-20890,Susan Gilcrest,Corporate,United States,Mcallen,Texas,Central,OFF-BI-10002571,Office Supplies,Binders,"Avery Framed View Binder, EZD Ring (Locking), Navy, 1 1/2""",80.996,1,-3.2934,Cards
4189,CA-2020-112536,18-05-2020,23-05-2020,Standard Class,SG-20890,Susan Gilcrest,Corporate,United States,Mcallen,Texas,Central,OFF-ST-10004835,Office Supplies,Storage,Plastic Stacking Crates & Casters,89.928,2,0.6696,Cards
4187,CA-2020-112536,18-05-2020,23-05-2020,Standard Class,SG-20890,Susan Gilcrest,Corporate,United States,Mcallen,Texas,Central,OFF-BI-10003712,Office Supplies,Binders,"Acco Pressboard Covers with Storage Hooks, 14 7/8"" x 11"", Light Blue",105.874,7,-10.6547,Online
3942,CA-2020-117863,18-05-2020,23-05-2020,Standard Class,TS-21340,Toby Swindell,Consumer,United States,New York City,New York,East,OFF-BI-10000605,Office Supplies,Binders,"Acco Pressboard Covers with Storage Hooks, 9 1/2"" x 11"", Executive Red",102.048,1,1.0287,COD
4423,CA-2020-159464,18-05-2020,19-05-2020,First Class,TB-21355,Todd Boyes,Corporate,United States,Sandy Springs,Georgia,South,OFF-AP-10001492,Office Supplies,Appliances,"Acco Six-Outlet Power Strip, 4' Cord Length",103.24,2,4.4824,COD
8184,CA-2020-155642,18-05-2020,22-05-2020,Standard Class,BM-11575,Brendan Murry,Corporate,United States,Chicago,Illinois,Central,FUR-FU-10001918,Furniture,Furnishings,C-Line Cubicle Keepers Polyproplyene Holder With Velcro Backings,105.892,1,-0.9933,Online
8183,CA-2020-155642,18-05-2020,22-05-2020,Standard Class,BM-11575,Brendan Murry,Corporate,United States,Chicago,Illinois,Central,FUR-FU-10004973,Furniture,Furnishings,Flat Face Poster Frame,146.608,3,-10.1736,COD
3941,CA-2020-117863,18-05-2020,23-05-2020,Standard Class,TS-21340,Toby Swindell,Consumer,United States,New York City,New York,East,FUR-FU-10002456,Furniture,Furnishings,"Master Caster Door Stop, Large Neon Orange",112.56,2,6.2608,Cards
4427,CA-2020-159464,18-05-2020,19-05-2020,First Class,TB-21355,Todd Boyes,Corporate,United States,Sandy Springs,Georgia,South,TEC-PH-10002350,Technology,Phones,Apple EarPods with Remote and Mic,149.98,2,15.6744,COD
2844,CA-2020-112865,18-05-2020,22-05-2020,Standard Class,BH-11710,Brosina Hoffman,Consumer,United States,Philadelphia,Pennsylvania,East,TEC-AC-10000387,Technology,Accessories,KeyTronic KT800P2 - Keyboard - Black,133.048,3,-0.9012,Online
4425,CA-2020-159464,18-05-2020,19-05-2020,First Class,TB-21355,Todd Boyes,Corporate,United States,Sandy Springs,Georgia,South,TEC-PH-10002185,Technology,Phones,QVS USB Car Charger 2-Port 2.1Amp for iPod/iPhone/iPad/iPad 2/iPad 3,129.75,5,15.6375,Online
5224,CA-2020-117401,18-05-2020,22-05-2020,Second Class,PP-18955,Paul Prost,Home Office,United States,Springfield,Missouri,Central,OFF-BI-10001267,Office Supplies,Binders,"Universal Recycled Hanging Pressboard Report Binders, Letter Size",160.19,7,20.7312,Cards
5939,CA-2020-122077,19-05-2020,25-05-2020,Standard Class,JF-15295,Jason Fortune-,Consumer,United States,Plano,Texas,Central,TEC-PH-10003811,Technology,Phones,Jabra Supreme Plus Driver Edition Headset,105.992,1,9.5992,Online
628,CA-2020-153787,19-05-2020,23-05-2020,Standard Class,AT-10735,Annie Thurman,Consumer,United States,Seattle,Washington,West,OFF-AP-10001563,Office Supplies,Appliances,Belkin Premiere Surge Master II 8-outlet surge protector,139.16,2,28.1764,Cards
6369,US-2020-147998,19-05-2020,24-05-2020,Standard Class,SA-20830,Sue Ann Reed,Consumer,United States,San Jose,California,West,OFF-BI-10002082,Office Supplies,Binders,GBC Twin Loop Wire Binding Elements,172.12,5,49.92,COD
3626,CA-2020-113530,19-05-2020,21-05-2020,Second Class,BC-11125,Becky Castell,Home Office,United States,San Francisco,California,West,OFF-AR-10001315,Office Supplies,Art,Newell 310,102.52,2,1.0208,Online
5940,CA-2020-122077,19-05-2020,25-05-2020,Standard Class,JF-15295,Jason Fortune-,Consumer,United States,Plano,Texas,Central,OFF-LA-10004178,Office Supplies,Labels,Avery 491,92.216,4,4.2952,Online
3627,CA-2020-113530,19-05-2020,21-05-2020,Second Class,BC-11125,Becky Castell,Home Office,United States,San Francisco,California,West,OFF-AR-10000122,Office Supplies,Art,Newell 314,95.58,1,1.395,Online
6045,CA-2020-145702,19-05-2020,24-05-2020,Second Class,AH-10075,Adam Hart,Corporate,United States,Knoxville,Tennessee,South,OFF-PA-10001526,Office Supplies,Paper,Xerox 1949,124.888,7,10.1094,Online
3628,CA-2020-113530,19-05-2020,21-05-2020,Second Class,BC-11125,Becky Castell,Home Office,United States,San Francisco,California,West,TEC-AC-10001465,Technology,Accessories,SanDisk Cruzer 64 GB USB Flash Drive,117.32,1,10.896,COD
9011,CA-2020-127803,19-05-2020,23-05-2020,Standard Class,ND-18460,Neil Ducich,Corporate,United States,Huntsville,Alabama,South,OFF-BI-10001787,Office Supplies,Binders,Wilson Jones Four-Pocket Poly Binders,131.16,4,12.8184,COD
5454,US-2020-108700,19-05-2020,23-05-2020,Standard Class,PJ-18835,Patrick Jones,Corporate,United States,Rockford,Illinois,Central,OFF-PA-10004733,Office Supplies,Paper,Things To Do Today Spiral Book,145.016,6,13.7808,Cards
2859,CA-2020-138975,19-05-2020,23-05-2020,Standard Class,SC-20380,Shahid Collister,Consumer,United States,Atlanta,Georgia,South,TEC-AC-10003441,Technology,Accessories,Kingston Digital DataTraveler 32GB USB 2.0,179.8,4,4.068,COD
4363,CA-2020-111332,20-05-2020,22-05-2020,Second Class,NC-18340,Nat Carroll,Consumer,United States,Fargo,North Dakota,Central,OFF-AR-10001953,Office Supplies,Art,Boston 1645 Deluxe Heavier-Duty Electric Pencil Sharpener,174.94,3,35.6238,COD
6070,CA-2020-166695,20-05-2020,24-05-2020,Standard Class,CC-12430,Chuck Clark,Home Office,United States,Lakewood,California,West,TEC-MA-10003176,Technology,Machines,Okidata B400 Printer,383.2,1,38.61,COD
4366,CA-2020-111332,20-05-2020,22-05-2020,Second Class,NC-18340,Nat Carroll,Consumer,United States,Fargo,North Dakota,Central,OFF-FA-10001843,Office Supplies,Fasteners,Staples,95.41,3,3.4827,COD
6069,CA-2020-166695,20-05-2020,24-05-2020,Standard Class,CC-12430,Chuck Clark,Home Office,United States,Lakewood,California,West,FUR-FU-10002191,Furniture,Furnishings,G.E. Halogen Desk Lamp Bulbs,119.98,1,3.3504,COD
9143,US-2020-166688,20-05-2020,26-05-2020,Standard Class,RD-19480,Rick Duston,Consumer,United States,Las Vegas,Nevada,West,OFF-BI-10004040,Office Supplies,Binders,Wilson Jones Impact Binders,110.288,2,3.0044,Cards
4364,CA-2020-111332,20-05-2020,22-05-2020,Second Class,NC-18340,Nat Carroll,Consumer,United States,Fargo,North Dakota,Central,OFF-AR-10001374,Office Supplies,Art,"BIC Brite Liner Highlighters, Chisel Tip",137.92,4,8.2944,Cards
6907,CA-2020-149468,20-05-2020,20-05-2020,Same Day,AR-10405,Allen Rosenblatt,Corporate,United States,Trenton,Michigan,Central,OFF-BI-10002225,Office Supplies,Binders,"Square Ring Data Binders, Rigid 75 Pt. Covers, 11"" x 14-7/8""",115.28,2,19.8144,Online
9145,US-2020-166688,20-05-2020,26-05-2020,Standard Class,RD-19480,Rick Duston,Consumer,United States,Las Vegas,Nevada,West,OFF-AP-10000358,Office Supplies,Appliances,Fellowes Basic Home/Office Series Surge Protectors,158.9,5,18.821,Cards
990,CA-2020-167899,21-05-2020,26-05-2020,Standard Class,JG-15805,John Grady,Corporate,United States,Auburn,New York,East,OFF-AR-10001988,Office Supplies,Art,Bulldog Table or Wall-Mount Pencil Sharpener,94.97,3,5.2113,COD
6467,CA-2020-153080,22-05-2020,25-05-2020,Second Class,EH-13945,Eric Hoffmann,Consumer,United States,Los Angeles,California,West,TEC-AC-10002331,Technology,Accessories,"Maxell 74 Minute CDR, 10/Pack",113.46,7,25.3302,COD
5542,US-2020-150595,22-05-2020,26-05-2020,Standard Class,LE-16810,Laurel Elliston,Consumer,United States,Chicago,Illinois,Central,OFF-SU-10000381,Office Supplies,Supplies,Acme Forged Steel Scissors with Black Enamel Handles,116.344,3,2.5137,COD
9248,CA-2020-130106,22-05-2020,26-05-2020,Standard Class,VF-21715,Vicky Freymann,Home Office,United States,San Francisco,California,West,OFF-AR-10003732,Office Supplies,Art,Newell 333,116.78,1,0.7228,Online
5541,US-2020-150595,22-05-2020,26-05-2020,Standard Class,LE-16810,Laurel Elliston,Consumer,United States,Chicago,Illinois,Central,OFF-BI-10003274,Office Supplies,Binders,"Avery Durable Slant Ring Binders, No Labels",96.592,2,-2.6268,Online
9247,CA-2020-130106,22-05-2020,26-05-2020,Standard Class,VF-21715,Vicky Freymann,Home Office,United States,San Francisco,California,West,OFF-AR-10003651,Office Supplies,Art,Newell 350,102.84,3,2.8536,Online
7245,US-2020-151127,22-05-2020,25-05-2020,First Class,RL-19615,Rob Lucas,Consumer,United States,Los Angeles,California,West,OFF-AR-10002445,Office Supplies,Art,SANFORD Major Accent Highlighters,155.56,7,18.8328,Online
4510,CA-2020-167003,23-05-2020,29-05-2020,Standard Class,VS-21820,Vivek Sundaresam,Consumer,United States,Los Angeles,California,West,FUR-TA-10001520,Furniture,Tables,"Lesro Sheffield Collection Coffee Table, End Table, Center Table, Corner Table",220.288,3,-6.4233,Cards
4872,CA-2020-164042,23-05-2020,27-05-2020,Standard Class,KL-16645,Ken Lonsdale,Consumer,United States,Houston,Texas,Central,OFF-FA-10000840,Office Supplies,Fasteners,OIC Thumb-Tacks,71.824,2,0.6156,Online
4875,CA-2020-164042,23-05-2020,27-05-2020,Standard Class,KL-16645,Ken Lonsdale,Consumer,United States,Houston,Texas,Central,OFF-BI-10001922,Office Supplies,Binders,Storex Dura Pro Binders,100.188,1,-1.9602,Online
4874,CA-2020-164042,23-05-2020,27-05-2020,Standard Class,KL-16645,Ken Lonsdale,Consumer,United States,Houston,Texas,Central,OFF-ST-10002301,Office Supplies,Storage,Tennsco Commercial Shelving,161.816,3,-11.5938,Online
8014,CA-2020-120168,25-05-2020,25-05-2020,Same Day,TB-21625,Trudy Brown,Consumer,United States,New York City,New York,East,TEC-AC-10002167,Technology,Accessories,Imation 8gb Micro Traveldrive Usb 2.0 Flash Drive,139.0,8,13.2,COD
8015,CA-2020-120168,25-05-2020,25-05-2020,Same Day,TB-21625,Trudy Brown,Consumer,United States,New York City,New York,East,OFF-FA-10000936,Office Supplies,Fasteners,Acco Hot Clips Clips to Go,103.29,1,1.4805,COD
9128,CA-2020-112473,25-05-2020,01-06-2020,Standard Class,JL-15505,Jeremy Lonsdale,Consumer,United States,Houston,Texas,Central,OFF-ST-10002182,Office Supplies,Storage,"Iris 3-Drawer Stacking Bin, Black",113.136,3,-11.2806,Cards
8016,CA-2020-120168,25-05-2020,25-05-2020,Same Day,TB-21625,Trudy Brown,Consumer,United States,New York City,New York,East,FUR-FU-10000732,Furniture,Furnishings,Eldon 200 Class Desk Accessories,142.84,3,6.0288,Cards
6671,CA-2020-161088,25-05-2020,29-05-2020,Standard Class,MH-18115,Mick Hernandez,Home Office,United States,Columbus,Georgia,South,OFF-BI-10002824,Office Supplies,Binders,Recycled Easel Ring Binders,145.84,2,13.428,COD
9438,CA-2020-107853,26-05-2020,31-05-2020,Standard Class,CD-11920,Carlos Daly,Consumer,United States,Oceanside,California,West,OFF-PA-10000520,Office Supplies,Paper,Xerox 201,77.96,2,6.2208,Online
7001,CA-2020-123687,26-05-2020,29-05-2020,First Class,KC-16675,Kimberly Carter,Corporate,United States,Louisville,Kentucky,South,OFF-SU-10004498,Office Supplies,Supplies,Martin-Yale Premier Letter Opener,126.76,2,0.7728,Cards
9067,CA-2020-152968,26-05-2020,30-05-2020,Standard Class,BM-11785,Bryan Mills,Consumer,United States,Harrisonburg,Virginia,South,TEC-AC-10000521,Technology,Accessories,"Verbatim Slim CD and DVD Storage Cases, 50/Pack",130.08,2,6.924,Online
5376,CA-2020-134152,27-05-2020,31-05-2020,Standard Class,RP-19855,Roy Phan,Corporate,United States,Seattle,Washington,West,TEC-AC-10004510,Technology,Accessories,Logitech Desktop MK120 Mouse and keyboard Combo,125.16,6,9.816,Cards
6438,US-2020-116897,27-05-2020,29-05-2020,First Class,JG-15160,James Galang,Consumer,United States,Pocatello,Idaho,West,TEC-PH-10004389,Technology,Phones,Nokia Lumia 925,342.376,3,22.6782,Online
6437,US-2020-116897,27-05-2020,29-05-2020,First Class,JG-15160,James Galang,Consumer,United States,Pocatello,Idaho,West,OFF-ST-10000025,Office Supplies,Storage,Fellowes Stor/Drawer Steel Plus Storage Drawers,515.15,5,28.629,COD
9457,CA-2020-151855,27-05-2020,03-06-2020,Standard Class,BW-11110,Bart Watters,Corporate,United States,Greensboro,North Carolina,South,TEC-AC-10002380,Technology,Accessories,Sony 8GB Class 10 Micro SDHC R40 Memory Card,103.192,3,0.3399,COD
9458,CA-2020-151855,27-05-2020,03-06-2020,Standard Class,BW-11110,Bart Watters,Corporate,United States,Greensboro,North Carolina,South,OFF-BI-10004209,Office Supplies,Binders,"Fellowes Twister Kit, Gray/Clear, 3/pkg",115.06,5,-10.05,Cards
5377,CA-2020-134152,27-05-2020,31-05-2020,Standard Class,RP-19855,Roy Phan,Corporate,United States,Seattle,Washington,West,OFF-AR-10004062,Office Supplies,Art,Staples in misc. colors,136.44,3,7.86,COD
6436,US-2020-116897,27-05-2020,29-05-2020,First Class,JG-15160,James Galang,Consumer,United States,Pocatello,Idaho,West,FUR-FU-10004963,Furniture,Furnishings,"Eldon 400 Class Desk Accessories, Black Carbon",138.0,4,14.7,Online
3943,CA-2020-160458,27-05-2020,29-05-2020,Second Class,EH-13945,Eric Hoffmann,Consumer,United States,Memphis,Tennessee,South,OFF-PA-10001166,Office Supplies,Paper,Xerox 2,146.92,5,9.072,Cards
3082,US-2020-132297,27-05-2020,02-06-2020,Standard Class,DW-13480,Dianna Wilson,Home Office,United States,Louisville,Kentucky,South,OFF-BI-10003364,Office Supplies,Binders,Binding Machine Supplies,165.34,2,28.0032,Cards
9133,CA-2020-100055,28-05-2020,01-06-2020,Standard Class,MD-17860,Michael Dominguez,Corporate,United States,Laurel,Maryland,East,OFF-AP-10001469,Office Supplies,Appliances,Fellowes 8 Outlet Superior Workstation Surge Protector,137.13,3,36.2877,COD
8786,CA-2020-145765,28-05-2020,02-06-2020,Standard Class,CM-11815,Candace McMahon,Corporate,United States,Phoenix,Arizona,West,TEC-PH-10001305,Technology,Phones,Panasonic KX TS208W Corded phone,219.96,5,19.596,Cards
86,CA-2020-140088,28-05-2020,30-05-2020,Second Class,PO-18865,Patrick O'Donnell,Consumer,United States,Columbia,South Carolina,South,FUR-CH-10000863,Furniture,Chairs,Novimex Swivel Fabric Task Chair,323.96,2,33.2156,Online
9295,CA-2020-161340,28-05-2020,01-06-2020,Standard Class,AM-10360,Alice McCarthy,Corporate,United States,Cleveland,Ohio,East,OFF-PA-10002464,Office Supplies,Paper,HP Office Recycled Paper (20Lb. and 87 Bright),101.872,3,5.0286,Cards
8458,US-2020-118556,28-05-2020,02-06-2020,Second Class,TH-21235,Tiffany House,Corporate,United States,Chicago,Illinois,Central,OFF-BI-10004364,Office Supplies,Binders,Storex Dura Pro Binders,94.564,3,-6.237,COD
8787,CA-2020-145765,28-05-2020,02-06-2020,Standard Class,CM-11815,Candace McMahon,Corporate,United States,Phoenix,Arizona,West,OFF-PA-10001534,Office Supplies,Paper,Xerox 230,130.552,3,5.4432,Online
9132,CA-2020-100055,28-05-2020,01-06-2020,Standard Class,MD-17860,Michael Dominguez,Corporate,United States,Laurel,Maryland,East,FUR-FU-10001473,Furniture,Furnishings,DAX Wood Document Frame,123.46,2,9.8856,Online
2434,US-2020-112613,28-05-2020,01-06-2020,Standard Class,JH-15910,Jonathan Howell,Consumer,United States,Houston,Texas,Central,TEC-PH-10001536,Technology,Phones,Spigen Samsung Galaxy S5 Case Wallet,128.368,4,4.0776,Online
6249,CA-2020-121580,29-05-2020,04-06-2020,Standard Class,ML-17410,Maris LaWare,Consumer,United States,Columbus,Indiana,Central,FUR-FU-10003981,Furniture,Furnishings,Eldon Wave Desk Accessories,113.24,3,2.6208,COD
6251,CA-2020-121580,29-05-2020,04-06-2020,Standard Class,ML-17410,Maris LaWare,Consumer,United States,Columbus,Indiana,Central,OFF-PA-10004082,Office Supplies,Paper,"Adams Telephone Message Book w/Frequently-Called Numbers Space, 400 Messages per Book",120.98,1,3.99,Online
3717,CA-2020-144568,29-05-2020,02-06-2020,Standard Class,JO-15550,Jesus Ocampo,Home Office,United States,Omaha,Nebraska,Central,OFF-FA-10004395,Office Supplies,Fasteners,Plymouth Boxed Rubber Bands by Plymouth,122.55,5,1.1775,COD
371,CA-2020-104745,29-05-2020,04-06-2020,Standard Class,GT-14755,Guy Thornton,Consumer,United States,Harlingen,Texas,Central,OFF-PA-10002036,Office Supplies,Paper,Xerox 1930,125.92,5,9.396,COD
6248,CA-2020-121580,29-05-2020,04-06-2020,Standard Class,ML-17410,Maris LaWare,Consumer,United States,Columbus,Indiana,Central,OFF-BI-10000632,Office Supplies,Binders,Satellite Sectional Post Binders,130.41,1,19.9686,COD
372,CA-2020-104745,29-05-2020,04-06-2020,Standard Class,GT-14755,Guy Thornton,Consumer,United States,Harlingen,Texas,Central,OFF-ST-10002205,Office Supplies,Storage,File Shuttle I and Handi-File,132.424,3,4.6746,Online
7412,CA-2020-121125,30-05-2020,03-06-2020,Standard Class,MG-17890,Michael Granlund,Home Office,United States,Tigard,Oregon,West,TEC-PH-10001619,Technology,Phones,LG G3,180.792,1,17.6391,COD
9513,CA-2020-142461,30-05-2020,03-06-2020,Second Class,KT-16480,Kean Thornton,Consumer,United States,Dallas,Texas,Central,FUR-BO-10001811,Furniture,Bookcases,"Atlantic Metals Mobile 5-Shelf Bookcases, Custom Colors",221.6664,1,-6.0196,COD
6402,CA-2020-125472,30-05-2020,31-05-2020,First Class,BD-11725,Bruce Degenhardt,Consumer,United States,Lafayette,Louisiana,South,FUR-BO-10000330,Furniture,Bookcases,"Sauder Camden County Barrister Bookcase, Planked Cherry Finish",276.96,2,33.8744,COD
6403,CA-2020-125472,30-05-2020,31-05-2020,First Class,BD-11725,Bruce Degenhardt,Consumer,United States,Lafayette,Louisiana,South,OFF-BI-10000591,Office Supplies,Binders,Avery Binder Labels,81.89,1,1.8672,COD
8811,CA-2020-120614,30-05-2020,04-06-2020,Standard Class,SM-20950,Suzanne McNair,Corporate,United States,Los Angeles,California,West,OFF-PA-10004911,Office Supplies,Paper,"Rediform S.O.S. 1-Up Phone Message Bk, 4-1/4x3-1/16 Bk, 1 Form/Pg, 40 Messages/Bk, 3/Pk",106.52,4,18.0096,COD
7414,CA-2020-121125,30-05-2020,03-06-2020,Standard Class,MG-17890,Michael Granlund,Home Office,United States,Tigard,Oregon,West,FUR-FU-10000820,Furniture,Furnishings,Tensor Brushed Steel Torchiere Floor Lamp,123.592,1,-0.3398,COD
7413,CA-2020-121125,30-05-2020,03-06-2020,Standard Class,MG-17890,Michael Granlund,Home Office,United States,Tigard,Oregon,West,TEC-AC-10002323,Technology,Accessories,SanDisk Ultra 32 GB MicroSDHC Class 10 Memory Card,144.36,2,-3.094,COD
9950,CA-2020-121559,01-06-2020,03-06-2020,Second Class,HW-14935,Helen Wasserman,Corporate,United States,Indianapolis,Indiana,Central,TEC-AC-10004568,Technology,Accessories,Maxell LTO Ultrium - 800 GB,118.97,3,15.9543,Online
2288,US-2020-112928,01-06-2020,05-06-2020,Second Class,BB-10990,Barry Blumstein,Corporate,United States,Toledo,Ohio,East,OFF-AP-10002287,Office Supplies,Appliances,"Eureka Sanitaire  Multi-Pro Heavy-Duty Upright, Disposable Bags",105.48,5,1.311,COD
4838,CA-2020-106831,01-06-2020,03-06-2020,First Class,FH-14350,Fred Harton,Consumer,United States,Dublin,Ohio,East,OFF-BI-10003429,Office Supplies,Binders,"Cardinal HOLDit! Binder Insert Strips,Extra Strips",108.798,2,-2.6586,COD
4839,CA-2020-106831,01-06-2020,03-06-2020,First Class,FH-14350,Fred Harton,Consumer,United States,Dublin,Ohio,East,OFF-PA-10000682,Office Supplies,Paper,Xerox 1924,140.744,6,10.0572,COD
9952,CA-2020-121559,01-06-2020,03-06-2020,Second Class,HW-14935,Helen Wasserman,Corporate,United States,Indianapolis,Indiana,Central,OFF-BI-10002072,Office Supplies,Binders,Cardinal Slant-D Ring Binders,149.38,2,8.69,COD
9951,CA-2020-121559,01-06-2020,03-06-2020,Second Class,HW-14935,Helen Wasserman,Corporate,United States,Indianapolis,Indiana,Central,TEC-AC-10001714,Technology,Accessories,Logitech MX Performance Wireless Mouse,143.89,1,14.7593,COD
7660,CA-2020-146493,01-06-2020,05-06-2020,Standard Class,CV-12805,Cynthia Voltz,Corporate,United States,Fremont,Nebraska,Central,OFF-BI-10003676,Office Supplies,Binders,"GBC Standard Recycled Report Covers, Clear Plastic Sheets",140.9,5,25.872,COD
3689,CA-2020-140760,02-06-2020,05-06-2020,Second Class,DO-13435,Denny Ordway,Consumer,United States,Mesa,Arizona,West,OFF-PA-10002479,Office Supplies,Paper,Xerox 4200 Series MultiUse Premium Copy Paper (20Lb. and 84 Bright),120.344,6,7.92,COD
1331,CA-2020-127705,02-06-2020,06-06-2020,Standard Class,AB-10255,Alejandro Ballentine,Home Office,United States,Lorain,Ohio,East,TEC-PH-10000347,Technology,Phones,Cush Cases Heavy Duty Rugged Cover Case for Samsung Galaxy S5 - Purple,95.97,1,-0.6435,COD
4769,CA-2020-158883,02-06-2020,03-06-2020,Same Day,CS-11860,Cari Schnelling,Consumer,United States,Jacksonville,North Carolina,South,OFF-PA-10004733,Office Supplies,Paper,Things To Do Today Spiral Book,110.344,4,9.1872,COD
7733,CA-2020-143294,02-06-2020,08-06-2020,Standard Class,JD-15790,John Dryer,Consumer,United States,Houston,Texas,Central,OFF-PA-10000743,Office Supplies,Paper,Xerox 1977,144.688,2,3.7408,COD
1332,CA-2020-127705,02-06-2020,06-06-2020,Standard Class,AB-10255,Alejandro Ballentine,Home Office,United States,Lorain,Ohio,East,OFF-ST-10004507,Office Supplies,Storage,Advantus Rolling Storage Box,124.44,2,2.401,Online
3690,CA-2020-140760,02-06-2020,05-06-2020,Second Class,DO-13435,Denny Ordway,Consumer,United States,Mesa,Arizona,West,OFF-EN-10001141,Office Supplies,Envelopes,"Manila Recycled Extra-Heavyweight Clasp Envelopes, 6"" x 9""",146.92,5,15.921,Online
6485,CA-2020-113908,03-06-2020,09-06-2020,Standard Class,KN-16390,Katherine Nockton,Corporate,United States,New York City,New York,East,TEC-MA-10003173,Technology,Machines,Hewlett-Packard 300S Scientific Calculator,111.66,6,36.1836,COD
9451,CA-2020-145506,03-06-2020,07-06-2020,Standard Class,MO-17800,Meg O'Connel,Home Office,United States,Spokane,Washington,West,OFF-ST-10004963,Office Supplies,Storage,Eldon Gobal File Keepers,150.26,9,5.4504,Online
6483,CA-2020-140872,03-06-2020,10-06-2020,Standard Class,NR-18550,Nick Radford,Consumer,United States,Pembroke Pines,Florida,South,TEC-AC-10002942,Technology,Accessories,WD My Passport Ultra 1TB Portable External Hard Drive,153.4,2,-4.14,Online
6478,CA-2020-140872,03-06-2020,10-06-2020,Standard Class,NR-18550,Nick Radford,Consumer,United States,Pembroke Pines,Florida,South,TEC-AC-10003832,Technology,Accessories,Logitech P710e Mobile Speakerphone,222.992,1,-2.5749,Online
6482,CA-2020-140872,03-06-2020,10-06-2020,Standard Class,NR-18550,Nick Radford,Consumer,United States,Pembroke Pines,Florida,South,FUR-BO-10002824,Furniture,Bookcases,Bush Mission Pointe Library,276.568,2,0.0,COD
6480,CA-2020-140872,03-06-2020,10-06-2020,Standard Class,NR-18550,Nick Radford,Consumer,United States,Pembroke Pines,Florida,South,TEC-PH-10000441,Technology,Phones,VTech DS6151,528.96,5,50.396,COD
6126,CA-2020-145772,03-06-2020,07-06-2020,Standard Class,SS-20140,Saphhira Shifley,Corporate,United States,Los Angeles,California,West,OFF-PA-10001593,Office Supplies,Paper,Xerox 1947,100.96,2,5.382,Online
6127,CA-2020-145772,03-06-2020,07-06-2020,Standard Class,SS-20140,Saphhira Shifley,Corporate,United States,Los Angeles,California,West,OFF-BI-10002049,Office Supplies,Binders,UniKeep View Case Binders,94.912,1,1.2714,Online
6479,CA-2020-140872,03-06-2020,10-06-2020,Standard Class,NR-18550,Nick Radford,Consumer,United States,Pembroke Pines,Florida,South,OFF-PA-10000809,Office Supplies,Paper,Xerox 206,101.552,3,5.4432,Online
6481,CA-2020-140872,03-06-2020,10-06-2020,Standard Class,NR-18550,Nick Radford,Consumer,United States,Pembroke Pines,Florida,South,OFF-AP-10002287,Office Supplies,Appliances,"Eureka Sanitaire  Multi-Pro Heavy-Duty Upright, Disposable Bags",125.472,7,1.8354,COD
6476,CA-2020-140872,03-06-2020,10-06-2020,Standard Class,NR-18550,Nick Radford,Consumer,United States,Pembroke Pines,Florida,South,OFF-BI-10002432,Office Supplies,Binders,Wilson Jones Standard D-Ring Binders,93.554,3,-3.4914,COD
6477,CA-2020-140872,03-06-2020,10-06-2020,Standard Class,NR-18550,Nick Radford,Consumer,United States,Pembroke Pines,Florida,South,OFF-AP-10003622,Office Supplies,Appliances,"Bravo II Megaboss 12-Amp Hard Body Upright, Replacement Belts, 2 Belts per Pack",111.2,2,0.585,COD
6486,CA-2020-113908,03-06-2020,09-06-2020,Standard Class,KN-16390,Katherine Nockton,Corporate,United States,New York City,New York,East,OFF-PA-10004156,Office Supplies,Paper,Xerox 188,139.36,4,22.2264,COD
205,CA-2020-126382,03-06-2020,07-06-2020,Standard Class,HK-14890,Heather Kirkland,Corporate,United States,Franklin,Tennessee,South,FUR-FU-10002960,Furniture,Furnishings,"Eldon 200 Class Desk Accessories, Burgundy",137.168,7,9.6712,COD
6125,CA-2020-145772,03-06-2020,07-06-2020,Standard Class,SS-20140,Saphhira Shifley,Corporate,United States,Los Angeles,California,West,TEC-AC-10003038,Technology,Accessories,Kingston Digital DataTraveler 16GB USB 2.0,156.75,5,8.5025,Online
5875,CA-2020-133095,04-06-2020,04-06-2020,Same Day,EH-14005,Erica Hernandez,Home Office,United States,Jonesboro,Arkansas,South,OFF-BI-10004141,Office Supplies,Binders,Insertable Tab Indexes For Data Binders,115.54,3,4.3884,COD
1270,CA-2020-100426,04-06-2020,08-06-2020,Standard Class,DC-12850,Dan Campbell,Consumer,United States,Florence,Alabama,South,OFF-PA-10002870,Office Supplies,Paper,"Ampad Phone Message Book, Recycled, 400 Message Capacity, 5 ¾” x 11”",125.48,2,5.616,Online
2928,CA-2020-158106,04-06-2020,10-06-2020,Standard Class,CT-11995,Carol Triggs,Consumer,United States,Apple Valley,Minnesota,Central,OFF-AR-10002255,Office Supplies,Art,Newell 346,118.64,3,2.5056,Online
3193,CA-2020-158953,04-06-2020,08-06-2020,Standard Class,ML-18040,Michelle Lonsdale,Corporate,United States,Missouri City,Texas,Central,OFF-BI-10002557,Office Supplies,Binders,Presstex Flexible Ring Binders,115.37,7,-9.555,COD
1090,CA-2020-158407,04-06-2020,10-06-2020,Standard Class,LW-16990,Lindsay Williams,Corporate,United States,Monroe,North Carolina,South,FUR-FU-10001967,Furniture,Furnishings,Telescoping Adjustable Floor Lamp,123.984,2,1.999,Online
8518,CA-2020-149720,04-06-2020,07-06-2020,Second Class,EM-14065,Erin Mull,Consumer,United States,Frisco,Texas,Central,FUR-FU-10002501,Furniture,Furnishings,Nu-Dell Executive Frame,133.336,6,-17.4432,COD
1091,CA-2020-158407,04-06-2020,10-06-2020,Standard Class,LW-16990,Lindsay Williams,Corporate,United States,Monroe,North Carolina,South,TEC-PH-10001819,Technology,Phones,Innergie mMini Combo Duo USB Travel Charging Kit,161.984,2,25.1944,COD
8514,CA-2020-141614,05-06-2020,09-06-2020,Standard Class,NS-18640,Noel Staavos,Corporate,United States,Orlando,Florida,South,OFF-PA-10002787,Office Supplies,Paper,Xerox 227,118.736,4,7.2576,COD
3854,US-2020-131849,06-06-2020,10-06-2020,Standard Class,GH-14410,Gary Hansen,Home Office,United States,San Francisco,California,West,FUR-FU-10004164,Furniture,Furnishings,"Eldon 300 Class Desk Accessories, Black",110.95,1,2.178,Online
3855,US-2020-131849,06-06-2020,10-06-2020,Standard Class,GH-14410,Gary Hansen,Home Office,United States,San Francisco,California,West,OFF-ST-10002957,Office Supplies,Storage,Sterilite Show Offs Storage Containers,115.4,5,0.0,COD
9645,US-2020-107979,08-06-2020,13-06-2020,Standard Class,FO-14305,Frank Olsen,Consumer,United States,Glendale,Arizona,West,TEC-AC-10002006,Technology,Accessories,Memorex Micro Travel Drive 16 GB,127.544,7,12.3123,Online
668,CA-2020-132682,08-06-2020,10-06-2020,Second Class,TH-21235,Tiffany House,Corporate,United States,Dallas,Texas,Central,TEC-PH-10004042,Technology,Phones,ClearOne Communications CHAT 70 OC Speaker Phone,413.576,3,28.6182,Online
262,US-2020-155299,08-06-2020,12-06-2020,Standard Class,Dl-13600,Dorris liebe,Corporate,United States,Pasadena,Texas,Central,OFF-AP-10002203,Office Supplies,Appliances,Eureka Disposable Bags for Sanitaire Vibra Groomer I Upright Vac,99.624,2,-4.466,COD
4820,CA-2020-117436,08-06-2020,14-06-2020,Standard Class,LW-17125,Liz Willingham,Consumer,United States,Norwich,Connecticut,East,OFF-BI-10004040,Office Supplies,Binders,Wilson Jones Impact Binders,96.36,2,5.0764,COD
7506,US-2020-106579,08-06-2020,13-06-2020,Standard Class,BW-11200,Ben Wallace,Consumer,United States,Skokie,Illinois,Central,OFF-BI-10000309,Office Supplies,Binders,"GBC Twin Loop Wire Binding Elements, 9/16"" Spine, Black",134.176,4,-18.8728,Online
7816,US-2020-109316,08-06-2020,10-06-2020,First Class,MG-17680,Maureen Gastineau,Home Office,United States,Los Angeles,California,West,TEC-PH-10000307,Technology,Phones,Shocksock Galaxy S4 Armband,146.52,2,-3.504,Online
666,CA-2020-132682,08-06-2020,10-06-2020,Second Class,TH-21235,Tiffany House,Corporate,United States,Dallas,Texas,Central,OFF-SU-10004231,Office Supplies,Supplies,Acme Tagit Stainless Steel Antibacterial Scissors,151.76,3,2.079,Online
9646,US-2020-107979,08-06-2020,13-06-2020,Standard Class,FO-14305,Frank Olsen,Consumer,United States,Glendale,Arizona,West,OFF-ST-10002485,Office Supplies,Storage,Rogers Deluxe File Chest,151.168,2,-8.3524,COD
667,CA-2020-132682,08-06-2020,10-06-2020,Second Class,TH-21235,Tiffany House,Corporate,United States,Dallas,Texas,Central,OFF-PA-10000474,Office Supplies,Paper,Easy-staple paper,175.056,3,28.7064,COD
670,US-2020-106663,09-06-2020,13-06-2020,Standard Class,MO-17800,Meg O'Connel,Home Office,United States,Chicago,Illinois,Central,FUR-FU-10002759,Furniture,Furnishings,12-1/2 Diameter Round Wall Clock,113.976,3,-14.3856,COD
8148,US-2020-146822,09-06-2020,14-06-2020,Standard Class,AG-10675,Anna Gayman,Consumer,United States,Salem,Virginia,South,OFF-PA-10000249,Office Supplies,Paper,Easy-staple paper,147.12,4,23.0864,COD
672,US-2020-106663,09-06-2020,13-06-2020,Standard Class,MO-17800,Meg O'Connel,Home Office,United States,Chicago,Illinois,Central,OFF-PA-10002377,Office Supplies,Paper,"Adams Telephone Message Book W/Dividers/Space For Phone Numbers, 5 1/4""X8 1/2"", 200/Messages",124.352,8,11.36,COD
5367,CA-2020-158071,10-06-2020,15-06-2020,Standard Class,BD-11320,Bill Donatelli,Consumer,United States,Seattle,Washington,West,TEC-PH-10002923,Technology,Phones,"Logitech B530 USB Headset - headset - Full size, Binaural",126.776,3,7.7679,COD
487,CA-2020-140963,10-06-2020,13-06-2020,First Class,MT-18070,Michelle Tran,Home Office,United States,Los Angeles,California,West,TEC-PH-10001924,Technology,Phones,iHome FM Clock Radio with Lightning Dock,318.96,5,17.4975,COD
7262,CA-2020-137001,10-06-2020,13-06-2020,Second Class,GZ-14545,George Zrebassa,Corporate,United States,Thousand Oaks,California,West,OFF-AR-10001231,Office Supplies,Art,"Sanford EarthWrite Recycled Pencils, Medium Soft, #2",113.7,7,4.116,Cards
5369,CA-2020-158071,10-06-2020,15-06-2020,Standard Class,BD-11320,Bill Donatelli,Consumer,United States,Seattle,Washington,West,OFF-ST-10001228,Office Supplies,Storage,Personal File Boxes with Fold-Down Carry Handle,125.58,1,3.895,COD
5219,CA-2020-167080,10-06-2020,14-06-2020,Standard Class,LC-16930,Linda Cazamias,Corporate,United States,New York City,New York,East,OFF-AR-10001868,Office Supplies,Art,Prang Dustless Chalk Sticks,102.4,5,4.2,COD
5368,CA-2020-158071,10-06-2020,15-06-2020,Standard Class,BD-11320,Bill Donatelli,Consumer,United States,Seattle,Washington,West,OFF-LA-10004689,Office Supplies,Labels,Avery 512,104.56,4,5.4332,Cards
485,CA-2020-140963,10-06-2020,13-06-2020,First Class,MT-18070,Michelle Tran,Home Office,United States,Los Angeles,California,West,OFF-LA-10003923,Office Supplies,Labels,Alphabetical Labels for Top Tab Filing,111.6,2,14.8,Online
2289,CA-2020-143343,10-06-2020,13-06-2020,First Class,BW-11200,Ben Wallace,Consumer,United States,Los Angeles,California,West,OFF-AR-10002375,Office Supplies,Art,Newell 351,122.4,5,4.756,COD
7310,CA-2020-112172,10-06-2020,14-06-2020,Second Class,MM-18280,Muhammed MacIntyre,Corporate,United States,New York City,New York,East,OFF-FA-10004395,Office Supplies,Fasteners,Plymouth Boxed Rubber Bands by Plymouth,117.13,3,0.7065,COD
3395,US-2020-131583,10-06-2020,10-06-2020,Same Day,CL-11890,Carl Ludwig,Consumer,United States,Philadelphia,Pennsylvania,East,OFF-PA-10000380,Office Supplies,Paper,"REDIFORM Incoming/Outgoing Call Register, 11"" X 8 1/2"", 100 Messages",152.032,6,15.012,Cards
2310,US-2020-120418,11-06-2020,12-06-2020,First Class,BC-11125,Becky Castell,Home Office,United States,Peoria,Arizona,West,OFF-ST-10002370,Office Supplies,Storage,"Sortfiler Multipurpose Personal File Organizer, Black",102.448,4,7.7004,Online
4223,CA-2020-134565,11-06-2020,13-06-2020,Second Class,TB-21400,Tom Boeckenhauer,Consumer,United States,Seattle,Washington,West,OFF-ST-10004804,Office Supplies,Storage,"Belkin 19"" Vented Equipment Shelf, Black",115.96,2,1.0296,Online
2311,US-2020-120418,11-06-2020,12-06-2020,First Class,BC-11125,Becky Castell,Home Office,United States,Peoria,Arizona,West,OFF-AR-10002956,Office Supplies,Art,Boston 16801 Nautilus Battery Pencil Sharpener,123.04,5,6.603,COD
4224,CA-2020-134565,11-06-2020,13-06-2020,Second Class,TB-21400,Tom Boeckenhauer,Consumer,United States,Seattle,Washington,West,FUR-BO-10001519,Furniture,Bookcases,O'Sullivan 3-Shelf Heavy-Duty Bookcases,195.42,3,41.8608,Cards
2309,US-2020-120418,11-06-2020,12-06-2020,First Class,BC-11125,Becky Castell,Home Office,United States,Peoria,Arizona,West,FUR-CH-10001394,Furniture,Chairs,Global Leather Executive Chair,308.792,1,35.099,Online
8924,CA-2020-133928,11-06-2020,17-06-2020,Standard Class,ZC-21910,Zuschuss Carroll,Consumer,United States,Hickory,North Carolina,South,OFF-BI-10001525,Office Supplies,Binders,"Acco Pressboard Covers with Storage Hooks, 14 7/8"" x 11"", Executive Red",81.572,4,-3.81,COD
2312,US-2020-120418,11-06-2020,12-06-2020,First Class,BC-11125,Becky Castell,Home Office,United States,Peoria,Arizona,West,OFF-AR-10001955,Office Supplies,Art,Newell 319,125.872,1,1.984,COD
3448,CA-2020-102554,11-06-2020,15-06-2020,Standard Class,KN-16705,Kristina Nunn,Home Office,United States,Auburn,Alabama,South,OFF-AR-10001919,Office Supplies,Art,"OIC #2 Pencils, Medium Soft",118.76,2,1.0904,Cards
4221,CA-2020-134565,11-06-2020,13-06-2020,Second Class,TB-21400,Tom Boeckenhauer,Consumer,United States,Seattle,Washington,West,OFF-BI-10001759,Office Supplies,Binders,"Acco Pressboard Covers with Storage Hooks, 14 7/8"" x 11"", Dark Blue",147.288,6,6.6294,COD
4220,CA-2020-134565,11-06-2020,13-06-2020,Second Class,TB-21400,Tom Boeckenhauer,Consumer,United States,Seattle,Washington,West,OFF-PA-10004243,Office Supplies,Paper,Xerox 1939,159.94,2,18.2112,Online
8342,CA-2020-141481,11-06-2020,14-06-2020,First Class,ZD-21925,Zuschuss Donatelli,Consumer,United States,Los Angeles,California,West,OFF-AP-10004532,Office Supplies,Appliances,Kensington 6 Outlet Guardian Standard Surge Protector,161.44,3,16.5888,Online
9175,CA-2020-119424,12-06-2020,14-06-2020,Second Class,SB-20205,Sarah Brown,Consumer,United States,Kent,Washington,West,TEC-PH-10002564,Technology,Phones,OtterBox Defender Series Case - Samsung Galaxy S4,115.976,3,8.997,Cards
1456,CA-2020-148474,12-06-2020,19-06-2020,Standard Class,ME-17320,Maria Etezadi,Home Office,United States,Columbus,Georgia,South,OFF-BI-10000977,Office Supplies,Binders,Ibico Plastic Spiral Binding Combs,126.2,3,41.952,Online
9537,CA-2020-124191,12-06-2020,14-06-2020,Second Class,TS-21610,Troy Staebel,Consumer,United States,Chicago,Illinois,Central,FUR-FU-10002364,Furniture,Furnishings,"Eldon Expressions Wood Desk Accessories, Oak",83.856,3,-6.8634,Online
2870,CA-2020-143861,12-06-2020,19-06-2020,Standard Class,LC-16885,Lena Creighton,Consumer,United States,Saint Petersburg,Florida,South,FUR-FU-10001546,Furniture,Furnishings,Dana Swing-Arm Lamps,100.088,2,1.068,Online
2638,CA-2020-108441,12-06-2020,18-06-2020,Standard Class,SB-20190,Sarah Bern,Consumer,United States,New York City,New York,East,OFF-PA-10000697,Office Supplies,Paper,"TOPS Voice Message Log Book, Flash Format",113.04,4,9.3296,Online
2639,CA-2020-108441,12-06-2020,18-06-2020,Standard Class,SB-20190,Sarah Bern,Consumer,United States,New York City,New York,East,OFF-BI-10000848,Office Supplies,Binders,Angle-D Ring Binders,124.128,3,4.2666,COD
9176,CA-2020-119424,12-06-2020,14-06-2020,Second Class,SB-20205,Sarah Brown,Consumer,United States,Kent,Washington,West,OFF-PA-10001639,Office Supplies,Paper,Xerox 203,114.44,3,9.3312,COD
5497,CA-2020-117821,12-06-2020,16-06-2020,Standard Class,HG-15025,Hunter Glantz,Consumer,United States,Marion,Ohio,East,TEC-AC-10004469,Technology,Accessories,Microsoft Sculpt Comfort Mouse,159.92,2,19.176,COD
2640,CA-2020-108441,12-06-2020,18-06-2020,Standard Class,SB-20190,Sarah Bern,Consumer,United States,New York City,New York,East,OFF-AR-10004691,Office Supplies,Art,Boston 1730 StandUp Electric Pencil Sharpener,161.14,3,16.6764,COD
7265,CA-2020-122056,13-06-2020,17-06-2020,Standard Class,PG-18895,Paul Gonzalez,Consumer,United States,Springfield,Virginia,South,OFF-AR-10004260,Office Supplies,Art,Boston 1799 Powerhouse Electric Pencil Sharpener,203.86,7,50.9208,Cards
7731,CA-2020-104850,13-06-2020,19-06-2020,Standard Class,TW-21025,Tamara Willingham,Home Office,United States,Seattle,Washington,West,FUR-CH-10003774,Furniture,Chairs,"Global Wood Trimmed Manager's Task Chair, Khaki",323.136,4,-25.4744,COD
1448,CA-2020-102337,13-06-2020,16-06-2020,First Class,SD-20485,Shirley Daniels,Home Office,United States,Chicago,Illinois,Central,TEC-PH-10002564,Technology,Phones,OtterBox Defender Series Case - Samsung Galaxy S4,142.984,2,5.998,COD
5477,CA-2020-169691,15-06-2020,18-06-2020,First Class,Dp-13240,Dean percer,Home Office,United States,Maple Grove,Minnesota,Central,OFF-ST-10001291,Office Supplies,Storage,"Tenex Personal Self-Stacking Standard File Box, Black/Gray",106.55,5,22.8285,COD
8790,CA-2020-126914,15-06-2020,19-06-2020,Standard Class,JE-15715,Joe Elijah,Consumer,United States,Monroe,North Carolina,South,FUR-BO-10000468,Furniture,Bookcases,O'Sullivan 2-Shelf Heavy-Duty Bookcases,119.728,2,-3.8864,Cards
8703,CA-2020-119284,15-06-2020,20-06-2020,Standard Class,TS-21205,Thomas Seio,Corporate,United States,Nashville,Tennessee,South,OFF-PA-10000312,Office Supplies,Paper,Xerox 1955,125.36,5,29.692,Online
8701,CA-2020-119284,15-06-2020,20-06-2020,Standard Class,TS-21205,Thomas Seio,Corporate,United States,Nashville,Tennessee,South,OFF-AP-10004249,Office Supplies,Appliances,Staple holder,126.608,8,6.7032,Cards
7090,CA-2020-118864,15-06-2020,19-06-2020,Second Class,KH-16690,Kristen Hastings,Corporate,United States,Los Angeles,California,West,TEC-PH-10001809,Technology,Phones,Panasonic KX T7736-B Digital phone,143.96,1,7.4975,Cards
8702,CA-2020-119284,15-06-2020,20-06-2020,Standard Class,TS-21205,Thomas Seio,Corporate,United States,Nashville,Tennessee,South,OFF-ST-10001490,Office Supplies,Storage,"Hot File 7-Pocket, Floor Stand",160.776,1,17.847,Online
8697,CA-2020-119284,15-06-2020,20-06-2020,Standard Class,TS-21205,Thomas Seio,Corporate,United States,Nashville,Tennessee,South,TEC-PH-10001051,Technology,Phones,HTC One,249.976,3,26.9973,Cards
8698,CA-2020-119284,15-06-2020,20-06-2020,Standard Class,TS-21205,Thomas Seio,Corporate,United States,Nashville,Tennessee,South,FUR-FU-10004351,Furniture,Furnishings,Staple-based wall hangings,104.168,4,9.3504,COD
2873,CA-2020-135167,15-06-2020,20-06-2020,Standard Class,SC-20800,Stuart Calhoun,Consumer,United States,Los Angeles,California,West,OFF-AR-10002399,Office Supplies,Art,"Dixon Prang Watercolor Pencils, 10-Color Set with Brush",97.26,1,1.7466,Online
5478,CA-2020-169691,15-06-2020,18-06-2020,First Class,Dp-13240,Dean percer,Home Office,United States,Maple Grove,Minnesota,Central,OFF-PA-10003022,Office Supplies,Paper,Xerox 1992,116.94,3,8.7906,Online
673,CA-2020-111178,15-06-2020,22-06-2020,Standard Class,TD-20995,Tamara Dahlen,Consumer,United States,Quincy,Illinois,Central,OFF-AR-10001954,Office Supplies,Art,Newell 331,132.56,5,1.7115,Cards
5476,CA-2020-169691,15-06-2020,18-06-2020,First Class,Dp-13240,Dean percer,Home Office,United States,Maple Grove,Minnesota,Central,OFF-LA-10002312,Office Supplies,Labels,Avery 490,152.4,3,22.2,Cards
346,CA-2020-169901,15-06-2020,19-06-2020,Standard Class,CC-12550,Clay Cheatham,Consumer,United States,San Francisco,California,West,TEC-PH-10002293,Technology,Phones,Anker 36W 4-Port USB Wall Charger Travel Power Adapter for iPhone 5s 5c 5,155.976,3,4.7976,Cards
831,CA-2020-129462,16-06-2020,21-06-2020,Second Class,JE-15745,Joel Eaton,Consumer,United States,Florence,Kentucky,South,OFF-AP-10003884,Office Supplies,Appliances,"Fellowes Smart Surge Ten-Outlet Protector, Platinum",194.66,3,50.5848,Cards
4542,US-2020-132206,16-06-2020,21-06-2020,Standard Class,MK-17905,Michael Kennedy,Corporate,United States,Chicago,Illinois,Central,OFF-BI-10000756,Office Supplies,Binders,Storex DuraTech Recycled Plastic Frosted Binders,107.936,7,-8.904,COD
2706,CA-2020-155873,16-06-2020,21-06-2020,Standard Class,AB-10255,Alejandro Ballentine,Home Office,United States,Carlsbad,New Mexico,West,OFF-SU-10001165,Office Supplies,Supplies,Acme Elite Stainless Steel Scissors,135.68,2,4.3368,COD
6746,CA-2020-111269,16-06-2020,18-06-2020,Second Class,CS-12355,Christine Sundaresam,Consumer,United States,Dublin,Ohio,East,OFF-AR-10001427,Office Supplies,Art,Newell 330,113.92,5,1.794,Cards
2259,CA-2020-105214,16-06-2020,19-06-2020,First Class,TS-21610,Troy Staebel,Consumer,United States,San Francisco,California,West,OFF-PA-10001776,Office Supplies,Paper,"Wirebound Message Books, Four 2 3/4"" x 5"" Forms per Page, 600 Sets per Book",132.54,2,8.7138,Cards
267,CA-2020-136826,16-06-2020,20-06-2020,Standard Class,CB-12535,Claudia Bergmann,Corporate,United States,Chapel Hill,North Carolina,South,OFF-AR-10003602,Office Supplies,Art,"Quartet Omega Colored Chalk, 12/Pack",135.016,3,4.7304,Online
2707,CA-2020-155873,16-06-2020,21-06-2020,Standard Class,AB-10255,Alejandro Ballentine,Home Office,United States,Carlsbad,New Mexico,West,OFF-PA-10001246,Office Supplies,Paper,Xerox 215,117.44,3,9.3312,COD
833,CA-2020-129462,16-06-2020,21-06-2020,Second Class,JE-15745,Joel Eaton,Consumer,United States,Florence,Kentucky,South,TEC-PH-10002085,Technology,Phones,Clarity 53712,153.99,1,17.1574,Cards
7916,CA-2020-165323,17-06-2020,21-06-2020,Standard Class,SR-20740,Steven Roelle,Home Office,United States,New York City,New York,East,TEC-AC-10004992,Technology,Accessories,Kingston Digital DataTraveler 64GB USB 2.0,114.34,3,8.1072,COD
1012,CA-2020-118437,17-06-2020,21-06-2020,Second Class,PF-19165,Philip Fox,Consumer,United States,Olympia,Washington,West,FUR-FU-10004848,Furniture,Furnishings,"Howard Miller 13-3/4"" Diameter Brushed Chrome Round Wall Clock",178.25,3,46.575,COD
2501,CA-2020-131618,17-06-2020,20-06-2020,First Class,LS-17200,Luke Schmidt,Corporate,United States,Skokie,Illinois,Central,OFF-PA-10001892,Office Supplies,Paper,"Rediform Wirebound ""Phone Memo"" Message Book, 11 x 5-3/4",110.224,2,4.4312,Cards
2502,CA-2020-131618,17-06-2020,20-06-2020,First Class,LS-17200,Luke Schmidt,Corporate,United States,Skokie,Illinois,Central,OFF-BI-10000546,Office Supplies,Binders,Avery Durable Binders,131.304,4,-3.5712,COD
2503,CA-2020-131618,17-06-2020,20-06-2020,First Class,LS-17200,Luke Schmidt,Corporate,United States,Skokie,Illinois,Central,OFF-BI-10001294,Office Supplies,Binders,Fellowes Binding Cases,123.36,4,-16.38,Online
1013,CA-2020-118437,17-06-2020,21-06-2020,Second Class,PF-19165,Philip Fox,Consumer,United States,Olympia,Washington,West,OFF-ST-10003722,Office Supplies,Storage,Project Tote Personal File,124.03,1,4.0687,Cards
98,CA-2020-157833,17-06-2020,20-06-2020,First Class,KD-16345,Katherine Ducich,Consumer,United States,San Francisco,California,West,OFF-BI-10001721,Office Supplies,Binders,Trimflex Flexible Post Binders,187.312,3,17.9592,Cards
6304,CA-2020-162712,18-06-2020,20-06-2020,Second Class,NK-18490,Neil Knudson,Home Office,United States,Corpus Christi,Texas,Central,OFF-PA-10000167,Office Supplies,Paper,Xerox 1925,123.352,3,23.235,Cards
4497,CA-2020-112753,18-06-2020,23-06-2020,Standard Class,CC-12670,Craig Carreira,Consumer,United States,Los Angeles,California,West,OFF-PA-10002036,Office Supplies,Paper,Xerox 1930,138.88,6,19.0512,COD
653,CA-2020-140844,19-06-2020,23-06-2020,Standard Class,AR-10405,Allen Rosenblatt,Corporate,United States,New York City,New York,East,OFF-PA-10003892,Office Supplies,Paper,Xerox 1943,109.82,2,45.9754,Online
654,CA-2020-140844,19-06-2020,23-06-2020,Standard Class,AR-10405,Allen Rosenblatt,Corporate,United States,New York City,New York,East,TEC-AC-10001101,Technology,Accessories,Sony 16GB Class 10 Micro SDHC R40 Memory Card,121.12,8,10.312,Cards
4103,US-2020-102288,19-06-2020,23-06-2020,Standard Class,ZC-21910,Zuschuss Carroll,Consumer,United States,Houston,Texas,Central,OFF-PA-10000740,Office Supplies,Paper,Xerox 1982,157.176,8,47.5072,COD
7107,CA-2020-128944,19-06-2020,21-06-2020,Second Class,KH-16330,Katharine Harms,Corporate,United States,Newark,Ohio,East,TEC-AC-10001553,Technology,Accessories,"Memorex 25GB 6X Branded Blu-Ray Recordable Disc, 15/Pack",161.328,9,1.5291,Cards
9828,CA-2020-169999,19-06-2020,26-06-2020,Standard Class,JS-15685,Jim Sink,Corporate,United States,New York City,New York,East,OFF-ST-10001511,Office Supplies,Storage,Space Solutions Commercial Steel Shelving,179.3,2,6.465,Online
4101,US-2020-102288,19-06-2020,23-06-2020,Standard Class,ZC-21910,Zuschuss Carroll,Consumer,United States,Houston,Texas,Central,OFF-AP-10004655,Office Supplies,Appliances,"Holmes Visible Mist Ultrasonic Humidifier with 2.3-Gallon Output per Day, Replacement Filter",78.264,1,-5.2072,Online
2480,CA-2020-141992,19-06-2020,25-06-2020,Standard Class,FO-14305,Frank Olsen,Consumer,United States,Dallas,Texas,Central,OFF-SU-10002557,Office Supplies,Supplies,Fiskars Spring-Action Scissors,102.184,1,0.8388,COD
9856,CA-2020-138870,19-06-2020,23-06-2020,Standard Class,GA-14515,George Ashbrook,Consumer,United States,San Francisco,California,West,OFF-PA-10004438,Office Supplies,Paper,Xerox 1907,108.56,2,11.5432,COD
9287,CA-2020-154011,19-06-2020,26-06-2020,Standard Class,DB-13270,Deborah Brumfield,Home Office,United States,Dallas,Texas,Central,OFF-BI-10003166,Office Supplies,Binders,GBC Plasticlear Binding Covers,111.888,3,-11.0208,Online
4102,US-2020-102288,19-06-2020,23-06-2020,Standard Class,ZC-21910,Zuschuss Carroll,Consumer,United States,Houston,Texas,Central,OFF-AP-10002906,Office Supplies,Appliances,Hoover Replacement Belt for Commercial Guardsman Heavy-Duty Upright Vacuum,124.444,1,-1.11,Online
9829,CA-2020-169999,19-06-2020,26-06-2020,Standard Class,JS-15685,Jim Sink,Corporate,United States,New York City,New York,East,OFF-BI-10004728,Office Supplies,Binders,Wilson Jones Turn Tabs Binder Tool for Ring Binders,137.568,3,3.7596,COD
9855,CA-2020-138870,19-06-2020,23-06-2020,Standard Class,GA-14515,George Ashbrook,Consumer,United States,San Francisco,California,West,FUR-FU-10002396,Furniture,Furnishings,"DAX Copper Panel Document Frame, 5 x 7 Size",144.32,4,21.1344,Online
7106,CA-2020-128944,19-06-2020,21-06-2020,Second Class,KH-16330,Katharine Harms,Corporate,United States,Newark,Ohio,East,FUR-FU-10004909,Furniture,Furnishings,Contemporary Wood/Metal Frame,143.784,3,7.272,Online
890,CA-2020-132934,20-06-2020,26-06-2020,Standard Class,JE-15475,Jeremy Ellison,Consumer,United States,New Rochelle,New York,East,TEC-AC-10000927,Technology,Accessories,Anker Ultrathin Bluetooth Wireless Keyboard Aluminum Cover with Stand,163.95,5,14.995,COD
5293,CA-2020-151218,20-06-2020,23-06-2020,First Class,PJ-19015,Pauline Johnson,Consumer,United States,Miami,Florida,South,OFF-ST-10004835,Office Supplies,Storage,Plastic Stacking Crates & Casters,89.464,1,0.3348,Cards
824,CA-2020-101434,20-06-2020,27-06-2020,Standard Class,TR-21325,Toby Ritter,Consumer,United States,Belleville,New Jersey,East,OFF-LA-10003223,Office Supplies,Labels,Avery 508,108.82,2,4.8118,Cards
1437,CA-2020-106852,20-06-2020,27-06-2020,Standard Class,ST-20530,Shui Tom,Consumer,United States,Parma,Ohio,East,OFF-AR-10003829,Office Supplies,Art,Newell 35,98.248,2,0.5904,COD
9689,US-2020-135986,20-06-2020,27-06-2020,Standard Class,PG-18895,Paul Gonzalez,Consumer,United States,Richmond,Virginia,South,OFF-PA-10001534,Office Supplies,Paper,Xerox 230,129.4,5,15.552,COD
1436,CA-2020-106852,20-06-2020,27-06-2020,Standard Class,ST-20530,Shui Tom,Consumer,United States,Parma,Ohio,East,OFF-PA-10001639,Office Supplies,Paper,Xerox 203,160.104,6,10.8864,Cards
891,CA-2020-132934,20-06-2020,26-06-2020,Standard Class,JE-15475,Jeremy Ellison,Consumer,United States,New Rochelle,New York,East,OFF-BI-10001098,Office Supplies,Binders,Acco D-Ring Binder w/DublLock,147.312,3,18.6006,COD
7895,CA-2020-124744,21-06-2020,25-06-2020,Standard Class,EH-14125,Eugene Hildebrand,Home Office,United States,Wheeling,West Virginia,East,OFF-BI-10002852,Office Supplies,Binders,Ibico Standard Transparent Covers,131.4,5,40.376,COD
7896,CA-2020-124744,21-06-2020,25-06-2020,Standard Class,EH-14125,Eugene Hildebrand,Home Office,United States,Wheeling,West Virginia,East,OFF-BI-10000145,Office Supplies,Binders,Zipper Ring Binder Pockets,99.24,2,3.0576,Cards
1629,CA-2020-101049,21-06-2020,25-06-2020,Second Class,AS-10240,Alan Shonely,Consumer,United States,Cleveland,Ohio,East,FUR-FU-10004415,Furniture,Furnishings,"Stacking Tray, Side-Loading, Legal, Smoke",139.92,5,2.464,Online
7283,CA-2020-155936,22-06-2020,29-06-2020,Standard Class,JK-15730,Joe Kamberova,Consumer,United States,Chicago,Illinois,Central,OFF-BI-10002432,Office Supplies,Binders,Wilson Jones Standard D-Ring Binders,79.036,3,-5.0094,Online
2766,CA-2020-165757,22-06-2020,28-06-2020,Standard Class,PL-18925,Paul Lucas,Home Office,United States,Philadelphia,Pennsylvania,East,OFF-ST-10004835,Office Supplies,Storage,Plastic Stacking Crates & Casters,108.928,2,0.6696,COD
2764,CA-2020-165757,22-06-2020,28-06-2020,Standard Class,PL-18925,Paul Lucas,Home Office,United States,Philadelphia,Pennsylvania,East,OFF-BI-10003166,Office Supplies,Binders,GBC Plasticlear Binding Covers,113.332,3,-7.5768,Online
2765,CA-2020-165757,22-06-2020,28-06-2020,Standard Class,PL-18925,Paul Lucas,Home Office,United States,Philadelphia,Pennsylvania,East,OFF-BI-10003982,Office Supplies,Binders,Wilson Jones Century Plastic Molded Ring Binders,150.155,5,-23.8855,Cards
2500,US-2020-133781,22-06-2020,23-06-2020,First Class,DC-12850,Dan Campbell,Consumer,United States,Miami,Florida,South,OFF-EN-10004483,Office Supplies,Envelopes,"#10 White Business Envelopes,4 1/8 x 9 1/2",145.608,3,12.6927,Cards
417,CA-2020-122105,24-06-2020,28-06-2020,Standard Class,CJ-12010,Caroline Jumper,Consumer,United States,Huntington Beach,California,West,OFF-AR-10004344,Office Supplies,Art,Bulldog Vacuum Base Pencil Sharpener,125.92,8,25.8984,Online
9937,CA-2020-132955,24-06-2020,28-06-2020,Standard Class,SC-20575,Sonia Cooley,Consumer,United States,Cranston,Rhode Island,East,OFF-BI-10002735,Office Supplies,Binders,GBC Prestige Therm-A-Bind Covers,128.93,3,48.3771,Cards
4051,CA-2020-136350,24-06-2020,26-06-2020,Second Class,GA-14515,George Ashbrook,Consumer,United States,New York City,New York,East,FUR-CH-10001891,Furniture,Chairs,Global Deluxe Office Fabric Chairs,190.764,2,32.6332,Cards
4050,CA-2020-136350,24-06-2020,26-06-2020,Second Class,GA-14515,George Ashbrook,Consumer,United States,New York City,New York,East,FUR-FU-10003601,Furniture,Furnishings,"Deflect-o RollaMat Studded, Beveled Mat for Medium Pile Carpeting",318.69,3,49.8042,Online
4084,US-2020-151316,24-06-2020,30-06-2020,Standard Class,MC-17635,Matthew Clasen,Corporate,United States,Decatur,Illinois,Central,OFF-PA-10000327,Office Supplies,Paper,Xerox 1971,98.272,3,3.21,COD
201,CA-2020-105074,24-06-2020,29-06-2020,Standard Class,MB-17305,Maria Bertelson,Consumer,United States,Akron,Ohio,East,OFF-PA-10002666,Office Supplies,Paper,Southworth 25% Cotton Linen-Finish Paper & Envelopes,103.744,3,6.795,Cards
4655,CA-2020-159107,24-06-2020,26-06-2020,Second Class,KT-16480,Kean Thornton,Consumer,United States,San Francisco,California,West,OFF-FA-10001332,Office Supplies,Fasteners,"Acco Banker's Clasps, 5 3/4""-Long",111.88,1,1.3536,Cards
1512,CA-2020-100384,24-06-2020,01-07-2020,Standard Class,NH-18610,Nicole Hansen,Corporate,United States,Pomona,California,West,OFF-AR-10003514,Office Supplies,Art,4009 Highlighters by Sanford,135.82,9,11.8206,Online
1993,CA-2020-133648,25-06-2020,02-07-2020,Standard Class,ML-17755,Max Ludwig,Home Office,United States,Springfield,Oregon,West,OFF-LA-10003923,Office Supplies,Labels,Alphabetical Labels for Top Tab Filing,113.04,6,26.64,Online
7454,CA-2020-134796,25-06-2020,01-07-2020,Standard Class,FM-14380,Fred McMath,Consumer,United States,Bolingbrook,Illinois,Central,TEC-PH-10003505,Technology,Phones,Geemarc AmpliPOWER60,179.48,2,16.704,Online
9584,CA-2020-116127,25-06-2020,27-06-2020,Second Class,SB-20205,Sarah Brown,Consumer,United States,New York City,New York,East,FUR-BO-10002213,Furniture,Bookcases,DMI Eclipse Executive Suite Bookcases,417.784,1,-5.0098,Online
1995,CA-2020-133648,25-06-2020,02-07-2020,Standard Class,ML-17755,Max Ludwig,Home Office,United States,Springfield,Oregon,West,OFF-FA-10004395,Office Supplies,Fasteners,Plymouth Boxed Rubber Bands by Plymouth,123.304,3,-2.1195,COD
1994,CA-2020-133648,25-06-2020,02-07-2020,Standard Class,ML-17755,Max Ludwig,Home Office,United States,Springfield,Oregon,West,OFF-AR-10002257,Office Supplies,Art,"Eldon Spacemaker Box, Quick-Snap Lid, Clear",103.344,2,0.7348,Cards
6943,CA-2020-107132,26-06-2020,30-06-2020,Standard Class,SC-20260,Scott Cohen,Corporate,United States,New York City,New York,East,OFF-PA-10003790,Office Supplies,Paper,Xerox 1991,112.52,3,31.5192,Online
6940,CA-2020-107132,26-06-2020,30-06-2020,Standard Class,SC-20260,Scott Cohen,Corporate,United States,New York City,New York,East,OFF-BI-10001071,Office Supplies,Binders,GBC ProClick Punch Binding System,127.368,2,37.1084,Cards
6761,CA-2020-100636,26-06-2020,30-06-2020,Standard Class,DO-13435,Denny Ordway,Consumer,United States,New York City,New York,East,OFF-ST-10004123,Office Supplies,Storage,Safco Industrial Wire Shelving System,285.94,3,0.0,Online
5629,CA-2020-148810,26-06-2020,01-07-2020,Standard Class,DR-12880,Dan Reichenbach,Corporate,United States,Miami,Florida,South,FUR-CH-10001545,Furniture,Chairs,Hon Comfortask Task/Swivel Chairs,289.552,3,-13.6776,Cards
5385,CA-2020-161410,26-06-2020,03-07-2020,Standard Class,CC-12220,Chris Cortes,Consumer,United States,Philadelphia,Pennsylvania,East,TEC-PH-10001760,Technology,Phones,Bose SoundLink Bluetooth Speaker,368.2,3,41.79,Online
2232,CA-2020-157091,26-06-2020,01-07-2020,Standard Class,DB-13405,Denny Blanton,Consumer,United States,La Porte,Indiana,Central,FUR-FU-10000293,Furniture,Furnishings,Eldon Antistatic Chair Mats for Low to Medium Pile Carpets,536.45,5,31.587,Cards
893,CA-2020-133256,26-06-2020,27-06-2020,First Class,TH-21550,Tracy Hopkins,Home Office,United States,Detroit,Michigan,Central,OFF-AR-10003158,Office Supplies,Art,Fluorescent Highlighters by Dixon,116.92,4,5.4128,Cards
6941,CA-2020-107132,26-06-2020,30-06-2020,Standard Class,SC-20260,Scott Cohen,Corporate,United States,New York City,New York,East,OFF-SU-10002503,Office Supplies,Supplies,Acme Preferred Stainless Steel Scissors,114.4,5,8.236,COD
892,CA-2020-133256,26-06-2020,27-06-2020,First Class,TH-21550,Tracy Hopkins,Home Office,United States,Detroit,Michigan,Central,OFF-PA-10001622,Office Supplies,Paper,"Ampad Poly Cover Wirebound Steno Book, 6"" x 9"" Assorted Colors, Gregg Ruled",111.54,1,2.043,Online
5628,CA-2020-148810,26-06-2020,01-07-2020,Standard Class,DR-12880,Dan Reichenbach,Corporate,United States,Miami,Florida,South,OFF-LA-10004689,Office Supplies,Labels,Avery 512,106.872,6,4.6818,Cards
8734,CA-2020-116988,27-06-2020,29-06-2020,Second Class,PW-19030,Pauline Webber,Corporate,United States,Seattle,Washington,West,FUR-FU-10001290,Furniture,Furnishings,Executive Impressions Supervisor Wall Clock,166.3,3,40.416,Cards
2957,CA-2020-123638,27-06-2020,04-07-2020,Standard Class,MA-17995,Michelle Arnett,Home Office,United States,Watertown,New York,East,FUR-CH-10002647,Furniture,Chairs,"Situations Contoured Folding Chairs, 4/Set",228.646,3,31.941,COD
6145,CA-2020-151190,27-06-2020,01-07-2020,Standard Class,GT-14710,Greg Tran,Consumer,United States,Omaha,Nebraska,Central,OFF-PA-10000575,Office Supplies,Paper,"Wirebound Message Books, Four 2 3/4 x 5 White Forms per Page",129.07,3,9.2322,Online
8733,CA-2020-116988,27-06-2020,29-06-2020,Second Class,PW-19030,Pauline Webber,Corporate,United States,Seattle,Washington,West,OFF-PA-10003848,Office Supplies,Paper,Xerox 1997,120.44,3,9.3312,COD
4709,CA-2020-138149,29-06-2020,30-06-2020,First Class,WB-21850,William Brown,Consumer,United States,Los Angeles,California,West,OFF-ST-10002974,Office Supplies,Storage,"Trav-L-File Heavy-Duty Shuttle II, Black",172.71,3,39.213,COD
4710,CA-2020-138149,29-06-2020,30-06-2020,First Class,WB-21850,William Brown,Consumer,United States,Los Angeles,California,West,OFF-AR-10000255,Office Supplies,Art,Newell 328,88.68,2,3.0368,COD
5735,CA-2020-143574,29-06-2020,02-07-2020,First Class,DR-12880,Dan Reichenbach,Corporate,United States,Milford,Connecticut,East,FUR-FU-10003976,Furniture,Furnishings,"DAX Executive Solid Wood Document Frame, Desktop or Hang, Mahogany, 5 x 7",88.16,2,8.5544,COD
3573,US-2020-126081,29-06-2020,04-07-2020,Standard Class,FC-14335,Fred Chung,Corporate,United States,Mesquite,Texas,Central,OFF-PA-10003953,Office Supplies,Paper,Xerox 218,88.184,1,1.8144,COD
1161,CA-2020-147039,29-06-2020,04-07-2020,Standard Class,AA-10315,Alex Avila,Consumer,United States,Minneapolis,Minnesota,Central,OFF-BI-10004654,Office Supplies,Binders,Avery Binding System Hidden Tab Executive Style Index Sets,111.54,2,5.77,COD
5734,CA-2020-143574,29-06-2020,02-07-2020,First Class,DR-12880,Dan Reichenbach,Corporate,United States,Milford,Connecticut,East,OFF-SU-10002537,Office Supplies,Supplies,Acme Box Cutter Scissors,157.69,3,7.9794,Online
4711,CA-2020-138149,29-06-2020,30-06-2020,First Class,WB-21850,William Brown,Consumer,United States,Los Angeles,California,West,TEC-AC-10001284,Technology,Accessories,Enermax Briskie RF Wireless Keyboard and Mouse Combo,164.31,3,22.4316,Online
395,CA-2020-102946,30-06-2020,05-07-2020,Standard Class,VP-21730,Victor Preis,Home Office,United States,Las Vegas,Nevada,West,OFF-BI-10004492,Office Supplies,Binders,Tuf-Vin Binders,117.792,3,25.5798,Online
8039,CA-2020-109393,30-06-2020,02-07-2020,Second Class,JC-15775,John Castell,Consumer,United States,Los Angeles,California,West,FUR-BO-10003966,Furniture,Bookcases,"Sauder Facets Collection Library, Sky Alder Finish",484.999,3,5.1294,Online
2588,CA-2020-131695,30-06-2020,06-07-2020,Standard Class,RA-19285,Ralph Arnett,Consumer,United States,New York City,New York,East,FUR-FU-10002045,Furniture,Furnishings,"Executive Impressions 14""",84.23,1,9.7812,COD
5618,CA-2020-125745,30-06-2020,04-07-2020,Standard Class,DV-13045,Darrin Van Huff,Corporate,United States,Memphis,Tennessee,South,FUR-FU-10001591,Furniture,Furnishings,Advantus Panel Wall Certificate Holder - 8.5x11,108.52,2,5.368,COD
5159,CA-2020-163006,30-06-2020,04-07-2020,Second Class,GH-14410,Gary Hansen,Home Office,United States,Chicago,Illinois,Central,FUR-FU-10003799,Furniture,Furnishings,"Seth Thomas 13 1/2"" Wall Clock",109.224,2,-10.3124,COD
3396,US-2020-148362,01-07-2020,08-07-2020,Standard Class,KF-16285,Karen Ferguson,Home Office,United States,Indianapolis,Indiana,Central,OFF-ST-10001128,Office Supplies,Storage,"Carina Mini System Audio Rack, Model AR050B",475.92,4,13.3176,COD
3398,US-2020-148362,01-07-2020,08-07-2020,Standard Class,KF-16285,Karen Ferguson,Home Office,United States,Indianapolis,Indiana,Central,OFF-PA-10003441,Office Supplies,Paper,Xerox 226,134.92,4,12.4416,COD
7697,CA-2020-107958,02-07-2020,05-07-2020,First Class,AH-10120,Adrian Hane,Home Office,United States,Houston,Texas,Central,OFF-BI-10001787,Office Supplies,Binders,Wilson Jones Four-Pocket Poly Binders,112.232,4,-8.1096,COD
6153,CA-2020-139437,03-07-2020,08-07-2020,Standard Class,RD-19585,Rob Dowd,Consumer,United States,Los Angeles,California,West,OFF-ST-10002485,Office Supplies,Storage,Rogers Deluxe File Chest,100.92,4,0.8792,Online
8577,CA-2020-106747,03-07-2020,04-07-2020,First Class,TS-21505,Tony Sayre,Consumer,United States,Concord,New Hampshire,East,FUR-FU-10004188,Furniture,Furnishings,Luxo Professional Combination Clamp-On Lamps,150.3,1,26.598,COD
1394,CA-2020-124828,03-07-2020,04-07-2020,First Class,YS-21880,Yana Sorensen,Corporate,United States,Burlington,North Carolina,South,OFF-AR-10003514,Office Supplies,Art,4009 Highlighters by Sanford,78.552,3,1.5522,COD
3572,CA-2020-168109,03-07-2020,03-07-2020,Same Day,JK-15640,Jim Kriz,Home Office,United States,Seattle,Washington,West,TEC-PH-10000702,Technology,Phones,"Square Credit Card Reader, 4 1/2"" x 4 1/2"" x 1"", White",111.992,1,2.6973,Online
3428,US-2020-111024,03-07-2020,06-07-2020,Second Class,SZ-20035,Sam Zeldin,Home Office,United States,Lancaster,Ohio,East,OFF-PA-10000174,Office Supplies,Paper,"Message Book, Wirebound, Four 5 1/2"" X 4"" Forms/Pg., 200 Dupl. Sets/Book",132.896,4,11.1024,COD
3664,US-2020-129777,03-07-2020,09-07-2020,Standard Class,FM-14290,Frank Merwin,Home Office,United States,Quincy,Massachusetts,East,OFF-PA-10001970,Office Supplies,Paper,Xerox 1881,113.56,2,11.5432,COD
1304,US-2020-126179,03-07-2020,07-07-2020,Standard Class,CS-12460,Chuck Sachs,Consumer,United States,Columbus,Georgia,South,FUR-FU-10002554,Furniture,Furnishings,"Westinghouse Floor Lamp with Metal Mesh Shade, Black",124.99,1,5.5177,COD
7870,US-2020-166233,03-07-2020,09-07-2020,Standard Class,MO-17950,Michael Oakman,Consumer,United States,Jacksonville,North Carolina,South,TEC-AC-10002167,Technology,Accessories,Imation 8gb Micro Traveldrive Usb 2.0 Flash Drive,152.0,2,-2.7,COD
3430,US-2020-111024,03-07-2020,06-07-2020,Second Class,SZ-20035,Sam Zeldin,Home Office,United States,Lancaster,Ohio,East,OFF-PA-10002246,Office Supplies,Paper,"Wirebound Four 2-3/4 x 5 Forms per Page, 400 Sets per Book",138.96,6,11.223,COD
3569,CA-2020-168109,03-07-2020,03-07-2020,Same Day,JK-15640,Jim Kriz,Home Office,United States,Seattle,Washington,West,TEC-AC-10003628,Technology,Accessories,Logitech 910-002974 M325 Wireless Mouse for Web Scrolling,144.98,2,26.3912,Online
4234,CA-2020-100223,05-07-2020,10-07-2020,Standard Class,LS-16945,Linda Southworth,Corporate,United States,Dallas,Texas,Central,OFF-BI-10004492,Office Supplies,Binders,Tuf-Vin Binders,78.316,1,-10.4214,Online
4231,CA-2020-100223,05-07-2020,10-07-2020,Standard Class,LS-16945,Linda Southworth,Corporate,United States,Dallas,Texas,Central,OFF-BI-10003429,Office Supplies,Binders,"Cardinal HOLDit! Binder Insert Strips,Extra Strips",117.394,9,-17.6607,COD
4232,CA-2020-100223,05-07-2020,10-07-2020,Standard Class,LS-16945,Linda Southworth,Corporate,United States,Dallas,Texas,Central,OFF-PA-10000232,Office Supplies,Paper,Xerox 1975,96.552,3,5.6376,COD
4233,CA-2020-100223,05-07-2020,10-07-2020,Standard Class,LS-16945,Linda Southworth,Corporate,United States,Dallas,Texas,Central,OFF-PA-10002195,Office Supplies,Paper,Xerox 1966,125.104,6,11.2752,COD
9569,CA-2020-104388,05-07-2020,07-07-2020,First Class,DK-12835,Damala Kotsonis,Corporate,United States,Fremont,Nebraska,Central,TEC-PH-10002293,Technology,Phones,Anker 36W 4-Port USB Wall Charger Travel Power Adapter for iPhone 5s 5c 5,156.96,4,22.3888,COD
6743,US-2020-101784,06-07-2020,11-07-2020,Standard Class,PO-18850,Patrick O'Brill,Consumer,United States,Los Angeles,California,West,FUR-CH-10001146,Furniture,Chairs,"Global Task Chair, Black",168.136,3,-13.7403,COD
6031,US-2020-152492,06-07-2020,06-07-2020,Same Day,AH-10585,Angele Hood,Consumer,United States,Miami,Florida,South,FUR-CH-10000155,Furniture,Chairs,Global Comet Stacking Armless Chair,288.24,1,23.924,COD
199,US-2020-124303,06-07-2020,13-07-2020,Standard Class,FH-14365,Fred Hopkins,Corporate,United States,Philadelphia,Pennsylvania,East,OFF-BI-10000343,Office Supplies,Binders,"Pressboard Covers with Storage Hooks, 9 1/2"" x 11"", Light Blue",74.946,2,-2.2586,Online
200,US-2020-124303,06-07-2020,13-07-2020,Standard Class,FH-14365,Fred Hopkins,Corporate,United States,Philadelphia,Pennsylvania,East,OFF-PA-10002749,Office Supplies,Paper,"Wirebound Message Books, 5-1/2 x 4 Forms, 2 or 4 Forms per Page",111.056,3,5.8203,Online
5933,US-2020-169551,07-07-2020,09-07-2020,First Class,RL-19615,Rob Lucas,Consumer,United States,Philadelphia,Pennsylvania,East,OFF-ST-10004835,Office Supplies,Storage,Plastic Stacking Crates & Casters,85.392,3,1.0044,COD
1263,CA-2020-105053,07-07-2020,09-07-2020,Second Class,CS-12355,Christine Sundaresam,Consumer,United States,Long Beach,New York,East,OFF-BI-10001634,Office Supplies,Binders,Wilson Jones Active Use Binders,129.472,3,6.3336,Online
8492,CA-2020-106824,07-07-2020,11-07-2020,Standard Class,AT-10735,Annie Thurman,Consumer,United States,Los Angeles,California,West,OFF-FA-10001135,Office Supplies,Fasteners,"Brites Rubber Bands, 1 1/2 oz. Box",130.94,3,0.1188,COD
5931,US-2020-169551,07-07-2020,09-07-2020,First Class,RL-19615,Rob Lucas,Consumer,United States,Philadelphia,Pennsylvania,East,OFF-PA-10004100,Office Supplies,Paper,Xerox 216,138.552,3,5.4432,Online
5934,US-2020-169551,07-07-2020,09-07-2020,First Class,RL-19615,Rob Lucas,Consumer,United States,Philadelphia,Pennsylvania,East,TEC-AC-10002020,Technology,Accessories,AmazonBasics 3-Button USB Wired Mouse,114.776,3,4.8231,Online
3216,CA-2020-150189,08-07-2020,10-07-2020,First Class,VG-21790,Vivek Gonzalez,Consumer,United States,San Mateo,California,West,OFF-LA-10002762,Office Supplies,Labels,Avery 485,104.18,6,35.3346,COD
8405,CA-2020-140480,08-07-2020,12-07-2020,Standard Class,HE-14800,Harold Engle,Corporate,United States,Newark,Delaware,East,FUR-FU-10003247,Furniture,Furnishings,36X48 HARDFLOOR CHAIRMAT,108.92,4,5.8744,COD
4537,CA-2020-138464,08-07-2020,12-07-2020,Standard Class,VF-21715,Vicky Freymann,Home Office,United States,Seattle,Washington,West,OFF-BI-10001543,Office Supplies,Binders,GBC VeloBinder Manual Binding System,122.376,3,30.2316,COD
8409,CA-2020-140480,08-07-2020,12-07-2020,Standard Class,HE-14800,Harold Engle,Corporate,United States,Newark,Delaware,East,OFF-AR-10004010,Office Supplies,Art,Hunt Boston Vacuum Mount KS Pencil Sharpener,201.95,5,45.487,COD
4536,CA-2020-138464,08-07-2020,12-07-2020,Standard Class,VF-21715,Vicky Freymann,Home Office,United States,Seattle,Washington,West,FUR-FU-10003142,Furniture,Furnishings,"Master Big Foot Doorstop, Beige",91.84,3,4.9104,COD
4538,CA-2020-138464,08-07-2020,12-07-2020,Standard Class,VF-21715,Vicky Freymann,Home Office,United States,Seattle,Washington,West,OFF-AR-10003560,Office Supplies,Art,Zebra Zazzle Fluorescent Highlighters,117.24,3,6.2016,Online
347,CA-2020-134306,08-07-2020,12-07-2020,Standard Class,TD-20995,Tamara Dahlen,Consumer,United States,Lowell,Massachusetts,East,OFF-AR-10004027,Office Supplies,Art,"Binney & Smith inkTank Erasable Desk Highlighter, Chisel Tip, Yellow, 12/Box",127.56,3,3.0996,COD
4539,CA-2020-138464,08-07-2020,12-07-2020,Standard Class,VF-21715,Vicky Freymann,Home Office,United States,Seattle,Washington,West,OFF-AR-10004757,Office Supplies,Art,Crayola Colored Pencils,130.12,4,4.3296,COD
8408,CA-2020-140480,08-07-2020,12-07-2020,Standard Class,HE-14800,Harold Engle,Corporate,United States,Newark,Delaware,East,OFF-AR-10001419,Office Supplies,Art,Newell 325,125.91,7,8.673,COD
349,CA-2020-134306,08-07-2020,12-07-2020,Standard Class,TD-20995,Tamara Dahlen,Consumer,United States,Lowell,Massachusetts,East,OFF-AR-10001374,Office Supplies,Art,"BIC Brite Liner Highlighters, Chisel Tip",118.96,2,4.1472,COD
1623,CA-2020-108560,08-07-2020,15-07-2020,Standard Class,JC-15385,Jenna Caffey,Consumer,United States,Kent,Washington,West,OFF-BI-10001107,Office Supplies,Binders,"GBC White Gloss Covers, Plain Front",135.168,2,7.8192,COD
348,CA-2020-134306,08-07-2020,12-07-2020,Standard Class,TD-20995,Tamara Dahlen,Consumer,United States,Lowell,Massachusetts,East,OFF-PA-10000249,Office Supplies,Paper,Easy-staple paper,131.56,2,11.5432,COD
8407,CA-2020-140480,08-07-2020,12-07-2020,Standard Class,HE-14800,Harold Engle,Corporate,United States,Newark,Delaware,East,FUR-FU-10001057,Furniture,Furnishings,Tensor Track Tree Floor Lamp,135.98,2,9.1954,Online
9531,CA-2020-111759,08-07-2020,12-07-2020,Standard Class,MR-17545,Mathew Reese,Home Office,United States,Seattle,Washington,West,OFF-PA-10003127,Office Supplies,Paper,Easy-staple paper,165.76,2,24.2696,COD
1624,CA-2020-108560,08-07-2020,15-07-2020,Standard Class,JC-15385,Jenna Caffey,Consumer,United States,Kent,Washington,West,TEC-AC-10003063,Technology,Accessories,Micro Innovations USB RF Wireless Keyboard with Mouse,167.0,2,10.5,COD
6144,CA-2020-121083,09-07-2020,15-07-2020,Standard Class,JF-15190,Jamie Frazer,Consumer,United States,Manchester,Connecticut,East,OFF-AR-10002987,Office Supplies,Art,Prismacolor Color Pencil Set,159.04,6,48.8064,COD
6142,CA-2020-121083,09-07-2020,15-07-2020,Standard Class,JF-15190,Jamie Frazer,Consumer,United States,Manchester,Connecticut,East,OFF-ST-10002554,Office Supplies,Storage,Tennsco Industrial Shelving,221.64,4,3.9128,COD
2233,CA-2020-132122,09-07-2020,14-07-2020,Standard Class,JH-15820,John Huston,Consumer,United States,Chicago,Illinois,Central,OFF-ST-10003692,Office Supplies,Storage,Recycled Steel Personal File for Hanging File Folders,278.92,5,14.3075,Online
2574,CA-2020-145128,09-07-2020,14-07-2020,Standard Class,SM-20320,Sean Miller,Home Office,United States,Lafayette,Indiana,Central,FUR-FU-10000293,Furniture,Furnishings,Eldon Antistatic Chair Mats for Low to Medium Pile Carpets,536.45,5,31.587,Online
977,US-2020-100209,09-07-2020,15-07-2020,Standard Class,TD-20995,Tamara Dahlen,Consumer,United States,Portland,Oregon,West,OFF-BI-10002012,Office Supplies,Binders,Wilson Jones Easy Flow II Sheet Lifters,64.08,2,-0.792,COD
1044,CA-2020-115651,09-07-2020,12-07-2020,First Class,NS-18640,Noel Staavos,Corporate,United States,Chicago,Illinois,Central,OFF-AR-10001130,Office Supplies,Art,"Quartet Alpha White Chalk, 12/Pack",99.84,5,2.9835,COD
3107,CA-2020-127460,10-07-2020,14-07-2020,Standard Class,FG-14260,Frank Gastineau,Home Office,United States,Aurora,Illinois,Central,OFF-ST-10004340,Office Supplies,Storage,"Fellowes Mobile File Cart, Black",325.464,6,26.1156,COD
2927,CA-2020-128629,10-07-2020,14-07-2020,Second Class,BP-11155,Becky Pak,Consumer,United States,Columbus,Georgia,South,FUR-FU-10000771,Furniture,Furnishings,"Eldon 200 Class Desk Accessories, Smoke",101.84,3,7.9128,COD
8038,CA-2020-169012,10-07-2020,14-07-2020,Standard Class,BF-11275,Beth Fritzler,Corporate,United States,Columbus,Georgia,South,OFF-AP-10003278,Office Supplies,Appliances,Belkin 7-Outlet SurgeMaster Home Series,142.91,3,10.8966,COD
8714,CA-2020-136623,11-07-2020,16-07-2020,Standard Class,TS-21430,Tom Stivers,Corporate,United States,San Diego,California,West,TEC-PH-10000004,Technology,Phones,Belkin iPhone and iPad Lightning Cable,117.952,6,5.3964,Online
2705,CA-2020-156818,11-07-2020,13-07-2020,Second Class,JD-16015,Joy Daniels,Consumer,United States,New York City,New York,East,TEC-AC-10002323,Technology,Accessories,SanDisk Ultra 32 GB MicroSDHC Class 10 Memory Card,172.6,6,17.238,COD
8588,CA-2020-162015,11-07-2020,18-07-2020,Standard Class,KB-16240,Karen Bern,Corporate,United States,Los Angeles,California,West,OFF-AP-10003040,Office Supplies,Appliances,Fellowes 8 Outlet Superior Workstation Surge Protector w/o Phone/Fax/Modem Protection,202.1,5,43.706,Online
1473,CA-2020-164959,11-07-2020,15-07-2020,Standard Class,KN-16390,Katherine Nockton,Corporate,United States,Los Angeles,California,West,OFF-LA-10004272,Office Supplies,Labels,Avery 482,117.67,3,4.0749,Online
6231,CA-2020-127656,11-07-2020,17-07-2020,Standard Class,NW-18400,Natalie Webber,Consumer,United States,Waterloo,Iowa,Central,OFF-AR-10001166,Office Supplies,Art,Staples in misc. colors,134.32,4,11.8248,COD
8715,CA-2020-136623,11-07-2020,16-07-2020,Standard Class,TS-21430,Tom Stivers,Corporate,United States,San Diego,California,West,OFF-BI-10003708,Office Supplies,Binders,"Acco Four Pocket Poly Ring Binder with Label Holder, Smoke, 1""",134.8,5,9.3125,Online
9010,CA-2020-106047,12-07-2020,18-07-2020,Standard Class,CS-11860,Cari Schnelling,Consumer,United States,Fairfield,Ohio,East,OFF-PA-10000791,Office Supplies,Paper,"Wirebound Message Books, Four 2 3/4 x 5 Forms per Page, 200 Sets per Book",89.816,1,1.1925,Online
4805,CA-2020-136364,13-07-2020,17-07-2020,Second Class,MH-17455,Mark Hamilton,Consumer,United States,Philadelphia,Pennsylvania,East,FUR-FU-10002501,Furniture,Furnishings,Nu-Dell Executive Frame,104.008,9,19.3392,COD
5977,CA-2020-102155,13-07-2020,17-07-2020,Standard Class,RR-19525,Rick Reed,Corporate,United States,Overland Park,Kansas,Central,OFF-PA-10003673,Office Supplies,Paper,Strathmore Photo Mount Cards,87.56,2,6.2376,COD
4804,CA-2020-136364,13-07-2020,17-07-2020,Second Class,MH-17455,Mark Hamilton,Consumer,United States,Philadelphia,Pennsylvania,East,TEC-PH-10003885,Technology,Phones,Cisco SPA508G,133.594,1,-7.2589,Online
7499,CA-2020-121048,14-07-2020,18-07-2020,Standard Class,TC-21295,Toby Carlisle,Consumer,United States,Westminster,California,West,OFF-AR-10004042,Office Supplies,Art,"BOSTON Model 1800 Electric Pencil Sharpeners, Putty/Woodgrain",103.92,4,20.8568,Online
7511,US-2020-161935,14-07-2020,18-07-2020,Standard Class,JL-15835,John Lee,Consumer,United States,Columbus,Ohio,East,OFF-ST-10003455,Office Supplies,Storage,"Tenex File Box, Personal Filing Tote with Lid, Black",107.04,5,4.653,Online
7501,CA-2020-121048,14-07-2020,18-07-2020,Standard Class,TC-21295,Toby Carlisle,Consumer,United States,Westminster,California,West,TEC-AC-10000991,Technology,Accessories,Sony Micro Vault Click 8 GB USB 2.0 Flash Drive,150.97,3,19.7358,COD
7513,US-2020-161935,14-07-2020,18-07-2020,Standard Class,JL-15835,John Lee,Consumer,United States,Columbus,Ohio,East,OFF-ST-10001837,Office Supplies,Storage,"SAFCO Mobile Desk Side File, Wire Frame",273.456,7,17.9592,COD
7497,CA-2020-121048,14-07-2020,18-07-2020,Standard Class,TC-21295,Toby Carlisle,Consumer,United States,Westminster,California,West,FUR-FU-10003601,Furniture,Furnishings,"Deflect-o RollaMat Studded, Beveled Mat for Medium Pile Carpeting",307.69,3,49.8042,COD
7496,CA-2020-121048,14-07-2020,18-07-2020,Standard Class,TC-21295,Toby Carlisle,Consumer,United States,Westminster,California,West,OFF-BI-10004022,Office Supplies,Binders,Acco Suede Grain Vinyl Round Ring Binder,112.448,2,1.4456,Cards
7498,CA-2020-121048,14-07-2020,18-07-2020,Standard Class,TC-21295,Toby Carlisle,Consumer,United States,Westminster,California,West,OFF-FA-10000490,Office Supplies,Fasteners,"OIC Binder Clips, Mini, 1/4"" Capacity, Black",87.96,4,2.3312,COD
7500,CA-2020-121048,14-07-2020,18-07-2020,Standard Class,TC-21295,Toby Carlisle,Consumer,United States,Westminster,California,West,FUR-FU-10002960,Furniture,Furnishings,"Eldon 200 Class Desk Accessories, Burgundy",117.84,3,7.9128,COD
7509,US-2020-161935,14-07-2020,18-07-2020,Standard Class,JL-15835,John Lee,Consumer,United States,Columbus,Ohio,East,OFF-PA-10000605,Office Supplies,Paper,Xerox 1950,122.248,2,3.3524,COD
7514,US-2020-161935,14-07-2020,18-07-2020,Standard Class,JL-15835,John Lee,Consumer,United States,Columbus,Ohio,East,OFF-AR-10004757,Office Supplies,Art,Crayola Colored Pencils,139.12,5,2.132,Cards
7690,US-2020-128951,15-07-2020,17-07-2020,First Class,RS-19420,Ricardo Sperren,Corporate,United States,Suffolk,Virginia,South,OFF-AP-10002191,Office Supplies,Appliances,Belkin 8 Outlet SurgeMaster II Gold Surge Protector,200.94,3,50.3832,COD
5502,CA-2020-164378,15-07-2020,18-07-2020,Second Class,MM-18055,Michelle Moray,Consumer,United States,New York City,New York,East,OFF-PA-10004519,Office Supplies,Paper,Spiral Phone Message Books with Labels by Adams,93.96,2,4.3904,Cards
5498,CA-2020-164378,15-07-2020,18-07-2020,Second Class,MM-18055,Michelle Moray,Consumer,United States,New York City,New York,East,OFF-AR-10001177,Office Supplies,Art,Newell 349,90.56,2,1.9024,Cards
5499,CA-2020-164378,15-07-2020,18-07-2020,Second Class,MM-18055,Michelle Moray,Consumer,United States,New York City,New York,East,OFF-LA-10000634,Office Supplies,Labels,Avery 509,93.83,3,3.6018,Online
7692,US-2020-128951,15-07-2020,17-07-2020,First Class,RS-19420,Ricardo Sperren,Corporate,United States,Suffolk,Virginia,South,OFF-PA-10003177,Office Supplies,Paper,Xerox 1999,120.96,2,6.2208,COD
2091,CA-2020-166142,15-07-2020,19-07-2020,Standard Class,MM-17260,Magdelene Morse,Consumer,United States,Wilmington,Delaware,East,OFF-BI-10004094,Office Supplies,Binders,GBC Standard Plastic Binding Systems Combs,132.55,3,13.0095,Cards
5500,CA-2020-164378,15-07-2020,18-07-2020,Second Class,MM-18055,Michelle Moray,Consumer,United States,New York City,New York,East,TEC-AC-10004708,Technology,Accessories,Sony 32GB Class 10 Micro SDHC R40 Memory Card,160.9,2,8.799,COD
24,US-2020-156909,16-07-2020,18-07-2020,Second Class,SF-20065,Sandra Flanagan,Consumer,United States,Philadelphia,Pennsylvania,East,FUR-CH-10002774,Furniture,Chairs,"Global Deluxe Stacking Chair, Gray",114.372,2,-1.0196,COD
9830,US-2020-152842,16-07-2020,23-07-2020,Standard Class,NF-18385,Natalie Fritzler,Consumer,United States,Charlotte,North Carolina,South,FUR-CH-10004218,Furniture,Chairs,"Global Fabric Manager's Chair, Dark Gray",279.352,3,15.147,COD
2572,CA-2020-109778,16-07-2020,21-07-2020,Standard Class,VM-21685,Valerie Mitchum,Home Office,United States,Woodstock,Illinois,Central,OFF-AR-10003759,Office Supplies,Art,"Crayola Anti Dust Chalk, 12/Pack",103.912,2,0.91,Cards
5650,CA-2020-142342,17-07-2020,19-07-2020,Second Class,AJ-10795,Anthony Johnson,Corporate,United States,Apple Valley,California,West,OFF-EN-10002592,Office Supplies,Envelopes,"Peel & Seel Recycled Catalog Envelopes, Brown",100.9,5,28.95,Online
4527,US-2020-105046,17-07-2020,23-07-2020,Standard Class,BE-11335,Bill Eplett,Home Office,United States,Rome,New York,East,OFF-PA-10004353,Office Supplies,Paper,Southworth 25% Cotton Premium Laser Paper and Envelopes,119.9,5,47.952,Online
2440,CA-2020-139948,17-07-2020,22-07-2020,Standard Class,SW-20455,Shaun Weien,Consumer,United States,Tampa,Florida,South,FUR-FU-10002597,Furniture,Furnishings,"C-Line Magnetic Cubicle Keepers, Clear Polypropylene",92.904,2,2.1736,COD
5649,CA-2020-142342,17-07-2020,19-07-2020,Second Class,AJ-10795,Anthony Johnson,Corporate,United States,Apple Valley,California,West,OFF-PA-10004609,Office Supplies,Paper,Xerox 221,106.4,5,15.552,COD
4528,US-2020-105046,17-07-2020,23-07-2020,Standard Class,BE-11335,Bill Eplett,Home Office,United States,Rome,New York,East,FUR-FU-10004848,Furniture,Furnishings,DAX Solid Wood Frames,128.08,4,14.4596,COD
5651,CA-2020-142342,17-07-2020,19-07-2020,Second Class,AJ-10795,Anthony Johnson,Corporate,United States,Apple Valley,California,West,OFF-ST-10002957,Office Supplies,Storage,Sterilite Show Offs Storage Containers,121.56,2,0.0,Cards
3916,US-2020-142573,18-07-2020,23-07-2020,Standard Class,ML-17410,Maris LaWare,Consumer,United States,Phoenix,Arizona,West,FUR-CH-10004218,Furniture,Chairs,"Global Fabric Manager's Chair, Dark Gray",174.568,2,10.098,COD
7044,US-2020-165358,18-07-2020,23-07-2020,Standard Class,SV-20365,Seth Vernon,Consumer,United States,Philadelphia,Pennsylvania,East,FUR-CH-10002647,Furniture,Chairs,"Situations Contoured Folding Chairs, 4/Set",214.744,4,-14.196,COD
3918,US-2020-142573,18-07-2020,23-07-2020,Standard Class,ML-17410,Maris LaWare,Consumer,United States,Phoenix,Arizona,West,OFF-BI-10003350,Office Supplies,Binders,Acco Expandable Hanging Binders,116.656,4,-6.1248,Online
7045,US-2020-165358,18-07-2020,23-07-2020,Standard Class,SV-20365,Seth Vernon,Consumer,United States,Philadelphia,Pennsylvania,East,OFF-SU-10004768,Office Supplies,Supplies,Acme Kleencut Forged Steel Scissors,113.184,2,1.148,COD
3917,US-2020-142573,18-07-2020,23-07-2020,Standard Class,ML-17410,Maris LaWare,Consumer,United States,Phoenix,Arizona,West,OFF-PA-10000246,Office Supplies,Paper,Riverleaf Stik-Withit Designer Note Cubes,117.096,2,5.2312,Online
9320,US-2020-108343,20-07-2020,25-07-2020,Standard Class,AR-10825,Anthony Rawles,Corporate,United States,New York City,New York,East,FUR-CH-10002780,Furniture,Chairs,Office Star - Task Chair with Contemporary Loop Arms,194.764,2,25.4744,Online
2317,CA-2020-122035,20-07-2020,25-07-2020,Standard Class,EM-13825,Elizabeth Moffitt,Corporate,United States,Sioux Falls,South Dakota,Central,FUR-CH-10003833,Furniture,Chairs,Novimex Fabric Task Chair,218.94,3,27.441,COD
9321,US-2020-108343,20-07-2020,25-07-2020,Standard Class,AR-10825,Anthony Rawles,Corporate,United States,New York City,New York,East,FUR-FU-10000747,Furniture,Furnishings,Tenex B1-RE Series Chair Mats for Low Pile Carpets,232.92,4,31.2664,Cards
580,CA-2020-118640,20-07-2020,26-07-2020,Standard Class,CS-11950,Carlos Soltero,Consumer,United States,Chicago,Illinois,Central,FUR-FU-10001475,Furniture,Furnishings,"Contract Clock, 14"", Brown",106.792,1,-5.7148,Online
9319,US-2020-108343,20-07-2020,25-07-2020,Standard Class,AR-10825,Anthony Rawles,Corporate,United States,New York City,New York,East,OFF-PA-10000743,Office Supplies,Paper,Xerox 1977,105.36,2,6.4128,Cards
2314,CA-2020-122035,20-07-2020,25-07-2020,Standard Class,EM-13825,Elizabeth Moffitt,Corporate,United States,Sioux Falls,South Dakota,Central,OFF-LA-10004093,Office Supplies,Labels,Avery 486,151.62,2,6.8714,COD
2316,CA-2020-122035,20-07-2020,25-07-2020,Standard Class,EM-13825,Elizabeth Moffitt,Corporate,United States,Sioux Falls,South Dakota,Central,OFF-BI-10000404,Office Supplies,Binders,Avery Printable Repositionable Plastic Tabs,155.0,5,20.21,Online
2318,CA-2020-122035,20-07-2020,25-07-2020,Standard Class,EM-13825,Elizabeth Moffitt,Corporate,United States,Sioux Falls,South Dakota,Central,OFF-BI-10002072,Office Supplies,Binders,Cardinal Slant-D Ring Binders,144.83,7,30.415,Online
579,CA-2020-118640,20-07-2020,26-07-2020,Standard Class,CS-11950,Carlos Soltero,Consumer,United States,Chicago,Illinois,Central,OFF-ST-10002974,Office Supplies,Storage,"Trav-L-File Heavy-Duty Shuttle II, Black",146.712,2,8.714,Cards
4273,US-2020-158505,21-07-2020,21-07-2020,Same Day,SF-20200,Sarah Foster,Consumer,United States,Murray,Utah,West,TEC-PH-10004071,Technology,Phones,PayAnywhere Card Reader,114.928,9,6.2937,Online
6584,CA-2020-104731,21-07-2020,27-07-2020,Standard Class,AM-10705,Anne McFarland,Consumer,United States,Salem,Virginia,South,OFF-AR-10003727,Office Supplies,Art,Berol Giant Pencil Sharpener,117.94,6,29.5626,Cards
7845,US-2020-123834,21-07-2020,25-07-2020,Standard Class,GM-14500,Gene McClure,Consumer,United States,Pharr,Texas,Central,FUR-TA-10001676,Furniture,Tables,Hon 61000 Series Interactive Training Tables,148.404,4,-21.3264,Cards
6700,CA-2020-145429,21-07-2020,25-07-2020,Standard Class,SW-20455,Shaun Weien,Consumer,United States,San Diego,California,West,FUR-CH-10000988,Furniture,Chairs,Hon Olson Stacker Stools,256.296,2,22.5296,Cards
6590,CA-2020-104731,21-07-2020,27-07-2020,Standard Class,AM-10705,Anne McFarland,Consumer,United States,Salem,Virginia,South,OFF-SU-10003505,Office Supplies,Supplies,Premier Electric Letter Opener,271.72,2,11.586,Cards
5014,US-2020-160465,21-07-2020,26-07-2020,Standard Class,SW-20350,Sean Wendt,Home Office,United States,Cleveland,Ohio,East,OFF-ST-10000136,Office Supplies,Storage,Letter Size File,272.32,7,25.011,Cards
9809,CA-2020-145093,21-07-2020,26-07-2020,Standard Class,PT-19090,Pete Takahito,Consumer,United States,Chicago,Illinois,Central,OFF-BI-10001116,Office Supplies,Binders,"Wilson Jones 1"" Hanging DublLock Ring Binders",82.112,2,-3.3792,Cards
7084,CA-2020-118724,21-07-2020,25-07-2020,Second Class,AR-10825,Anthony Rawles,Corporate,United States,Concord,California,West,OFF-AR-10003469,Office Supplies,Art,Nontoxic Chalk,97.52,2,1.6896,Cards
8327,CA-2020-103478,21-07-2020,24-07-2020,Second Class,KL-16555,Kelly Lampkin,Corporate,United States,Aurora,Illinois,Central,OFF-BI-10001890,Office Supplies,Binders,Avery Poly Binder Pockets,110.864,4,-4.5824,Online
645,US-2020-127719,21-07-2020,25-07-2020,Standard Class,TW-21025,Tamara Willingham,Home Office,United States,Plainfield,New Jersey,East,OFF-PA-10001934,Office Supplies,Paper,Xerox 1993,100.48,1,3.1752,Online
6699,CA-2020-145429,21-07-2020,25-07-2020,Standard Class,SW-20455,Shaun Weien,Consumer,United States,San Diego,California,West,OFF-PA-10003205,Office Supplies,Paper,"Wirebound Message Forms, Four 2 3/4 x 5 Forms per Page, Pink Paper",88.34,2,7.6798,Cards
6586,CA-2020-104731,21-07-2020,27-07-2020,Standard Class,AM-10705,Anne McFarland,Consumer,United States,Salem,Virginia,South,FUR-FU-10003274,Furniture,Furnishings,Regeneration Desk Collection,99.8,5,3.872,Cards
6589,CA-2020-104731,21-07-2020,27-07-2020,Standard Class,AM-10705,Anne McFarland,Consumer,United States,Salem,Virginia,South,OFF-BI-10003355,Office Supplies,Binders,Cardinal Holdit Business Card Pockets,138.94,3,7.1712,Online
6832,US-2020-123204,21-07-2020,27-07-2020,Standard Class,CS-11860,Cari Schnelling,Consumer,United States,New York City,New York,East,OFF-AP-10002287,Office Supplies,Appliances,"Eureka Sanitaire  Multi-Pro Heavy-Duty Upright, Disposable Bags",123.48,4,4.5448,Online
6587,CA-2020-104731,21-07-2020,27-07-2020,Standard Class,AM-10705,Anne McFarland,Consumer,United States,Salem,Virginia,South,OFF-AR-10003829,Office Supplies,Art,Newell 35,124.68,6,5.7072,Online
6701,CA-2020-145429,21-07-2020,25-07-2020,Standard Class,SW-20455,Shaun Weien,Consumer,United States,San Diego,California,West,OFF-BI-10001524,Office Supplies,Binders,GBC Premium Transparent Covers with Diagonal Lined Pattern,115.352,3,17.6232,COD
5013,US-2020-160465,21-07-2020,26-07-2020,Standard Class,SW-20350,Sean Wendt,Home Office,United States,Cleveland,Ohio,East,OFF-BI-10001670,Office Supplies,Binders,Vinyl Sectional Post Binders,127.93,3,-22.62,Cards
4274,US-2020-158505,21-07-2020,21-07-2020,Same Day,SF-20200,Sarah Foster,Consumer,United States,Murray,Utah,West,OFF-AR-10001044,Office Supplies,Art,"BOSTON Ranger #55 Pencil Sharpener, Black",142.99,1,7.5371,Online
3197,CA-2020-109750,22-07-2020,28-07-2020,Standard Class,FH-14365,Fred Hopkins,Corporate,United States,New York City,New York,East,TEC-PH-10000702,Technology,Phones,"Square Credit Card Reader, 4 1/2"" x 4 1/2"" x 1"", White",117.97,3,14.0859,Online
9589,CA-2020-110940,23-07-2020,28-07-2020,Standard Class,AZ-10750,Annie Zypern,Consumer,United States,Wheeling,Illinois,Central,OFF-AR-10000380,Office Supplies,Art,"Hunt PowerHouse Electric Pencil Sharpener, Blue",168.536,4,15.192,Online
4374,US-2020-169320,23-07-2020,25-07-2020,Second Class,LH-16900,Lena Hernandez,Consumer,United States,Elkhart,Indiana,Central,TEC-AC-10002550,Technology,Accessories,"Memorex 25GB 6X Branded Blu-Ray Recordable Disc, 30/Pack",191.75,5,11.1825,Online
7894,CA-2020-125367,23-07-2020,30-07-2020,Standard Class,NM-18445,Nathan Mautz,Home Office,United States,New York City,New York,East,OFF-BI-10002412,Office Supplies,Binders,Wilson Jones “Snap” Scratch Pad Binder Tool for Ring Binders,120.92,3,4.35,COD
9230,CA-2020-133718,23-07-2020,26-07-2020,First Class,TB-21520,Tracy Blumstein,Consumer,United States,Los Angeles,California,West,OFF-BI-10003429,Office Supplies,Binders,"Cardinal HOLDit! Binder Insert Strips,Extra Strips",99.192,3,5.5071,Cards
4373,US-2020-169320,23-07-2020,25-07-2020,Second Class,LH-16900,Lena Hernandez,Consumer,United States,Elkhart,Indiana,Central,OFF-AR-10003602,Office Supplies,Art,"Quartet Omega Colored Chalk, 12/Pack",88.68,2,5.4896,COD
759,CA-2020-117240,23-07-2020,28-07-2020,Standard Class,CP-12340,Christine Phan,Corporate,United States,New York City,New York,East,OFF-BI-10000848,Office Supplies,Binders,Angle-D Ring Binders,116.128,3,4.2666,Cards
8185,US-2020-101721,23-07-2020,27-07-2020,Standard Class,MY-17380,Maribeth Yedwab,Corporate,United States,Chicago,Illinois,Central,OFF-PA-10003641,Office Supplies,Paper,Xerox 1909,145.312,3,20.5764,Online
9231,CA-2020-133718,23-07-2020,26-07-2020,First Class,TB-21520,Tracy Blumstein,Consumer,United States,Los Angeles,California,West,OFF-PA-10002689,Office Supplies,Paper,Weyerhaeuser First Choice Laser/Copy Paper (20Lb. and 88 Bright),165.32,9,27.9936,Online
6262,CA-2020-103506,23-07-2020,27-07-2020,Standard Class,LR-17035,Lisa Ryan,Corporate,United States,Long Beach,New York,East,OFF-LA-10001158,Office Supplies,Labels,"Avery Address/Shipping Labels for Typewriters, 4"" x 2""",158.4,4,19.872,COD
6786,CA-2020-121293,25-07-2020,28-07-2020,Second Class,JC-15775,John Castell,Consumer,United States,Philadelphia,Pennsylvania,East,OFF-ST-10000060,Office Supplies,Storage,Fellowes Bankers Box Staxonsteel Drawer File/Stacking System,299.92,5,-25.992,Cards
7930,CA-2020-167549,25-07-2020,27-07-2020,First Class,EM-14200,Evan Minnotte,Home Office,United States,Dallas,Texas,Central,FUR-TA-10004767,Furniture,Tables,Safco Drafting Table,337.116,6,-4.2588,Cards
5116,CA-2020-125640,25-07-2020,29-07-2020,Standard Class,DD-13570,Dorothy Dickinson,Consumer,United States,Philadelphia,Pennsylvania,East,OFF-LA-10004178,Office Supplies,Labels,Avery 491,119.304,1,1.0738,Online
2856,CA-2020-169810,25-07-2020,31-07-2020,Standard Class,RB-19360,Raymond Buch,Consumer,United States,Sioux Falls,South Dakota,Central,OFF-LA-10003663,Office Supplies,Labels,Avery 498,122.23,7,9.5081,Online
6783,CA-2020-121293,25-07-2020,28-07-2020,Second Class,JC-15775,John Castell,Consumer,United States,Philadelphia,Pennsylvania,East,FUR-FU-10000732,Furniture,Furnishings,Eldon 200 Class Desk Accessories,129.096,4,3.0144,Cards
6787,CA-2020-121293,25-07-2020,28-07-2020,Second Class,JC-15775,John Castell,Consumer,United States,Philadelphia,Pennsylvania,East,OFF-PA-10004100,Office Supplies,Paper,Xerox 216,130.736,4,7.2576,Online
6784,CA-2020-121293,25-07-2020,28-07-2020,Second Class,JC-15775,John Castell,Consumer,United States,Philadelphia,Pennsylvania,East,OFF-SU-10004884,Office Supplies,Supplies,Acme Galleria Hot Forged Steel Scissors with Colored Handles,146.752,3,4.2471,Online
8303,US-2020-167318,26-07-2020,01-08-2020,Standard Class,GZ-14545,George Zrebassa,Corporate,United States,Los Angeles,California,West,FUR-CH-10000665,Furniture,Chairs,"Global Airflow Leather Mesh Back Chair, Black",403.352,3,45.294,COD
4126,CA-2020-123239,27-07-2020,31-07-2020,Second Class,MG-18145,Mike Gockenbach,Consumer,United States,Jacksonville,Florida,South,FUR-FU-10001602,Furniture,Furnishings,"Eldon Delta Triangular Chair Mat, 52"" x 58"", Clear",131.032,3,-2.2758,COD
9808,CA-2020-107209,27-07-2020,01-08-2020,Second Class,JW-15955,Joni Wasserman,Consumer,United States,Raleigh,North Carolina,South,FUR-CH-10001146,Furniture,Chairs,"Global Value Mid-Back Manager's Chair, Gray",224.848,4,12.178,Online
8097,CA-2020-133046,27-07-2020,01-08-2020,Second Class,DK-13375,Dennis Kane,Consumer,United States,Seattle,Washington,West,TEC-AC-10000991,Technology,Accessories,Sony Micro Vault Click 8 GB USB 2.0 Flash Drive,274.95,5,32.893,COD
8095,CA-2020-133046,27-07-2020,01-08-2020,Second Class,DK-13375,Dennis Kane,Consumer,United States,Seattle,Washington,West,OFF-PA-10003883,Office Supplies,Paper,"Message Book, Phone, Wirebound Standard Line Memo, 2 3/4"" X 5""",103.2,4,12.052,Online
8096,CA-2020-133046,27-07-2020,01-08-2020,Second Class,DK-13375,Dennis Kane,Consumer,United States,Seattle,Washington,West,OFF-PA-10002787,Office Supplies,Paper,Xerox 227,124.96,2,6.2208,COD
5297,CA-2020-108791,27-07-2020,31-07-2020,Standard Class,TM-21490,Tony Molinari,Consumer,United States,Yonkers,New York,East,FUR-FU-10004018,Furniture,Furnishings,Tensor Computer Mounted Lamp,112.89,1,4.0203,COD
8094,CA-2020-133046,27-07-2020,01-08-2020,Second Class,DK-13375,Dennis Kane,Consumer,United States,Seattle,Washington,West,FUR-FU-10001940,Furniture,Furnishings,Staple-based wall hangings,123.88,3,10.5072,COD
2219,CA-2020-130841,28-07-2020,01-08-2020,Standard Class,MH-17620,Matt Hagelstein,Corporate,United States,San Francisco,California,West,OFF-BI-10000145,Office Supplies,Binders,Zipper Ring Binder Pockets,132.984,4,3.6192,COD
2220,CA-2020-130841,28-07-2020,01-08-2020,Standard Class,MH-17620,Matt Hagelstein,Corporate,United States,San Francisco,California,West,OFF-ST-10001580,Office Supplies,Storage,Super Decoflex Portable Personal File,134.98,1,4.1944,COD
1845,US-2020-113852,29-07-2020,02-08-2020,Standard Class,GW-14605,Giulietta Weimer,Consumer,United States,Seattle,Washington,West,TEC-AC-10003027,Technology,Accessories,Imation 8GB Mini TravelDrive USB 2.0 Flash Drive,133.57,3,11.7741,Online
6911,US-2020-115301,29-07-2020,02-08-2020,Standard Class,VG-21790,Vivek Gonzalez,Consumer,United States,Seattle,Washington,West,FUR-BO-10004709,Furniture,Bookcases,"Bush Westfield Collection Bookcases, Medium Cherry Finish",149.96,2,25.5112,COD
2228,CA-2020-130771,29-07-2020,03-08-2020,Standard Class,LA-16780,Laura Armstrong,Corporate,United States,Austin,Texas,Central,TEC-PH-10002496,Technology,Phones,Cisco SPA301,151.792,1,15.599,Online
2227,CA-2020-130771,29-07-2020,03-08-2020,Standard Class,LA-16780,Laura Armstrong,Corporate,United States,Austin,Texas,Central,OFF-FA-10003059,Office Supplies,Fasteners,Assorted Color Push Pins,86.896,2,0.4706,COD
1737,CA-2020-101483,29-07-2020,01-08-2020,Second Class,AG-10675,Anna Gayman,Consumer,United States,Jacksonville,North Carolina,South,OFF-AR-10002833,Office Supplies,Art,Newell 322,114.368,3,0.3822,COD
1736,CA-2020-101483,29-07-2020,01-08-2020,Second Class,AG-10675,Anna Gayman,Consumer,United States,Jacksonville,North Carolina,South,TEC-PH-10003442,Technology,Phones,Samsung Replacement EH64AVFWE Premium Headset,93.0,5,1.375,COD
5025,US-2020-130953,29-07-2020,03-08-2020,Standard Class,RF-19735,Roland Fjeld,Consumer,United States,Oklahoma City,Oklahoma,Central,OFF-BI-10004828,Office Supplies,Binders,GBC Poly Designer Binding Covers,114.48,2,16.4052,Online
1735,CA-2020-101483,29-07-2020,01-08-2020,Second Class,AG-10675,Anna Gayman,Consumer,United States,Jacksonville,North Carolina,South,OFF-AP-10002082,Office Supplies,Appliances,Holmes HEPA Air Purifier,129.848,2,6.534,COD
2713,CA-2020-146031,29-07-2020,01-08-2020,Second Class,GM-14440,Gary McGarr,Consumer,United States,Troy,New York,East,OFF-AR-10002656,Office Supplies,Art,Sanford Liquid Accent Highlighters,155.12,9,22.2444,COD
643,CA-2020-167913,30-07-2020,03-08-2020,Second Class,JL-15835,John Lee,Consumer,United States,Mission Viejo,California,West,OFF-LA-10002787,Office Supplies,Labels,Avery 480,116.25,7,12.6,Online
7739,CA-2020-141103,30-07-2020,06-08-2020,Standard Class,JF-15355,Jay Fein,Consumer,United States,Baltimore,Maryland,East,TEC-PH-10003589,Technology,Phones,invisibleSHIELD by ZAGG Smudge-Free Screen Protector,173.95,5,43.176,Online
6691,US-2020-165869,31-07-2020,05-08-2020,Standard Class,LS-17200,Luke Schmidt,Corporate,United States,Milwaukee,Wisconsin,Central,OFF-BI-10003460,Office Supplies,Binders,Acco 3-Hole Punch,103.52,4,8.4096,COD
9703,CA-2020-147032,31-07-2020,04-08-2020,Standard Class,LB-16795,Laurel Beltran,Home Office,United States,Wilmington,Delaware,East,OFF-PA-10003256,Office Supplies,Paper,Avery Personal Creations Heavyweight Cards,123.54,1,5.5392,COD
9705,CA-2020-147032,31-07-2020,04-08-2020,Standard Class,LB-16795,Laurel Beltran,Home Office,United States,Wilmington,Delaware,East,OFF-BI-10002897,Office Supplies,Binders,"Black Avery Memo-Size 3-Ring Binder, 5 1/2"" x 8 1/2""",130.01,3,5.3949,COD
6456,CA-2020-161102,31-07-2020,03-08-2020,First Class,EC-14050,Erin Creighton,Consumer,United States,San Francisco,California,West,FUR-FU-10003142,Furniture,Furnishings,"Master Big Foot Doorstop, Beige",104.96,7,11.4576,Online
3785,CA-2020-125752,31-07-2020,04-08-2020,Standard Class,EH-14125,Eugene Hildebrand,Home Office,United States,Fort Lauderdale,Florida,South,TEC-AC-10003590,Technology,Accessories,"TRENDnet 56K USB 2.0 Phone, Internet and Fax Modem",134.424,2,8.2848,COD
5713,CA-2020-115805,31-07-2020,31-07-2020,Same Day,KW-16435,Katrina Willman,Consumer,United States,Chicago,Illinois,Central,TEC-PH-10003092,Technology,Phones,Motorola L804,159.792,1,4.1391,Online
2225,CA-2020-121909,31-07-2020,05-08-2020,Standard Class,EA-14035,Erin Ashbrook,Corporate,United States,Philadelphia,Pennsylvania,East,OFF-PA-10003790,Office Supplies,Paper,Xerox 1991,166.816,3,17.8152,COD
6455,CA-2020-161102,31-07-2020,03-08-2020,First Class,EC-14050,Erin Creighton,Consumer,United States,San Francisco,California,West,OFF-ST-10003442,Office Supplies,Storage,Eldon Portable Mobile Manager,156.56,2,15.2712,COD
1010,CA-2020-135034,01-08-2020,03-08-2020,First Class,AT-10735,Annie Thurman,Consumer,United States,Chicago,Illinois,Central,TEC-PH-10003931,Technology,Phones,JBL Micro Wireless Portable Bluetooth Speaker,113.984,2,5.999,COD
6912,CA-2020-168942,01-08-2020,05-08-2020,Second Class,EM-13960,Eric Murdock,Consumer,United States,San Francisco,California,West,OFF-ST-10004340,Office Supplies,Storage,"Fellowes Mobile File Cart, Black",203.54,3,50.3658,COD
1206,CA-2020-133235,01-08-2020,04-08-2020,First Class,LH-16750,Larry Hughes,Consumer,United States,Charlotte,North Carolina,South,TEC-PH-10002660,Technology,Phones,Nortel Networks T7316 E Nt8 B27,317.96,5,16.9975,Online
1835,CA-2020-162691,01-08-2020,07-08-2020,Standard Class,AS-10045,Aaron Smayling,Corporate,United States,Austin,Texas,Central,OFF-PA-10003729,Office Supplies,Paper,Xerox 1998,128.288,7,12.7008,COD
2186,CA-2020-124576,01-08-2020,04-08-2020,Second Class,HK-14890,Heather Kirkland,Corporate,United States,Salinas,California,West,OFF-BI-10002735,Office Supplies,Binders,GBC Prestige Therm-A-Bind Covers,161.896,2,18.5274,Online
7088,US-2020-143175,03-08-2020,06-08-2020,Second Class,GA-14515,George Ashbrook,Consumer,United States,Los Angeles,California,West,OFF-ST-10003123,Office Supplies,Storage,Fellowes Bases and Tops For Staxonsteel/High-Stak Systems,119.87,3,23.9688,COD
4633,CA-2020-168396,03-08-2020,08-08-2020,Second Class,BD-11725,Bruce Degenhardt,Consumer,United States,San Francisco,California,West,FUR-FU-10000723,Furniture,Furnishings,"Deflect-o EconoMat Studded, No Bevel Mat for Low Pile Carpeting",168.96,3,11.1564,COD
9209,CA-2020-141747,03-08-2020,08-08-2020,Second Class,SC-20230,Scot Coram,Corporate,United States,Seattle,Washington,West,OFF-ST-10003996,Office Supplies,Storage,"Letter/Legal File Tote with Clear Snap-On Lid, Black Granite",100.06,1,4.1756,COD
9982,CA-2020-163566,03-08-2020,06-08-2020,First Class,TB-21055,Ted Butterfield,Consumer,United States,Fairfield,Ohio,East,OFF-LA-10004484,Office Supplies,Labels,Avery 476,137.52,5,5.369,COD
4632,CA-2020-168396,03-08-2020,08-08-2020,Second Class,BD-11725,Bruce Degenhardt,Consumer,United States,San Francisco,California,West,OFF-LA-10001297,Office Supplies,Labels,Avery 473,147.75,5,24.84,Online
9208,CA-2020-140781,03-08-2020,07-08-2020,Standard Class,AB-10105,Adrian Barton,Consumer,United States,Bloomington,Illinois,Central,TEC-AC-10000682,Technology,Accessories,Kensington K72356US Mouse-in-a-Box USB Desktop Mouse,141.816,3,7.4655,COD
5090,CA-2020-132738,04-08-2020,07-08-2020,First Class,HM-14860,Harry Marie,Corporate,United States,Loveland,Colorado,West,OFF-PA-10001752,Office Supplies,Paper,Hammermill CopyPlus Copy Paper (20Lb. and 84 Bright),107.968,2,2.8884,COD
5091,CA-2020-132738,04-08-2020,07-08-2020,First Class,HM-14860,Harry Marie,Corporate,United States,Loveland,Colorado,West,OFF-EN-10001141,Office Supplies,Envelopes,"Manila Recycled Extra-Heavyweight Clasp Envelopes, 6"" x 9""",129.784,1,3.1842,Online
5243,CA-2020-146367,04-08-2020,08-08-2020,Standard Class,HM-14860,Harry Marie,Corporate,United States,Carrollton,Texas,Central,OFF-BI-10002827,Office Supplies,Binders,Avery Durable Poly Binders,126.318,3,-5.6406,COD
6642,CA-2020-128328,05-08-2020,09-08-2020,Standard Class,PO-18865,Patrick O'Donnell,Consumer,United States,Indianapolis,Indiana,Central,TEC-AC-10001714,Technology,Accessories,Logitech MX Performance Wireless Mouse,122.78,2,29.5186,COD
6081,CA-2020-154676,05-08-2020,08-08-2020,First Class,NZ-18565,Nick Zandusky,Home Office,United States,Houston,Texas,Central,OFF-ST-10001172,Office Supplies,Storage,"Tennsco Lockers, Sand",200.056,9,7.5528,COD
1443,CA-2020-117695,05-08-2020,08-08-2020,First Class,PW-19030,Pauline Webber,Corporate,United States,Richmond,Kentucky,South,OFF-PA-10002713,Office Supplies,Paper,"Adams Phone Message Book, 200 Message Capacity, 8 1/16” x 11”",123.76,2,6.3296,Online
7403,CA-2020-168172,06-08-2020,10-08-2020,Standard Class,SH-20395,Shahid Hopkins,Consumer,United States,New York City,New York,East,OFF-SU-10002573,Office Supplies,Supplies,"Acme 10"" Easy Grip Assistive Scissors",110.12,4,21.036,COD
5530,CA-2020-136609,06-08-2020,11-08-2020,Standard Class,TB-21355,Todd Boyes,Corporate,United States,Cedar Hill,Texas,Central,OFF-PA-10004381,Office Supplies,Paper,14-7/8 x 11 Blue Bar Computer Printout Paper,144.296,3,40.3536,Online
1933,CA-2020-161200,06-08-2020,10-08-2020,Second Class,SV-20365,Seth Vernon,Consumer,United States,Lafayette,Louisiana,South,FUR-BO-10000468,Furniture,Bookcases,O'Sullivan 2-Shelf Heavy-Duty Bookcases,190.74,3,23.3184,COD
6400,CA-2020-151981,06-08-2020,12-08-2020,Standard Class,GM-14455,Gary Mitchum,Home Office,United States,Concord,New Hampshire,East,OFF-LA-10002195,Office Supplies,Labels,Avery 481,115.64,8,11.8272,Online
1934,CA-2020-161200,06-08-2020,10-08-2020,Second Class,SV-20365,Seth Vernon,Consumer,United States,Lafayette,Louisiana,South,FUR-FU-10001706,Furniture,Furnishings,Longer-Life Soft White Bulbs,120.4,5,7.392,Online
9185,CA-2020-156776,07-08-2020,11-08-2020,Standard Class,JL-15505,Jeremy Lonsdale,Consumer,United States,Westminster,California,West,FUR-FU-10004848,Furniture,Furnishings,"Howard Miller 13-3/4"" Diameter Brushed Chrome Round Wall Clock",100.75,1,15.525,COD
2746,CA-2020-163321,07-08-2020,11-08-2020,Second Class,FM-14380,Fred McMath,Consumer,United States,Jacksonville,North Carolina,South,TEC-AC-10004571,Technology,Accessories,Logitech G700s Rechargeable Gaming Mouse,100.992,1,21.9978,COD
4262,CA-2020-158344,07-08-2020,11-08-2020,Standard Class,CC-12475,Cindy Chapman,Consumer,United States,Moorhead,Minnesota,Central,TEC-AC-10002006,Technology,Accessories,Memorex Micro Travel Drive 16 GB,104.96,4,19.8276,Cards
7652,CA-2020-110821,07-08-2020,08-08-2020,First Class,CK-12205,Chloris Kastensmidt,Consumer,United States,Dallas,Texas,Central,TEC-AC-10001552,Technology,Accessories,Logitech K350 2.4Ghz Wireless Keyboard,160.448,3,-13.4379,Cards
7653,CA-2020-110821,07-08-2020,08-08-2020,First Class,CK-12205,Chloris Kastensmidt,Consumer,United States,Dallas,Texas,Central,OFF-ST-10002790,Office Supplies,Storage,Safco Industrial Shelving,164.16,2,-25.109,Online
4105,US-2020-155999,07-08-2020,13-08-2020,Standard Class,JK-15370,Jay Kimmel,Consumer,United States,San Diego,California,West,TEC-PH-10000439,Technology,Phones,GE DSL Phone Line Filter,195.96,5,17.9955,Online
9186,CA-2020-156776,07-08-2020,11-08-2020,Standard Class,JL-15505,Jeremy Lonsdale,Consumer,United States,Westminster,California,West,FUR-CH-10002317,Furniture,Chairs,Global Enterprise Series Seating Low-Back Swivel/Tilt Chairs,257.184,1,25.898,COD
9181,CA-2020-156776,07-08-2020,11-08-2020,Standard Class,JL-15505,Jeremy Lonsdale,Consumer,United States,Westminster,California,West,OFF-BI-10003355,Office Supplies,Binders,Cardinal Holdit Business Card Pockets,103.952,3,4.1832,Online
4106,US-2020-155999,07-08-2020,13-08-2020,Standard Class,JK-15370,Jay Kimmel,Consumer,United States,San Diego,California,West,OFF-BI-10000404,Office Supplies,Binders,Avery Printable Repositionable Plastic Tabs,88.76,2,4.644,Online
9184,CA-2020-156776,07-08-2020,11-08-2020,Standard Class,JL-15505,Jeremy Lonsdale,Consumer,United States,Westminster,California,West,OFF-PA-10001970,Office Supplies,Paper,Xerox 1881,96.56,2,11.5432,Online
3574,CA-2020-117023,07-08-2020,12-08-2020,Standard Class,JW-15955,Joni Wasserman,Consumer,United States,Long Beach,New York,East,OFF-AR-10003602,Office Supplies,Art,"Quartet Omega Colored Chalk, 12/Pack",129.68,2,5.4896,Cards
9182,CA-2020-156776,07-08-2020,11-08-2020,Standard Class,JL-15505,Jeremy Lonsdale,Consumer,United States,Westminster,California,West,OFF-BI-10000216,Office Supplies,Binders,"Mead 1st Gear 2"" Zipper Binder, Asst. Colors",151.128,3,11.673,COD
9183,CA-2020-156776,07-08-2020,11-08-2020,Standard Class,JL-15505,Jeremy Lonsdale,Consumer,United States,Westminster,California,West,TEC-AC-10004803,Technology,Accessories,Sony Micro Vault Click 4 GB USB 2.0 Flash Drive,150.76,4,7.8064,Online
2189,CA-2020-143063,10-08-2020,15-08-2020,Standard Class,IL-15100,Ivan Liston,Consumer,United States,Columbus,Indiana,Central,FUR-FU-10003708,Furniture,Furnishings,"Tenex Traditional Chairmats for Medium Pile Carpet, Standard Lip, 36"" x 48""",139.3,2,25.473,COD
2188,CA-2020-143063,10-08-2020,15-08-2020,Standard Class,IL-15100,Ivan Liston,Consumer,United States,Columbus,Indiana,Central,OFF-EN-10003134,Office Supplies,Envelopes,Staple envelope,169.08,6,35.04,Cards
4028,CA-2020-139311,11-08-2020,13-08-2020,First Class,SF-20965,Sylvia Foulston,Corporate,United States,Bedford,Texas,Central,TEC-PH-10001557,Technology,Phones,Pyle PMP37LED,201.584,2,13.4386,COD
9385,CA-2020-100433,11-08-2020,16-08-2020,Standard Class,SJ-20125,Sanjit Jacobs,Home Office,United States,New York City,New York,East,OFF-PA-10003441,Office Supplies,Paper,Xerox 226,110.92,4,12.4416,Cards
4027,CA-2020-139311,11-08-2020,13-08-2020,First Class,SF-20965,Sylvia Foulston,Corporate,United States,Bedford,Texas,Central,OFF-AR-10004582,Office Supplies,Art,BIC Brite Liner Grip Highlighters,108.184,7,2.87,COD
4026,CA-2020-139311,11-08-2020,13-08-2020,First Class,SF-20965,Sylvia Foulston,Corporate,United States,Bedford,Texas,Central,OFF-PA-10001776,Office Supplies,Paper,"Wirebound Message Books, Four 2 3/4"" x 5"" Forms per Page, 600 Sets per Book",133.664,4,10.0116,Cards
4029,CA-2020-139311,11-08-2020,13-08-2020,First Class,SF-20965,Sylvia Foulston,Corporate,United States,Bedford,Texas,Central,OFF-BI-10004209,Office Supplies,Binders,"Fellowes Twister Kit, Gray/Clear, 3/pkg",109.864,8,-22.512,Cards
8259,CA-2020-152310,12-08-2020,19-08-2020,Standard Class,DK-12895,Dana Kaydos,Consumer,United States,Seattle,Washington,West,OFF-BI-10004308,Office Supplies,Binders,Avery Legal 4-Ring Binder,133.704,6,37.764,Cards
8258,CA-2020-152310,12-08-2020,19-08-2020,Standard Class,DK-12895,Dana Kaydos,Consumer,United States,Seattle,Washington,West,TEC-AC-10000397,Technology,Accessories,"Perixx PERIBOARD-512B, Ergonomic Split Keyboard",224.95,5,12.2465,COD
8256,CA-2020-152310,12-08-2020,19-08-2020,Standard Class,DK-12895,Dana Kaydos,Consumer,United States,Seattle,Washington,West,TEC-PH-10002538,Technology,Phones,Grandstream GXP1160 VoIP phone,282.624,8,27.2952,Online
7765,US-2020-118941,12-08-2020,12-08-2020,Same Day,BB-11545,Brenda Bowman,Corporate,United States,Columbia,Maryland,East,OFF-AR-10004078,Office Supplies,Art,Newell 312,123.52,3,5.256,Online
2863,CA-2020-106537,12-08-2020,17-08-2020,Standard Class,RH-19495,Rick Hansen,Consumer,United States,Orlando,Florida,South,OFF-PA-10000223,Office Supplies,Paper,Xerox 2000,150.736,4,7.2576,Online
5763,CA-2020-158169,12-08-2020,15-08-2020,First Class,JM-16195,Justin MacKendrick,Consumer,United States,Lake Forest,California,West,FUR-FU-10001473,Furniture,Furnishings,DAX Wood Document Frame,157.92,4,19.7712,COD
8257,CA-2020-152310,12-08-2020,19-08-2020,Standard Class,DK-12895,Dana Kaydos,Consumer,United States,Seattle,Washington,West,OFF-ST-10001228,Office Supplies,Storage,Personal File Boxes with Fold-Down Carry Handle,145.74,3,11.685,Cards
2866,US-2020-103828,13-08-2020,13-08-2020,Same Day,JK-15370,Jay Kimmel,Consumer,United States,San Francisco,California,West,OFF-AR-10000588,Office Supplies,Art,Newell 345,108.52,3,15.4752,Online
2865,US-2020-103828,13-08-2020,13-08-2020,Same Day,JK-15370,Jay Kimmel,Consumer,United States,San Francisco,California,West,OFF-AP-10004249,Office Supplies,Appliances,Staple holder,119.79,7,22.6233,Online
7898,CA-2020-128363,13-08-2020,18-08-2020,Standard Class,DC-12850,Dan Campbell,Consumer,United States,Memphis,Tennessee,South,OFF-AP-10001563,Office Supplies,Appliances,Belkin Premiere Surge Master II 8-outlet surge protector,314.048,7,30.6054,COD
7904,CA-2020-128363,13-08-2020,18-08-2020,Standard Class,DC-12850,Dan Campbell,Consumer,United States,Memphis,Tennessee,South,FUR-CH-10002073,Furniture,Chairs,Hon Olson Stacker Chairs,460.648,2,47.6604,COD
7903,CA-2020-128363,13-08-2020,18-08-2020,Standard Class,DC-12850,Dan Campbell,Consumer,United States,Memphis,Tennessee,South,OFF-EN-10003845,Office Supplies,Envelopes,Colored Envelopes,104.76,5,4.797,COD
7901,CA-2020-128363,13-08-2020,18-08-2020,Standard Class,DC-12850,Dan Campbell,Consumer,United States,Memphis,Tennessee,South,TEC-AC-10003709,Technology,Accessories,Maxell 4.7GB DVD-R 5/Pack,125.584,2,0.4752,COD
7900,CA-2020-128363,13-08-2020,18-08-2020,Standard Class,DC-12850,Dan Campbell,Consumer,United States,Memphis,Tennessee,South,OFF-FA-10003495,Office Supplies,Fasteners,Staples,121.32,5,9.12,COD
2864,US-2020-103828,13-08-2020,13-08-2020,Same Day,JK-15370,Jay Kimmel,Consumer,United States,San Francisco,California,West,OFF-ST-10001325,Office Supplies,Storage,Sterilite Officeware Hinged File Box,126.44,3,8.4888,COD
7902,CA-2020-128363,13-08-2020,18-08-2020,Standard Class,DC-12850,Dan Campbell,Consumer,United States,Memphis,Tennessee,South,FUR-FU-10003268,Furniture,Furnishings,Eldon Radial Chair Mat for Low to Medium Pile Carpets,132.984,1,0.0,Cards
6071,CA-2020-167542,13-08-2020,20-08-2020,Standard Class,KD-16495,Keith Dawkins,Corporate,United States,Philadelphia,Pennsylvania,East,OFF-LA-10004093,Office Supplies,Labels,Avery 486,129.544,3,5.9211,COD
2867,US-2020-103828,13-08-2020,13-08-2020,Same Day,JK-15370,Jay Kimmel,Consumer,United States,San Francisco,California,West,OFF-SU-10000946,Office Supplies,Supplies,Staple remover,149.92,4,9.2568,Online
7376,CA-2020-100580,13-08-2020,20-08-2020,Standard Class,MK-17905,Michael Kennedy,Corporate,United States,San Diego,California,West,OFF-BI-10000069,Office Supplies,Binders,"GBC Prepunched Paper, 19-Hole, for Binding Systems, 24-lb",134.024,3,11.7078,COD
4491,CA-2020-105921,14-08-2020,21-08-2020,Standard Class,JM-15250,Janet Martin,Consumer,United States,Los Angeles,California,West,FUR-TA-10001095,Furniture,Tables,Chromcraft Round Conference Tables,450.296,3,5.2287,COD
2398,CA-2020-169264,14-08-2020,16-08-2020,Second Class,NP-18700,Nora Preis,Consumer,United States,San Francisco,California,West,OFF-LA-10001613,Office Supplies,Labels,Avery File Folder Labels,116.76,2,2.8224,Online
2399,CA-2020-169264,14-08-2020,16-08-2020,Second Class,NP-18700,Nora Preis,Consumer,United States,San Francisco,California,West,OFF-AR-10000246,Office Supplies,Art,Newell 318,135.68,6,4.3368,COD
2460,CA-2020-138548,15-08-2020,21-08-2020,Standard Class,JG-15160,James Galang,Consumer,United States,Plainfield,New Jersey,East,OFF-AP-10002578,Office Supplies,Appliances,"Fellowes Premier Superior Surge Suppressor, 10-Outlet, With Phone and Remote",144.84,2,25.4384,Online
5295,CA-2020-144883,15-08-2020,19-08-2020,Standard Class,BO-11350,Bill Overfelt,Corporate,United States,Roseville,Minnesota,Central,OFF-LA-10000305,Office Supplies,Labels,Avery 495,149.4,8,23.184,Online
7267,CA-2020-122987,16-08-2020,16-08-2020,Same Day,SJ-20215,Sarah Jordon,Consumer,United States,Columbia,Tennessee,South,OFF-BI-10002824,Office Supplies,Binders,Recycled Easel Ring Binders,111.428,3,-11.19,Cards
7268,CA-2020-122987,16-08-2020,16-08-2020,Same Day,SJ-20215,Sarah Jordon,Consumer,United States,Columbia,Tennessee,South,OFF-ST-10004950,Office Supplies,Storage,Acco Perma 3000 Stacking Storage Drawers,154.136,4,-0.8392,Online
6414,CA-2020-151211,17-08-2020,23-08-2020,Standard Class,AH-10120,Adrian Hane,Home Office,United States,Louisville,Kentucky,South,TEC-AC-10004510,Technology,Accessories,Logitech Desktop MK120 Mouse and keyboard Combo,109.16,6,9.816,COD
6413,CA-2020-151211,17-08-2020,23-08-2020,Standard Class,AH-10120,Adrian Hane,Home Office,United States,Louisville,Kentucky,South,OFF-BI-10002735,Office Supplies,Binders,GBC Prestige Therm-A-Bind Covers,137.93,3,48.3771,COD
7185,CA-2020-133102,17-08-2020,24-08-2020,Standard Class,ED-13885,Emily Ducich,Home Office,United States,Houston,Texas,Central,OFF-SU-10000432,Office Supplies,Supplies,Acco Side-Punched Conventional Columnar Pads,103.552,2,-1.041,COD
7186,CA-2020-133102,17-08-2020,24-08-2020,Standard Class,ED-13885,Emily Ducich,Home Office,United States,Houston,Texas,Central,OFF-AR-10003183,Office Supplies,Art,Avery Fluorescent Highlighter Four-Color Set,92.016,3,1.002,Cards
7937,CA-2020-166093,17-08-2020,24-08-2020,Standard Class,RW-19540,Rick Wilson,Corporate,United States,Brentwood,California,West,OFF-BI-10000174,Office Supplies,Binders,"Wilson Jones Clip & Carry Folder Binder Tool for Ring Binders, Clear",104.92,3,4.872,Cards
7934,CA-2020-166093,17-08-2020,24-08-2020,Standard Class,RW-19540,Rick Wilson,Corporate,United States,Brentwood,California,West,OFF-EN-10003134,Office Supplies,Envelopes,Staple envelope,115.36,2,11.68,Online
7936,CA-2020-166093,17-08-2020,24-08-2020,Standard Class,RW-19540,Rick Wilson,Corporate,United States,Brentwood,California,West,OFF-PA-10003893,Office Supplies,Paper,Xerox 1962,119.56,2,3.852,COD
7188,CA-2020-133102,17-08-2020,24-08-2020,Standard Class,ED-13885,Emily Ducich,Home Office,United States,Houston,Texas,Central,FUR-FU-10003247,Furniture,Furnishings,36X48 HARDFLOOR CHAIRMAT,144.784,2,-22.2388,Online
7935,CA-2020-166093,17-08-2020,24-08-2020,Standard Class,RW-19540,Rick Wilson,Corporate,United States,Brentwood,California,West,TEC-PH-10002564,Technology,Phones,OtterBox Defender Series Case - Samsung Galaxy S4,161.976,3,8.997,Online
7187,CA-2020-133102,17-08-2020,24-08-2020,Standard Class,ED-13885,Emily Ducich,Home Office,United States,Houston,Texas,Central,FUR-CH-10002019,Furniture,Chairs,SAFCO Optional Arm Kit for Workspace Cribbage Stacking Chair,164.592,4,-2.1312,Online
6212,CA-2020-119809,18-08-2020,25-08-2020,Standard Class,YS-21880,Yana Sorensen,Corporate,United States,Seattle,Washington,West,FUR-FU-10001475,Furniture,Furnishings,"Contract Clock, 14"", Brown",101.94,3,22.4196,Cards
621,CA-2020-117947,18-08-2020,23-08-2020,Second Class,NG-18355,Nat Gilpin,Corporate,United States,New York City,New York,East,FUR-FU-10000521,Furniture,Furnishings,"Seth Thomas 14"" Putty-Colored Wall Clock",111.02,3,27.2862,Cards
619,CA-2020-117947,18-08-2020,23-08-2020,Second Class,NG-18355,Nat Gilpin,Corporate,United States,New York City,New York,East,OFF-BI-10002824,Office Supplies,Binders,Recycled Easel Ring Binders,140.424,9,33.57,COD
1513,CA-2020-112809,18-08-2020,22-08-2020,Standard Class,RA-19915,Russell Applegate,Consumer,United States,Dallas,Texas,Central,OFF-ST-10002276,Office Supplies,Storage,Safco Steel Mobile File Cart,220.064,3,12.504,COD
1515,CA-2020-112809,18-08-2020,22-08-2020,Standard Class,RA-19915,Russell Applegate,Consumer,United States,Dallas,Texas,Central,OFF-BI-10001636,Office Supplies,Binders,Ibico Plastic and Wire Spiral Binding Combs,101.744,4,-11.4648,Cards
618,CA-2020-117947,18-08-2020,23-08-2020,Second Class,NG-18355,Nat Gilpin,Corporate,United States,New York City,New York,East,FUR-FU-10000010,Furniture,Furnishings,"DAX Value U-Channel Document Frames, Easel Back",109.94,2,3.0814,Cards
6898,CA-2020-122028,18-08-2020,25-08-2020,Standard Class,CK-12205,Chloris Kastensmidt,Consumer,United States,Lakewood,Ohio,East,OFF-BI-10004817,Office Supplies,Binders,GBC Personal VeloBind Strips,121.782,3,-7.9068,COD
6712,CA-2020-163069,18-08-2020,21-08-2020,Second Class,PJ-19015,Pauline Johnson,Consumer,United States,Columbus,Ohio,East,OFF-AR-10001419,Office Supplies,Art,Newell 325,125.912,3,1.239,COD
620,CA-2020-117947,18-08-2020,23-08-2020,Second Class,NG-18355,Nat Gilpin,Corporate,United States,New York City,New York,East,TEC-PH-10002538,Technology,Phones,Grandstream GXP1160 VoIP phone,111.91,1,10.9939,Cards
8607,CA-2020-162936,18-08-2020,22-08-2020,Standard Class,CM-12160,Charles McCrossin,Consumer,United States,New Bedford,Massachusetts,East,TEC-AC-10003614,Technology,Accessories,"Verbatim 25 GB 6x Blu-ray Single Layer Recordable Disc, 10/Pack",142.18,2,7.6494,Cards
617,CA-2020-117947,18-08-2020,23-08-2020,Second Class,NG-18355,Nat Gilpin,Corporate,United States,New York City,New York,East,FUR-FU-10003849,Furniture,Furnishings,"DAX Metal Frame, Desktop, Stepped-Edge",134.48,2,15.7872,Cards
8806,US-2020-100398,19-08-2020,23-08-2020,Standard Class,DO-13435,Denny Ordway,Consumer,United States,Salt Lake City,Utah,West,OFF-BI-10002133,Office Supplies,Binders,"Wilson Jones Elliptical Ring 3 1/2"" Capacity Binders, 800 sheets",116.72,3,37.236,Cards
4921,CA-2020-101728,19-08-2020,23-08-2020,Standard Class,SC-20575,Sonia Cooley,Consumer,United States,Chicago,Illinois,Central,OFF-BI-10002393,Office Supplies,Binders,Binder Posts,107.296,2,-3.9032,COD
6425,CA-2020-115777,19-08-2020,24-08-2020,Standard Class,DO-13645,Doug O'Connell,Consumer,United States,Lawrence,Massachusetts,East,OFF-PA-10000552,Office Supplies,Paper,Xerox 200,111.44,3,9.3312,COD
5967,CA-2020-119011,20-08-2020,25-08-2020,Standard Class,LR-17035,Lisa Ryan,Corporate,United States,San Francisco,California,West,TEC-PH-10003171,Technology,Phones,Plantronics Encore H101 Dual Earpieces Headset,145.88,3,10.788,COD
5965,CA-2020-119011,20-08-2020,25-08-2020,Standard Class,LR-17035,Lisa Ryan,Corporate,United States,San Francisco,California,West,OFF-SU-10004768,Office Supplies,Supplies,Acme Kleencut Forged Steel Scissors,108.22,3,5.166,Online
7743,CA-2020-105326,20-08-2020,27-08-2020,Standard Class,KT-16480,Kean Thornton,Consumer,United States,Los Angeles,California,West,OFF-PA-10001639,Office Supplies,Paper,Xerox 203,140.92,4,12.4416,Online
8860,US-2020-114356,20-08-2020,26-08-2020,Standard Class,TT-21460,Tonja Turnell,Home Office,United States,Charlotte,North Carolina,South,TEC-PH-10003171,Technology,Phones,Plantronics Encore H101 Dual Earpieces Headset,144.96,1,3.596,COD
2855,CA-2020-137344,20-08-2020,20-08-2020,Same Day,EM-13810,Eleni McCrary,Corporate,United States,Franklin,Massachusetts,East,OFF-ST-10000344,Office Supplies,Storage,"Neat Ideas Personal Hanging Folder Files, Black",142.29,3,10.4754,Cards
6416,CA-2020-144750,21-08-2020,21-08-2020,Same Day,DL-13495,Dionis Lloyd,Corporate,United States,Chandler,Arizona,West,OFF-PA-10003395,Office Supplies,Paper,Xerox 1941,100.88,1,29.358,COD
3606,CA-2020-112956,21-08-2020,27-08-2020,Standard Class,TH-21550,Tracy Hopkins,Home Office,United States,Columbia,Maryland,East,FUR-FU-10004960,Furniture,Furnishings,"Seth Thomas 12"" Clock w/ Goldtone Case",122.92,4,31.2528,Online
3337,US-2020-109253,21-08-2020,22-08-2020,First Class,PR-18880,Patrick Ryan,Consumer,United States,Oakland,California,West,FUR-FU-10000193,Furniture,Furnishings,Tenex Chairmats For Use with Hard Floors,153.92,4,10.3936,COD
3339,US-2020-109253,21-08-2020,22-08-2020,First Class,PR-18880,Patrick Ryan,Consumer,United States,Oakland,California,West,OFF-BI-10000962,Office Supplies,Binders,"Acco Flexible ACCOHIDE Square Ring Data Binder, Dark Blue, 11 1/2"" X 14"" 7/8""",154.144,9,42.4647,COD
9901,CA-2020-117646,21-08-2020,25-08-2020,Standard Class,SC-20845,Sung Chung,Consumer,United States,Louisville,Colorado,West,OFF-ST-10000036,Office Supplies,Storage,"Recycled Data-Pak for Archival Bound Computer Printouts, 12-1/2 x 12-1/2 x 16",261.096,3,20.7459,Online
8040,CA-2020-121489,21-08-2020,25-08-2020,Second Class,CM-11815,Candace McMahon,Corporate,United States,Seattle,Washington,West,FUR-CH-10004698,Furniture,Chairs,"Padded Folding Chairs, Black, 4/Carton",435.704,6,38.8704,Online
3336,US-2020-109253,21-08-2020,22-08-2020,First Class,PR-18880,Patrick Ryan,Consumer,United States,Oakland,California,West,TEC-PH-10004667,Technology,Phones,Cisco 8x8 Inc. 6753i IP Business Phone System,450.968,4,37.7972,Online
829,CA-2020-126956,21-08-2020,28-08-2020,Standard Class,GT-14710,Greg Tran,Consumer,United States,Lakeville,Minnesota,Central,OFF-EN-10004459,Office Supplies,Envelopes,Security-Tint Envelopes,91.28,2,7.4872,COD
9902,CA-2020-117646,21-08-2020,25-08-2020,Standard Class,SC-20845,Sung Chung,Consumer,United States,Louisville,Colorado,West,FUR-FU-10001037,Furniture,Furnishings,"DAX Charcoal/Nickel-Tone Document Frame, 5 x 7",121.752,3,7.11,Cards
3335,US-2020-109253,21-08-2020,22-08-2020,First Class,PR-18880,Patrick Ryan,Consumer,United States,Oakland,California,West,OFF-AR-10000203,Office Supplies,Art,Newell 336,107.12,4,4.9648,COD
9903,CA-2020-117646,21-08-2020,25-08-2020,Standard Class,SC-20845,Sung Chung,Consumer,United States,Louisville,Colorado,West,OFF-PA-10001950,Office Supplies,Paper,Southworth 25% Cotton Antique Laid Paper & Envelopes,112.672,1,2.085,Online
9270,US-2020-102183,21-08-2020,28-08-2020,Standard Class,PK-19075,Pete Kriz,Consumer,United States,New York City,New York,East,OFF-BI-10003476,Office Supplies,Binders,Avery Metallic Poly Binders,139.088,7,11.2308,COD
3605,CA-2020-112956,21-08-2020,27-08-2020,Standard Class,TH-21550,Tracy Hopkins,Home Office,United States,Columbia,Maryland,East,FUR-FU-10003976,Furniture,Furnishings,"DAX Executive Solid Wood Document Frame, Desktop or Hang, Mahogany, 5 x 7",136.16,2,8.5544,Online
827,CA-2020-126956,21-08-2020,28-08-2020,Standard Class,GT-14710,Greg Tran,Consumer,United States,Lakeville,Minnesota,Central,OFF-FA-10002280,Office Supplies,Fasteners,Advantus Plastic Paper Clips,156.0,7,16.8,COD
8042,CA-2020-121489,21-08-2020,25-08-2020,Second Class,CM-11815,Candace McMahon,Corporate,United States,Seattle,Washington,West,TEC-AC-10000682,Technology,Accessories,Kensington K72356US Mouse-in-a-Box USB Desktop Mouse,135.18,2,11.613,COD
828,CA-2020-126956,21-08-2020,28-08-2020,Standard Class,GT-14710,Greg Tran,Consumer,United States,Lakeville,Minnesota,Central,OFF-SU-10000381,Office Supplies,Supplies,Acme Forged Steel Scissors with Black Enamel Handles,164.24,4,10.7996,Online
3341,US-2020-109253,21-08-2020,22-08-2020,First Class,PR-18880,Patrick Ryan,Consumer,United States,Oakland,California,West,OFF-LA-10001158,Office Supplies,Labels,"Avery Address/Shipping Labels for Typewriters, 4"" x 2""",186.75,5,24.84,Cards
5235,CA-2020-131037,22-08-2020,23-08-2020,First Class,TM-21490,Tony Molinari,Consumer,United States,San Francisco,California,West,FUR-TA-10001768,Furniture,Tables,Hon Racetrack Conference Tables,258.008,1,2.6251,Cards
4300,CA-2020-129021,23-08-2020,26-08-2020,Second Class,PO-18850,Patrick O'Brill,Consumer,United States,Tallahassee,Florida,South,OFF-AP-10003040,Office Supplies,Appliances,Fellowes 8 Outlet Superior Workstation Surge Protector w/o Phone/Fax/Modem Protection,202.376,6,12.1032,Cards
4301,CA-2020-129021,23-08-2020,26-08-2020,Second Class,PO-18850,Patrick O'Brill,Consumer,United States,Tallahassee,Florida,South,FUR-FU-10001852,Furniture,Furnishings,"Eldon Regeneration Recycled Desk Accessories, Smoke",101.784,2,0.4176,COD
4302,CA-2020-129021,23-08-2020,26-08-2020,Second Class,PO-18850,Patrick O'Brill,Consumer,United States,Tallahassee,Florida,South,OFF-PA-10000141,Office Supplies,Paper,"Ampad Evidence Wirebond Steno Books, 6"" x 9""",89.72,5,2.943,Cards
4299,CA-2020-129021,23-08-2020,26-08-2020,Second Class,PO-18850,Patrick O'Brill,Consumer,United States,Tallahassee,Florida,South,OFF-PA-10000241,Office Supplies,Paper,"IBM Multi-Purpose Copy Paper, 8 1/2 x 11"", Case",179.568,2,15.49,COD
6026,CA-2020-139717,24-08-2020,26-08-2020,Second Class,DM-13015,Darrin Martin,Consumer,United States,Lancaster,Ohio,East,OFF-PA-10002195,Office Supplies,Paper,Xerox 1966,138.368,2,3.7584,Online
5404,CA-2020-123043,24-08-2020,29-08-2020,Standard Class,AH-10195,Alan Haines,Corporate,United States,New York City,New York,East,OFF-BI-10000138,Office Supplies,Binders,Acco Translucent Poly Ring Binders,141.744,1,1.3104,Cards
5403,CA-2020-123043,24-08-2020,29-08-2020,Standard Class,AH-10195,Alan Haines,Corporate,United States,New York City,New York,East,OFF-BI-10003910,Office Supplies,Binders,DXL Angle-View Binders with Locking Rings by Samsill,121.672,4,7.71,Cards
1484,CA-2020-101210,25-08-2020,28-08-2020,Second Class,DW-13540,Don Weiss,Consumer,United States,Jackson,Tennessee,South,OFF-PA-10000130,Office Supplies,Paper,Xerox 199,129.424,1,1.07,Online
1483,CA-2020-101210,25-08-2020,28-08-2020,Second Class,DW-13540,Don Weiss,Consumer,United States,Jackson,Tennessee,South,OFF-AR-10003560,Office Supplies,Art,Zebra Zazzle Fluorescent Highlighters,143.728,2,1.7024,Cards
7914,US-2020-105697,25-08-2020,27-08-2020,First Class,JE-15715,Joe Elijah,Consumer,United States,Cleveland,Ohio,East,OFF-ST-10003996,Office Supplies,Storage,"Letter/Legal File Tote with Clear Snap-On Lid, Black Granite",128.696,2,1.9272,COD
9585,CA-2020-132584,26-08-2020,27-08-2020,First Class,HJ-14875,Heather Jas,Home Office,United States,Detroit,Michigan,Central,OFF-ST-10000344,Office Supplies,Storage,"Neat Ideas Personal Hanging Folder Files, Black",143.72,4,13.9672,COD
2717,CA-2020-128475,26-08-2020,01-09-2020,Standard Class,SC-20680,Steve Carroll,Home Office,United States,Columbus,Georgia,South,TEC-AC-10000158,Technology,Accessories,Sony 64GB Class 10 Micro SDHC R40 Memory Card,149.98,2,15.1158,Online
9386,CA-2020-163097,27-08-2020,31-08-2020,Standard Class,SF-20200,Sarah Foster,Consumer,United States,Mesa,Arizona,West,FUR-FU-10004973,Furniture,Furnishings,Flat Face Poster Frame,167.576,8,33.1584,COD
3752,CA-2020-161956,27-08-2020,29-08-2020,Second Class,DR-12880,Dan Reichenbach,Corporate,United States,Inglewood,California,West,FUR-CH-10004886,Furniture,Chairs,Bevis Steel Folding Chairs,261.28,3,23.028,COD
3755,CA-2020-161956,27-08-2020,29-08-2020,Second Class,DR-12880,Dan Reichenbach,Corporate,United States,Inglewood,California,West,OFF-ST-10001370,Office Supplies,Storage,Sensible Storage WireTech Storage Systems,378.9,5,17.745,Online
2918,CA-2020-155047,27-08-2020,30-08-2020,First Class,SE-20110,Sanjit Engle,Consumer,United States,Dallas,Texas,Central,OFF-AR-10003338,Office Supplies,Art,"Eberhard Faber 3 1/2"" Golf Pencils",109.952,1,0.372,Online
4340,CA-2020-133501,27-08-2020,01-09-2020,Standard Class,DK-12895,Dana Kaydos,Consumer,United States,Franklin,Tennessee,South,OFF-PA-10004888,Office Supplies,Paper,Xerox 217,109.184,1,1.8144,COD
8576,CA-2020-101273,27-08-2020,30-08-2020,Second Class,ST-20530,Shui Tom,Consumer,United States,Port Saint Lucie,Florida,South,OFF-AP-10000804,Office Supplies,Appliances,Hoover Portapower Portable Vacuum,125.336,4,0.896,COD
3382,US-2020-162208,27-08-2020,30-08-2020,First Class,SP-20620,Stefania Perrino,Corporate,United States,Tampa,Florida,South,OFF-EN-10004030,Office Supplies,Envelopes,Convenience Packs of Business Envelopes,138.896,1,0.9774,COD
8935,CA-2020-130036,27-08-2020,27-08-2020,Same Day,BP-11185,Ben Peterman,Corporate,United States,Philadelphia,Pennsylvania,East,OFF-PA-10000528,Office Supplies,Paper,Xerox 1981,116.672,3,3.96,Online
1798,US-2020-139465,27-08-2020,30-08-2020,First Class,MR-17545,Mathew Reese,Home Office,United States,New York City,New York,East,OFF-BI-10003910,Office Supplies,Binders,DXL Angle-View Binders with Locking Rings by Samsill,133.008,6,11.565,Online
3751,CA-2020-161956,27-08-2020,29-08-2020,Second Class,DR-12880,Dan Reichenbach,Corporate,United States,Inglewood,California,West,OFF-SU-10002503,Office Supplies,Supplies,Acme Preferred Stainless Steel Scissors,149.4,5,8.236,COD
1796,US-2020-139465,27-08-2020,30-08-2020,First Class,MR-17545,Mathew Reese,Home Office,United States,New York City,New York,East,OFF-ST-10002352,Office Supplies,Storage,Iris Project Case,170.84,8,16.5984,COD
4599,US-2020-169502,28-08-2020,01-09-2020,Standard Class,MG-17650,Matthew Grinstein,Home Office,United States,Milwaukee,Wisconsin,Central,OFF-AP-10001947,Office Supplies,Appliances,Acco 6 Outlet Guardian Premium Plus Surge Suppressor,109.6,5,26.564,Online
2485,CA-2020-126067,28-08-2020,03-09-2020,Standard Class,KN-16705,Kristina Nunn,Home Office,United States,Seattle,Washington,West,OFF-BI-10001658,Office Supplies,Binders,GBC Standard Therm-A-Bind Covers,143.68,5,32.396,COD
2486,CA-2020-126067,28-08-2020,03-09-2020,Standard Class,KN-16705,Kristina Nunn,Home Office,United States,Seattle,Washington,West,OFF-AR-10003856,Office Supplies,Art,Newell 344,77.56,2,1.4456,Online
3924,CA-2020-146920,28-08-2020,01-09-2020,Standard Class,SC-20305,Sean Christensen,Consumer,United States,Chicago,Illinois,Central,OFF-PA-10001461,Office Supplies,Paper,HP Office Paper (20Lb. and 87 Bright),102.72,5,9.352,COD
4598,US-2020-169502,28-08-2020,01-09-2020,Standard Class,MG-17650,Matthew Grinstein,Home Office,United States,Milwaukee,Wisconsin,Central,OFF-SU-10004115,Office Supplies,Supplies,Acme Stainless Steel Office Snips,109.81,3,5.8887,Online
3923,CA-2020-146920,28-08-2020,01-09-2020,Standard Class,SC-20305,Sean Christensen,Consumer,United States,Chicago,Illinois,Central,OFF-PA-10002479,Office Supplies,Paper,Xerox 4200 Series MultiUse Premium Copy Paper (20Lb. and 84 Bright),137.344,6,7.92,COD
2483,CA-2020-126067,28-08-2020,03-09-2020,Standard Class,KN-16705,Kristina Nunn,Home Office,United States,Seattle,Washington,West,TEC-PH-10000912,Technology,Phones,Anker 24W Portable Micro USB Car Charger,150.168,4,11.4296,COD
8116,CA-2020-101014,29-08-2020,04-09-2020,Standard Class,RW-19540,Rick Wilson,Corporate,United States,Los Angeles,California,West,FUR-FU-10003374,Furniture,Furnishings,Electrix Fluorescent Magnifier Lamps & Weighted Base,180.02,3,41.4456,COD
4238,CA-2020-104024,29-08-2020,03-09-2020,Second Class,MD-17860,Michael Dominguez,Corporate,United States,Philadelphia,Pennsylvania,East,OFF-AR-10001972,Office Supplies,Art,Newell 323,89.408,7,0.7056,Online
1943,CA-2020-144064,29-08-2020,01-09-2020,First Class,CP-12085,Cathy Prescott,Corporate,United States,Quincy,Illinois,Central,OFF-ST-10004507,Office Supplies,Storage,Advantus Rolling Storage Box,93.44,2,2.401,Online
1944,CA-2020-144064,29-08-2020,01-09-2020,First Class,CP-12085,Cathy Prescott,Corporate,United States,Quincy,Illinois,Central,OFF-BI-10002012,Office Supplies,Binders,Wilson Jones Easy Flow II Sheet Lifters,96.24,9,-5.184,COD
1942,CA-2020-144064,29-08-2020,01-09-2020,First Class,CP-12085,Cathy Prescott,Corporate,United States,Quincy,Illinois,Central,OFF-LA-10004544,Office Supplies,Labels,Avery 505,137.36,4,17.76,COD
6407,CA-2020-154074,31-08-2020,02-09-2020,Second Class,BW-11110,Bart Watters,Corporate,United States,Spokane,Washington,West,OFF-ST-10002370,Office Supplies,Storage,"Sortfiler Multipurpose Personal File Organizer, Black",160.73,7,43.4217,COD
9664,CA-2020-132619,31-08-2020,05-09-2020,Standard Class,MS-17770,Maxwell Schwartz,Consumer,United States,San Francisco,California,West,OFF-ST-10001511,Office Supplies,Storage,Space Solutions Commercial Steel Shelving,227.95,3,9.6975,COD
1533,CA-2020-159884,31-08-2020,05-09-2020,Standard Class,JF-15490,Jeremy Farry,Consumer,United States,Tempe,Arizona,West,OFF-FA-10000585,Office Supplies,Fasteners,OIC Bulk Pack Metal Binder Clips,70.376,3,2.7222,COD
7064,CA-2020-127712,31-08-2020,05-09-2020,Standard Class,MG-17890,Michael Granlund,Home Office,United States,Salem,Oregon,West,OFF-SU-10002522,Office Supplies,Supplies,Acme Kleen Earth Office Shears,93.208,2,0.6984,COD
4990,CA-2020-107321,31-08-2020,04-09-2020,Standard Class,AW-10930,Arthur Wiediger,Home Office,United States,San Francisco,California,West,OFF-BI-10004022,Office Supplies,Binders,Acco Suede Grain Vinyl Round Ring Binder,112.672,3,2.1684,COD
1532,CA-2020-159884,31-08-2020,05-09-2020,Standard Class,JF-15490,Jeremy Farry,Consumer,United States,Tempe,Arizona,West,OFF-ST-10000344,Office Supplies,Storage,"Neat Ideas Personal Hanging Folder Files, Black",140.744,1,0.8058,COD
3231,CA-2020-131625,01-09-2020,05-09-2020,Second Class,BN-11515,Bradley Nguyen,Consumer,United States,New York City,New York,East,FUR-FU-10004960,Furniture,Furnishings,"Seth Thomas 12"" Clock w/ Goldtone Case",145.9,5,39.066,COD
9032,CA-2020-128041,01-09-2020,01-09-2020,Same Day,RW-19540,Rick Wilson,Corporate,United States,Seattle,Washington,West,FUR-TA-10002607,Furniture,Tables,KI Conference Tables,321.56,4,45.3696,Online
4332,CA-2020-107909,01-09-2020,06-09-2020,Standard Class,SS-20875,Sung Shariari,Consumer,United States,Redmond,Washington,West,TEC-AC-10001998,Technology,Accessories,Logitech LS21 Speaker System - PC Multimedia - 2.1-CH - Wired,89.99,1,6.7966,COD
4723,US-2020-135230,01-09-2020,07-09-2020,Standard Class,CK-12325,Christine Kargatis,Home Office,United States,Seattle,Washington,West,OFF-AR-10001166,Office Supplies,Art,Staples in misc. colors,123.58,1,2.9562,Online
4333,CA-2020-107909,01-09-2020,06-09-2020,Standard Class,SS-20875,Sung Shariari,Consumer,United States,Redmond,Washington,West,OFF-BI-10003476,Office Supplies,Binders,Avery Metallic Poly Binders,130.92,5,8.022,COD
6681,CA-2020-145037,02-09-2020,07-09-2020,Second Class,TB-21055,Ted Butterfield,Consumer,United States,Meriden,Connecticut,East,OFF-PA-10000157,Office Supplies,Paper,Xerox 191,101.92,4,37.5624,COD
3935,CA-2020-123001,02-09-2020,08-09-2020,Standard Class,AW-10840,Anthony Witt,Consumer,United States,Bakersfield,California,West,OFF-LA-10004544,Office Supplies,Labels,Avery 505,113.0,5,37.0,Online
9849,CA-2020-169327,02-09-2020,04-09-2020,Second Class,MH-17290,Marc Harrigan,Home Office,United States,Los Angeles,California,West,OFF-BI-10004330,Office Supplies,Binders,"GBC Velobind Prepunched Cover Sets, Regency Series",173.92,5,46.225,COD
1957,CA-2020-157987,02-09-2020,06-09-2020,Standard Class,AC-10615,Ann Chong,Corporate,United States,New York City,New York,East,TEC-AC-10000109,Technology,Accessories,Sony Micro Vault Click 16 GB USB 2.0 Flash Drive,177.97,3,40.3128,COD
9262,CA-2020-111388,02-09-2020,02-09-2020,Same Day,SU-20665,Stephanie Ulpright,Home Office,United States,Seattle,Washington,West,FUR-CH-10003061,Furniture,Chairs,"Global Leather Task Chair, Black",236.976,3,-2.6997,COD
3936,CA-2020-123001,02-09-2020,08-09-2020,Standard Class,AW-10840,Anthony Witt,Consumer,United States,Bakersfield,California,West,TEC-PH-10003484,Technology,Phones,Ooma Telo VoIP Home Phone System,247.584,2,12.599,COD
7441,US-2020-163657,02-09-2020,06-09-2020,Standard Class,JL-15235,Janet Lee,Consumer,United States,Los Angeles,California,West,FUR-TA-10004607,Furniture,Tables,Hon 2111 Invitation Series Straight Table,265.528,2,-2.9566,Cards
1956,CA-2020-157987,02-09-2020,06-09-2020,Standard Class,AC-10615,Ann Chong,Corporate,United States,New York City,New York,East,TEC-AC-10002842,Technology,Accessories,WD My Passport Ultra 2TB Portable External Hard Drive,284.0,2,38.08,Online
933,CA-2020-114216,02-09-2020,06-09-2020,Standard Class,RK-19300,Ralph Kennedy,Consumer,United States,Philadelphia,Pennsylvania,East,OFF-PA-10002195,Office Supplies,Paper,"RSVP Cards & Envelopes, Blank White, 8-1/2"" X 11"", 24 Cards/25 Envelopes/Set",112.192,3,4.1148,Cards
1955,CA-2020-157987,02-09-2020,06-09-2020,Standard Class,AC-10615,Ann Chong,Corporate,United States,New York City,New York,East,OFF-AR-10004582,Office Supplies,Art,BIC Brite Liner Grip Highlighters,95.92,3,2.214,Cards
6904,CA-2020-111220,02-09-2020,08-09-2020,Standard Class,JS-15595,Jill Stevenson,Corporate,United States,Chicago,Illinois,Central,OFF-AP-10003278,Office Supplies,Appliances,Belkin 7-Outlet SurgeMaster Home Series,82.588,2,-15.0876,Cards
1958,CA-2020-157987,02-09-2020,06-09-2020,Standard Class,AC-10615,Ann Chong,Corporate,United States,New York City,New York,East,OFF-PA-10003893,Office Supplies,Paper,Xerox 1962,90.12,4,7.704,COD
1950,CA-2020-157987,02-09-2020,06-09-2020,Standard Class,AC-10615,Ann Chong,Corporate,United States,New York City,New York,East,OFF-AP-10000358,Office Supplies,Appliances,Fellowes Basic Home/Office Series Surge Protectors,110.98,1,3.7642,COD
7440,US-2020-163657,02-09-2020,06-09-2020,Standard Class,JL-15235,Janet Lee,Consumer,United States,Los Angeles,California,West,OFF-BI-10000138,Office Supplies,Binders,Acco Translucent Poly Ring Binders,111.72,5,6.552,Cards
1951,CA-2020-157987,02-09-2020,06-09-2020,Standard Class,AC-10615,Ann Chong,Corporate,United States,New York City,New York,East,OFF-BI-10004970,Office Supplies,Binders,"ACCOHIDE 3-Ring Binder, Blue, 1""",104.432,8,8.9208,COD
6680,CA-2020-145037,02-09-2020,07-09-2020,Second Class,TB-21055,Ted Butterfield,Consumer,United States,Meriden,Connecticut,East,OFF-ST-10000918,Office Supplies,Storage,Crate-A-Files,110.9,1,2.834,Cards
1266,CA-2020-110380,02-09-2020,07-09-2020,Standard Class,PF-19225,Phillip Flathmann,Consumer,United States,San Francisco,California,West,OFF-AR-10000422,Office Supplies,Art,Pencil and Crayon Sharpener,115.57,3,1.7739,COD
702,CA-2020-114552,02-09-2020,08-09-2020,Standard Class,Dl-13600,Dorris liebe,Corporate,United States,Cleveland,Ohio,East,FUR-FU-10002960,Furniture,Furnishings,"Eldon 200 Class Desk Accessories, Burgundy",131.072,3,4.1448,Cards
9284,CA-2020-102218,02-09-2020,04-09-2020,Second Class,LW-17215,Luke Weiss,Consumer,United States,Fort Collins,Colorado,West,OFF-LA-10002475,Office Supplies,Labels,Avery 519,126.696,2,3.9474,COD
3934,CA-2020-123001,02-09-2020,08-09-2020,Standard Class,AW-10840,Anthony Witt,Consumer,United States,Bakersfield,California,West,OFF-AR-10001919,Office Supplies,Art,"OIC #2 Pencils, Medium Soft",101.4,5,2.726,Online
1948,CA-2020-157987,02-09-2020,06-09-2020,Standard Class,AC-10615,Ann Chong,Corporate,United States,New York City,New York,East,FUR-FU-10001196,Furniture,Furnishings,DAX Cubicle Frames - 8x10,125.54,2,3.462,Online
6903,CA-2020-111220,02-09-2020,08-09-2020,Standard Class,JS-15595,Jill Stevenson,Corporate,United States,Chicago,Illinois,Central,OFF-FA-10002280,Office Supplies,Fasteners,Advantus Plastic Paper Clips,112.0,4,5.6,Cards
1947,CA-2020-157987,02-09-2020,06-09-2020,Standard Class,AC-10615,Ann Chong,Corporate,United States,New York City,New York,East,OFF-AR-10000658,Office Supplies,Art,Newell 324,144.1,2,6.468,COD
1953,CA-2020-157987,02-09-2020,06-09-2020,Standard Class,AC-10615,Ann Chong,Corporate,United States,New York City,New York,East,OFF-LA-10001641,Office Supplies,Labels,Avery 518,145.9,6,9.072,COD
7223,CA-2020-113075,02-09-2020,06-09-2020,Standard Class,MC-18100,Mick Crebagga,Consumer,United States,Chicago,Illinois,Central,TEC-AC-10003441,Technology,Accessories,Kingston Digital DataTraveler 32GB USB 2.0,142.68,3,-7.119,COD
9847,CA-2020-169327,02-09-2020,04-09-2020,Second Class,MH-17290,Marc Harrigan,Home Office,United States,Los Angeles,California,West,OFF-AP-10001492,Office Supplies,Appliances,"Acco Six-Outlet Power Strip, 4' Cord Length",179.1,5,11.206,Cards
5827,CA-2020-161067,03-09-2020,06-09-2020,Second Class,KB-16405,Katrina Bavinger,Home Office,United States,New York City,New York,East,FUR-CH-10004626,Furniture,Chairs,Office Star Flex Back Scooter Chair with Aluminum Finish Frame,105.801,1,14.1246,Online
5636,CA-2020-123022,03-09-2020,08-09-2020,Standard Class,SC-20050,Sample Company A,Home Office,United States,La Mesa,California,West,OFF-BI-10002225,Office Supplies,Binders,"Square Ring Data Binders, Rigid 75 Pt. Covers, 11"" x 14-7/8""",113.56,5,28.896,Cards
7323,CA-2020-167626,03-09-2020,07-09-2020,Standard Class,MY-18295,Muhammed Yedwab,Corporate,United States,Chicago,Illinois,Central,TEC-AC-10004353,Technology,Accessories,Hypercom P1300 Pinpad,135.8,2,21.42,Online
5828,CA-2020-161067,03-09-2020,06-09-2020,Second Class,KB-16405,Katrina Bavinger,Home Office,United States,New York City,New York,East,FUR-CH-10004860,Furniture,Chairs,Global Low Back Tilter Chair,193.764,2,-8.0784,Cards
5859,US-2020-153255,03-09-2020,07-09-2020,Second Class,JK-15730,Joe Kamberova,Consumer,United States,Concord,California,West,FUR-BO-10004218,Furniture,Bookcases,"Bush Heritage Pine Collection 5-Shelf Bookcase, Albany Pine Finish, *Special Order",274.666,2,14.098,COD
5829,CA-2020-161067,03-09-2020,06-09-2020,Second Class,KB-16405,Katrina Bavinger,Home Office,United States,New York City,New York,East,OFF-AR-10003251,Office Supplies,Art,Prang Drawing Pencil Set,97.56,2,2.224,Online
7322,CA-2020-167626,03-09-2020,07-09-2020,Standard Class,MY-18295,Muhammed Yedwab,Corporate,United States,Chicago,Illinois,Central,OFF-PA-10003424,Office Supplies,Paper,"""While you Were Out"" Message Book, One Form per Page",113.904,3,3.339,COD
3587,CA-2020-161823,03-09-2020,08-09-2020,Standard Class,AG-10300,Aleksandra Gannaway,Corporate,United States,San Francisco,California,West,OFF-AR-10002053,Office Supplies,Art,"Premium Writing Pencils, Soft, #2 by Central Association for the Blind",105.96,2,1.6688,Online
712,CA-2020-146136,03-09-2020,07-09-2020,Standard Class,AP-10915,Arthur Prichep,Consumer,United States,Palm Coast,Florida,South,OFF-EN-10001219,Office Supplies,Envelopes,"#10- 4 1/8"" x 9 1/2"" Security-Tint Envelopes",113.448,4,8.8624,Cards
7304,US-2020-117450,04-09-2020,08-09-2020,Standard Class,DO-13645,Doug O'Connell,Consumer,United States,Boynton Beach,Florida,South,FUR-CH-10003817,Furniture,Chairs,"Global Value Steno Chair, Gray",112.184,2,6.074,COD
1556,CA-2020-120761,04-09-2020,08-09-2020,Standard Class,AB-10150,Aimee Bixby,Consumer,United States,Long Beach,New York,East,TEC-AC-10000171,Technology,Accessories,"Verbatim 25 GB 6x Blu-ray Single Layer Recordable Disc, 25/Pack",140.96,4,39.5428,COD
3563,CA-2020-109757,04-09-2020,09-09-2020,Second Class,MD-17350,Maribeth Dona,Consumer,United States,Akron,Ohio,East,OFF-BI-10001634,Office Supplies,Binders,Wilson Jones Active Use Binders,88.368,2,-3.0576,Cards
3515,CA-2020-140326,04-09-2020,06-09-2020,First Class,HW-14935,Helen Wasserman,Corporate,United States,Chicago,Illinois,Central,OFF-AR-10001149,Office Supplies,Art,"Sanford Colorific Colored Pencils, 12/Box",88.912,3,0.864,Online
1496,CA-2020-152485,04-09-2020,08-09-2020,Standard Class,JD-15790,John Dryer,Consumer,United States,Coppell,Texas,Central,OFF-AR-10003759,Office Supplies,Art,"Crayola Anti Dust Chalk, 12/Pack",120.192,7,3.185,Online
3080,CA-2020-101182,04-09-2020,05-09-2020,First Class,KB-16405,Katrina Bavinger,Home Office,United States,Apple Valley,California,West,OFF-PA-10001800,Office Supplies,Paper,Xerox 220,100.96,2,6.2208,COD
4121,CA-2020-117394,04-09-2020,10-09-2020,Standard Class,MM-17920,Michael Moore,Consumer,United States,Philadelphia,Pennsylvania,East,TEC-AC-10000199,Technology,Accessories,Kingston Digital DataTraveler 8GB USB 2.0,94.04,4,-1.428,Online
5459,CA-2020-116680,04-09-2020,06-09-2020,Second Class,PK-19075,Pete Kriz,Consumer,United States,San Francisco,California,West,OFF-BI-10004022,Office Supplies,Binders,Acco Suede Grain Vinyl Round Ring Binder,119.344,6,4.3368,Online
7918,CA-2020-100783,04-09-2020,08-09-2020,Second Class,JK-16120,Julie Kriz,Home Office,United States,Garland,Texas,Central,OFF-AR-10000380,Office Supplies,Art,"Hunt PowerHouse Electric Pencil Sharpener, Blue",108.384,1,3.798,Online
3561,CA-2020-109757,04-09-2020,09-09-2020,Second Class,MD-17350,Maribeth Dona,Consumer,United States,Akron,Ohio,East,OFF-AR-10002335,Office Supplies,Art,DIXON Oriole Pencils,125.256,4,0.6192,COD
3564,CA-2020-109757,04-09-2020,09-09-2020,Second Class,MD-17350,Maribeth Dona,Consumer,United States,Akron,Ohio,East,OFF-PA-10000007,Office Supplies,Paper,"Telephone Message Books with Fax/Mobile Section, 4 1/4"" x 6""",107.52,4,3.744,Cards
7305,US-2020-117450,04-09-2020,08-09-2020,Standard Class,DO-13645,Doug O'Connell,Consumer,United States,Boynton Beach,Florida,South,OFF-PA-10000289,Office Supplies,Paper,Xerox 213,133.368,2,3.6288,COD
8386,CA-2020-137582,04-09-2020,08-09-2020,Standard Class,CV-12805,Cynthia Voltz,Corporate,United States,Oakland,California,West,OFF-BI-10001757,Office Supplies,Binders,Pressboard Hanging Data Binders for Unburst Sheets,124.808,3,4.1328,COD
1497,CA-2020-152485,04-09-2020,08-09-2020,Standard Class,JD-15790,John Dryer,Consumer,United States,Coppell,Texas,Central,OFF-ST-10004950,Office Supplies,Storage,Acco Perma 3000 Stacking Storage Drawers,102.784,1,-0.2098,COD
3619,CA-2020-141929,04-09-2020,08-09-2020,Standard Class,RA-19285,Ralph Arnett,Consumer,United States,Los Angeles,California,West,TEC-PH-10002185,Technology,Phones,QVS USB Car Charger 2-Port 2.1Amp for iPod/iPhone/iPad/iPad 2/iPad 3,139.56,1,1.7375,COD
1498,CA-2020-152485,04-09-2020,08-09-2020,Standard Class,JD-15790,John Dryer,Consumer,United States,Coppell,Texas,Central,OFF-AR-10001940,Office Supplies,Art,"Sanford Colorific Eraseable Coloring Pencils, 12 Count",105.12,5,3.772,Cards
3081,CA-2020-101182,04-09-2020,05-09-2020,First Class,KB-16405,Katrina Bavinger,Home Office,United States,Apple Valley,California,West,TEC-PH-10003589,Technology,Phones,invisibleSHIELD by ZAGG Smudge-Free Screen Protector,123.176,3,15.1116,COD
6724,US-2020-166394,04-09-2020,06-09-2020,Second Class,VM-21835,Vivian Mathis,Consumer,United States,Nashua,New Hampshire,East,OFF-FA-10001843,Office Supplies,Fasteners,Staples,141.82,6,6.9654,COD
3562,CA-2020-109757,04-09-2020,09-09-2020,Second Class,MD-17350,Maribeth Dona,Consumer,United States,Akron,Ohio,East,OFF-BI-10004001,Office Supplies,Binders,GBC Recycled VeloBinder Covers,122.56,5,-20.448,COD
3514,CA-2020-140326,04-09-2020,06-09-2020,First Class,HW-14935,Helen Wasserman,Corporate,United States,Chicago,Illinois,Central,OFF-PA-10004041,Office Supplies,Paper,"It's Hot Message Books with Stickers, 2 3/4"" x 5""",150.76,3,5.55,Cards
4297,CA-2020-117261,04-09-2020,10-09-2020,Standard Class,TH-21235,Tiffany House,Corporate,United States,Los Angeles,California,West,OFF-ST-10000419,Office Supplies,Storage,"Rogers Jumbo File, Granite",151.32,4,0.5432,COD
8198,CA-2020-102736,05-09-2020,09-09-2020,Standard Class,LP-17095,Liz Preis,Consumer,United States,Knoxville,Tennessee,South,OFF-AR-10001897,Office Supplies,Art,Model L Table or Wall-Mount Pencil Sharpener,115.96,5,7.196,Cards
8197,CA-2020-102736,05-09-2020,09-09-2020,Standard Class,LP-17095,Liz Preis,Consumer,United States,Knoxville,Tennessee,South,TEC-AC-10004568,Technology,Accessories,Maxell LTO Ultrium - 800 GB,133.568,4,-1.1196,Cards
1562,CA-2020-107293,05-09-2020,06-09-2020,First Class,CS-12400,Christopher Schild,Home Office,United States,Seattle,Washington,West,OFF-AR-10003732,Office Supplies,Art,Newell 333,89.78,1,0.7228,Cards
8199,CA-2020-102736,05-09-2020,09-09-2020,Standard Class,LP-17095,Liz Preis,Consumer,United States,Knoxville,Tennessee,South,OFF-PA-10001800,Office Supplies,Paper,Xerox 220,144.552,3,5.4432,COD
8211,CA-2020-128769,07-09-2020,12-09-2020,Standard Class,DM-12955,Dario Medina,Corporate,United States,Nashville,Tennessee,South,OFF-AP-10001271,Office Supplies,Appliances,Eureka The Boss Cordless Rechargeable Stick Vac,102.568,2,7.1372,COD
9327,US-2020-130687,07-09-2020,10-09-2020,First Class,PF-19225,Phillip Flathmann,Consumer,United States,Edmonds,Washington,West,FUR-FU-10004053,Furniture,Furnishings,DAX Two-Tone Silver Metal Document Frame,115.96,4,34.8128,Online
7141,CA-2020-128783,07-09-2020,07-09-2020,Same Day,TG-21640,Trudy Glocke,Consumer,United States,Saint Charles,Missouri,Central,TEC-AC-10002473,Technology,Accessories,Maxell 4.7GB DVD-R,125.52,4,46.5432,Online
5548,CA-2020-151008,07-09-2020,08-09-2020,First Class,JM-16195,Justin MacKendrick,Consumer,United States,Draper,Utah,West,TEC-PH-10002807,Technology,Phones,Motorla HX550 Universal Bluetooth Headset,166.56,4,47.46,Online
7142,CA-2020-128783,07-09-2020,07-09-2020,Same Day,TG-21640,Trudy Glocke,Consumer,United States,Saint Charles,Missouri,Central,FUR-FU-10003623,Furniture,Furnishings,"DataProducts Ampli Magnifier Task Lamp, Black,",170.3,5,37.884,COD
9328,US-2020-130687,07-09-2020,10-09-2020,First Class,PF-19225,Phillip Flathmann,Consumer,United States,Edmonds,Washington,West,TEC-PH-10002033,Technology,Phones,Konftel 250 Conference phone - Charcoal black,485.712,2,34.1784,Cards
4154,CA-2020-100160,07-09-2020,11-09-2020,Standard Class,CB-12025,Cassandra Brandow,Consumer,United States,Philadelphia,Pennsylvania,East,OFF-EN-10001509,Office Supplies,Envelopes,Poly String Tie Envelopes,92.896,3,1.6524,Cards
4085,CA-2020-163692,07-09-2020,09-09-2020,First Class,Dp-13240,Dean percer,Home Office,United States,Phoenix,Arizona,West,OFF-BI-10003291,Office Supplies,Binders,Wilson Jones Leather-Like Binders with DublLock Round Rings,70.857,3,-6.0237,COD
5280,US-2020-104094,07-09-2020,11-09-2020,Standard Class,AG-10675,Anna Gayman,Consumer,United States,Milwaukee,Wisconsin,Central,TEC-AC-10002134,Technology,Accessories,Rosewill 107 Normal Keys USB Wired Standard Keyboard,81.48,1,1.8872,COD
4153,CA-2020-100160,07-09-2020,11-09-2020,Standard Class,CB-12025,Cassandra Brandow,Consumer,United States,Philadelphia,Pennsylvania,East,OFF-PA-10003072,Office Supplies,Paper,"Eureka Recycled Copy Paper 8 1/2"" x 11"", Ream",93.552,3,5.4432,Online
4152,CA-2020-100160,07-09-2020,11-09-2020,Standard Class,CB-12025,Cassandra Brandow,Consumer,United States,Philadelphia,Pennsylvania,East,OFF-LA-10002475,Office Supplies,Labels,Avery 519,126.24,5,9.8685,COD
9539,US-2020-169488,07-09-2020,09-09-2020,First Class,AA-10375,Allen Armold,Consumer,United States,Providence,Rhode Island,East,OFF-PA-10002659,Office Supplies,Paper,Avoid Verbal Orders Carbonless Minifold Book,118.9,5,7.774,COD
5547,CA-2020-151008,07-09-2020,08-09-2020,First Class,JM-16195,Justin MacKendrick,Consumer,United States,Draper,Utah,West,FUR-FU-10002396,Furniture,Furnishings,"DAX Copper Panel Document Frame, 5 x 7 Size",129.16,2,10.5672,Online
2099,CA-2020-124401,07-09-2020,12-09-2020,Standard Class,RD-19900,Ruben Dartt,Consumer,United States,Portland,Oregon,West,OFF-ST-10000649,Office Supplies,Storage,Hanging Personal Folder File,130.68,3,2.355,COD
6005,CA-2020-107244,07-09-2020,11-09-2020,Standard Class,AG-10390,Allen Goldenen,Consumer,United States,Los Angeles,California,West,FUR-FU-10002597,Furniture,Furnishings,"C-Line Magnetic Cubicle Keepers, Clear Polypropylene",137.76,4,8.2992,COD
533,US-2020-129441,07-09-2020,11-09-2020,Standard Class,JC-15340,Jasper Cacioppo,Consumer,United States,Los Angeles,California,West,FUR-FU-10000448,Furniture,Furnishings,Tenex Chairmats For Use With Carpeted Floors,142.94,3,2.397,COD
9329,US-2020-130687,07-09-2020,10-09-2020,First Class,PF-19225,Phillip Flathmann,Consumer,United States,Edmonds,Washington,West,OFF-AR-10004260,Office Supplies,Art,Boston 1799 Powerhouse Electric Pencil Sharpener,138.98,1,7.2744,COD
9540,US-2020-169488,07-09-2020,09-09-2020,First Class,AA-10375,Allen Armold,Consumer,United States,Providence,Rhode Island,East,OFF-PA-10000157,Office Supplies,Paper,Xerox 191,144.96,2,18.7812,COD
3358,CA-2020-100335,07-09-2020,13-09-2020,Standard Class,NF-18595,Nicole Fjeld,Home Office,United States,Chicago,Illinois,Central,OFF-PA-10001685,Office Supplies,Paper,Easy-staple paper,157.008,9,26.4654,COD
8325,CA-2020-144456,08-09-2020,09-09-2020,First Class,FC-14245,Frank Carlisle,Home Office,United States,Hialeah,Florida,South,OFF-ST-10001321,Office Supplies,Storage,"Decoflex Hanging Personal Folder File, Blue",105.68,5,5.397,COD
4529,CA-2020-152856,08-09-2020,10-09-2020,Second Class,RS-19765,Roland Schwarz,Corporate,United States,Marion,Ohio,East,TEC-AC-10004864,Technology,Accessories,Memorex Micro Travel Drive 32 GB,133.832,4,33.5892,Online
8326,CA-2020-144456,08-09-2020,09-09-2020,First Class,FC-14245,Frank Carlisle,Home Office,United States,Hialeah,Florida,South,TEC-PH-10001750,Technology,Phones,Samsung Rugby III,168.376,3,13.8579,COD
6652,US-2020-124779,08-09-2020,11-09-2020,First Class,BF-11020,Barry Französisch,Corporate,United States,Arlington,Texas,Central,FUR-FU-10001095,Furniture,Furnishings,DAX Black Cherry Wood-Tone Poster Frame,118.184,2,-11.6512,Online
3657,CA-2020-158036,08-09-2020,14-09-2020,Standard Class,DB-13555,Dorothy Badders,Corporate,United States,Dublin,Ohio,East,TEC-AC-10002558,Technology,Accessories,Imation Swivel Flash Drive USB flash drive - 8 GB,105.096,1,1.7055,COD
6653,US-2020-124779,08-09-2020,11-09-2020,First Class,BF-11020,Barry Französisch,Corporate,United States,Arlington,Texas,Central,OFF-PA-10000061,Office Supplies,Paper,Xerox 205,115.736,4,7.2576,COD
6651,US-2020-124779,08-09-2020,11-09-2020,First Class,BF-11020,Barry Französisch,Corporate,United States,Arlington,Texas,Central,OFF-FA-10004854,Office Supplies,Fasteners,"Vinyl Coated Wire Paper Clips in Organizer Box, 800/Box",120.92,5,15.498,Online
8620,CA-2020-132437,08-09-2020,13-09-2020,Second Class,EM-14095,Eudokia Martin,Corporate,United States,New York City,New York,East,OFF-ST-10001031,Office Supplies,Storage,Adjustable Personal File Tote,165.12,4,16.9312,COD
5768,CA-2020-126396,08-09-2020,12-09-2020,Second Class,AR-10345,Alex Russell,Corporate,United States,Houston,Texas,Central,TEC-AC-10003116,Technology,Accessories,Memorex Froggy Flash Drive 8 GB,153.2,6,20.235,Online
2401,CA-2020-147361,09-09-2020,15-09-2020,Standard Class,SB-20290,Sean Braxton,Corporate,United States,Florence,South Carolina,South,OFF-ST-10002214,Office Supplies,Storage,X-Rack File for Hanging Folders,101.45,5,14.677,Online
5895,CA-2020-100825,09-09-2020,14-09-2020,Standard Class,KD-16495,Keith Dawkins,Corporate,United States,Los Angeles,California,West,OFF-ST-10003123,Office Supplies,Storage,Fellowes Bases and Tops For Staxonsteel/High-Stak Systems,133.87,3,23.9688,COD
1217,US-2020-118087,09-09-2020,13-09-2020,Standard Class,SP-20620,Stefania Perrino,Corporate,United States,Philadelphia,Pennsylvania,East,TEC-AC-10004469,Technology,Accessories,Microsoft Sculpt Comfort Mouse,136.88,3,28.764,Online
7719,US-2020-146213,09-09-2020,14-09-2020,Standard Class,MC-17605,Matt Connell,Corporate,United States,Los Angeles,California,West,TEC-AC-10001114,Technology,Accessories,Microsoft Wireless Mobile Mouse 4000,180.96,4,51.1872,COD
5580,CA-2020-137498,09-09-2020,14-09-2020,Second Class,LC-17050,Liz Carlisle,Consumer,United States,Los Angeles,California,West,FUR-CH-10003833,Furniture,Chairs,Novimex Fabric Task Chair,286.92,5,-15.245,COD
4625,CA-2020-147228,09-09-2020,14-09-2020,Standard Class,SO-20335,Sean O'Donnell,Consumer,United States,Columbia,Tennessee,South,OFF-ST-10000046,Office Supplies,Storage,Fellowes Super Stor/Drawer Files,292.48,2,-3.231,Online
1214,US-2020-118087,09-09-2020,13-09-2020,Standard Class,SP-20620,Stefania Perrino,Corporate,United States,Philadelphia,Pennsylvania,East,OFF-BI-10002432,Office Supplies,Binders,Wilson Jones Standard D-Ring Binders,94.036,2,-2.3276,COD
8756,CA-2020-152198,09-09-2020,10-09-2020,First Class,JD-16015,Joy Daniels,Consumer,United States,Toledo,Ohio,East,OFF-BI-10001628,Office Supplies,Binders,"Acco Data Flex Cable Posts For Top & Bottom Load Binders, 6"" Capacity",102.258,2,-5.215,Online
5442,CA-2020-155929,09-09-2020,13-09-2020,Standard Class,AI-10855,Arianne Irving,Consumer,United States,Glendale,Arizona,West,OFF-PA-10000859,Office Supplies,Paper,Unpadded Memo Slips,73.368,2,2.388,COD
5217,US-2020-159562,09-09-2020,15-09-2020,Standard Class,JB-16000,Joy Bell-,Consumer,United States,Roseville,Michigan,Central,OFF-EN-10000461,Office Supplies,Envelopes,"#10- 4 1/8"" x 9 1/2"" Recycled Envelopes",89.48,2,8.2156,Online
1218,US-2020-118087,09-09-2020,13-09-2020,Standard Class,SP-20620,Stefania Perrino,Corporate,United States,Philadelphia,Pennsylvania,East,FUR-FU-10001867,Furniture,Furnishings,"Eldon Expressions Punched Metal & Wood Desk Accessories, Pewter & Cherry",88.024,2,1.7024,COD
1215,US-2020-118087,09-09-2020,13-09-2020,Standard Class,SP-20620,Stefania Perrino,Corporate,United States,Philadelphia,Pennsylvania,East,OFF-BI-10000069,Office Supplies,Binders,"GBC Prepunched Paper, 19-Hole, for Binding Systems, 24-lb",124.503,1,-3.6024,Online
5579,CA-2020-137498,09-09-2020,14-09-2020,Second Class,LC-17050,Liz Carlisle,Consumer,United States,Los Angeles,California,West,OFF-AR-10003829,Office Supplies,Art,Newell 35,132.56,2,1.9024,COD
1216,US-2020-118087,09-09-2020,13-09-2020,Standard Class,SP-20620,Stefania Perrino,Corporate,United States,Philadelphia,Pennsylvania,East,OFF-AR-10003602,Office Supplies,Art,"Quartet Omega Colored Chalk, 12/Pack",105.672,1,1.5768,Online
4623,CA-2020-147228,09-09-2020,14-09-2020,Standard Class,SO-20335,Sean O'Donnell,Consumer,United States,Columbia,Tennessee,South,OFF-SU-10001225,Office Supplies,Supplies,Staple remover,101.832,3,-1.9872,COD
8755,CA-2020-152198,09-09-2020,10-09-2020,First Class,JD-16015,Joy Daniels,Consumer,United States,Toledo,Ohio,East,OFF-BI-10003669,Office Supplies,Binders,3M Organizer Strips,131.86,3,-3.564,Online
7284,CA-2020-169439,09-09-2020,13-09-2020,Standard Class,LC-17140,Logan Currie,Consumer,United States,Cleveland,Ohio,East,OFF-AR-10001374,Office Supplies,Art,"BIC Brite Liner Highlighters, Chisel Tip",104.92,5,3.888,COD
7877,CA-2020-168403,09-09-2020,15-09-2020,Standard Class,DK-12835,Damala Kotsonis,Corporate,United States,Portland,Oregon,West,OFF-AP-10003278,Office Supplies,Appliances,Belkin 7-Outlet SurgeMaster Home Series,135.176,1,0.8382,COD
6256,CA-2020-139444,09-09-2020,15-09-2020,Standard Class,GK-14620,Grace Kelly,Corporate,United States,Plano,Texas,Central,OFF-LA-10000134,Office Supplies,Labels,Avery 511,120.856,4,3.4496,Online
8754,CA-2020-152198,09-09-2020,10-09-2020,First Class,JD-16015,Joy Daniels,Consumer,United States,Toledo,Ohio,East,OFF-LA-10000443,Office Supplies,Labels,Avery 501,140.712,6,5.9778,Online
4626,CA-2020-147228,09-09-2020,14-09-2020,Standard Class,SO-20335,Sean O'Donnell,Consumer,United States,Columbia,Tennessee,South,FUR-FU-10000023,Furniture,Furnishings,Eldon Wave Desk Accessories,151.136,3,4.2408,COD
7876,CA-2020-168403,09-09-2020,15-09-2020,Standard Class,DK-12835,Damala Kotsonis,Corporate,United States,Portland,Oregon,West,OFF-PA-10002036,Office Supplies,Paper,Xerox 1930,162.104,6,11.2752,Online
7285,CA-2020-169439,09-09-2020,13-09-2020,Standard Class,LC-17140,Logan Currie,Consumer,United States,Cleveland,Ohio,East,FUR-FU-10000723,Furniture,Furnishings,"Deflect-o EconoMat Studded, No Bevel Mat for Low Pile Carpeting",171.112,2,-9.0904,Online
5581,CA-2020-137498,09-09-2020,14-09-2020,Second Class,LC-17050,Liz Carlisle,Consumer,United States,Los Angeles,California,West,OFF-PA-10000143,Office Supplies,Paper,Astroparche Fine Business Paper,145.52,9,22.8096,COD
5370,CA-2020-147403,10-09-2020,13-09-2020,First Class,KH-16630,Ken Heidel,Corporate,United States,Akron,Ohio,East,OFF-PA-10003302,Office Supplies,Paper,Xerox 1906,133.056,3,28.7064,COD
1962,CA-2020-110905,10-09-2020,15-09-2020,Second Class,RW-19690,Robert Waldorf,Consumer,United States,Springfield,Missouri,Central,TEC-AC-10002217,Technology,Accessories,Imation Clip USB flash drive - 8 GB,138.8,6,6.768,COD
42,CA-2020-120999,10-09-2020,15-09-2020,Standard Class,LC-16930,Linda Cazamias,Corporate,United States,Naperville,Illinois,Central,TEC-PH-10004093,Technology,Phones,Panasonic Kx-TS550,183.168,4,16.5564,COD
1965,CA-2020-110905,10-09-2020,15-09-2020,Second Class,RW-19690,Robert Waldorf,Consumer,United States,Springfield,Missouri,Central,OFF-ST-10000025,Office Supplies,Storage,Fellowes Stor/Drawer Steel Plus Storage Drawers,300.29,3,17.1774,COD
1848,CA-2020-128370,10-09-2020,10-09-2020,Same Day,FH-14275,Frank Hawley,Corporate,United States,Los Angeles,California,West,FUR-CH-10002602,Furniture,Chairs,DMI Arturo Collection Mission-style Design Wood Chair,382.352,3,27.1764,COD
5894,CA-2020-159954,10-09-2020,14-09-2020,Standard Class,SS-20410,Shahid Shariari,Consumer,United States,Atlanta,Georgia,South,OFF-BI-10004876,Office Supplies,Binders,Wilson Jones Suede Grain Vinyl Binders,73.78,1,1.3622,COD
3178,CA-2020-122280,10-09-2020,10-09-2020,Same Day,SH-20395,Shahid Hopkins,Consumer,United States,New York City,New York,East,OFF-PA-10004911,Office Supplies,Paper,"Rediform S.O.S. 1-Up Phone Message Bk, 4-1/4x3-1/16 Bk, 1 Form/Pg, 40 Messages/Bk, 3/Pk",100.76,2,9.0048,Online
1849,CA-2020-128370,10-09-2020,10-09-2020,Same Day,FH-14275,Frank Hawley,Corporate,United States,Los Angeles,California,West,OFF-BI-10004140,Office Supplies,Binders,Avery Non-Stick Binders,113.184,2,2.245,COD
1959,CA-2020-110905,10-09-2020,15-09-2020,Second Class,RW-19690,Robert Waldorf,Consumer,United States,Springfield,Missouri,Central,OFF-BI-10003669,Office Supplies,Binders,3M Organizer Strips,113.2,3,7.776,COD
1964,CA-2020-110905,10-09-2020,15-09-2020,Second Class,RW-19690,Robert Waldorf,Consumer,United States,Springfield,Missouri,Central,OFF-PA-10002586,Office Supplies,Paper,Xerox 1970,92.9,5,11.703,COD
1963,CA-2020-110905,10-09-2020,15-09-2020,Second Class,RW-19690,Robert Waldorf,Consumer,United States,Springfield,Missouri,Central,OFF-BI-10002954,Office Supplies,Binders,Newell 3-Hole Punched Plastic Slotted Magazine Holders for Binders,110.71,3,6.5808,COD
1966,CA-2020-110905,10-09-2020,15-09-2020,Second Class,RW-19690,Robert Waldorf,Consumer,United States,Springfield,Missouri,Central,OFF-AP-10003281,Office Supplies,Appliances,Acco 6 Outlet Guardian Standard Surge Suppressor,104.18,2,7.254,Online
4926,CA-2020-126438,10-09-2020,13-09-2020,First Class,AR-10345,Alex Russell,Corporate,United States,Lawrence,Massachusetts,East,OFF-AR-10003338,Office Supplies,Art,"Eberhard Faber 3 1/2"" Golf Pencils",145.88,2,3.72,COD
6886,CA-2020-123036,10-09-2020,17-09-2020,Standard Class,HA-14905,Helen Abelman,Consumer,United States,Springfield,Ohio,East,TEC-AC-10003499,Technology,Accessories,Memorex Mini Travel Drive 8 GB USB 2.0 Flash Drive,158.056,4,8.8008,COD
1960,CA-2020-110905,10-09-2020,15-09-2020,Second Class,RW-19690,Robert Waldorf,Consumer,United States,Springfield,Missouri,Central,OFF-AP-10004785,Office Supplies,Appliances,"Holmes Replacement Filter for HEPA Air Cleaner, Medium Room",147.99,3,14.6157,COD
9081,CA-2020-166898,11-09-2020,13-09-2020,Second Class,KH-16630,Ken Heidel,Corporate,United States,Santa Ana,California,West,TEC-PH-10002564,Technology,Phones,OtterBox Defender Series Case - Samsung Galaxy S4,175.952,6,17.994,COD
6232,US-2020-142188,11-09-2020,11-09-2020,Same Day,JF-15415,Jennifer Ferguson,Consumer,United States,Seattle,Washington,West,FUR-CH-10003199,Furniture,Chairs,Office Star - Contemporary Task Swivel Chair,209.568,2,8.8784,COD
9333,CA-2020-127726,11-09-2020,13-09-2020,Second Class,SS-20410,Shahid Shariari,Consumer,United States,Georgetown,Kentucky,South,OFF-AP-10002578,Office Supplies,Appliances,"Fellowes Premier Superior Surge Suppressor, 10-Outlet, With Phone and Remote",217.68,4,50.8768,COD
7495,US-2020-160836,11-09-2020,16-09-2020,Standard Class,CC-12475,Cindy Chapman,Consumer,United States,Houston,Texas,Central,OFF-AP-10001626,Office Supplies,Appliances,"Commercial WindTunnel Clean Air Upright Vacuum, Replacement Belts, Filtration Bags",86.556,2,-4.2012,COD
9334,CA-2020-127726,11-09-2020,13-09-2020,Second Class,SS-20410,Shahid Shariari,Consumer,United States,Georgetown,Kentucky,South,OFF-FA-10000992,Office Supplies,Fasteners,"Acco Clips to Go Binder Clips, 24 Clips in Two Sizes",124.2,4,6.674,Online
4368,CA-2020-117044,11-09-2020,13-09-2020,Second Class,HA-14920,Helen Andreada,Consumer,United States,Chicago,Illinois,Central,OFF-FA-10000936,Office Supplies,Fasteners,Acco Hot Clips Clips to Go,101.528,4,3.29,COD
6233,US-2020-142188,11-09-2020,11-09-2020,Same Day,JF-15415,Jennifer Ferguson,Consumer,United States,Seattle,Washington,West,OFF-PA-10002005,Office Supplies,Paper,Xerox 225,116.44,3,9.3312,COD
9082,CA-2020-166898,11-09-2020,13-09-2020,Second Class,KH-16630,Ken Heidel,Corporate,United States,Santa Ana,California,West,OFF-PA-10002262,Office Supplies,Paper,Xerox 192,115.44,3,9.3312,Online
3043,CA-2020-149559,11-09-2020,12-09-2020,Same Day,KF-16285,Karen Ferguson,Home Office,United States,Long Beach,California,West,OFF-EN-10002312,Office Supplies,Envelopes,#10 Self-Seal White Envelopes,109.18,2,10.8682,COD
553,CA-2020-112774,11-09-2020,12-09-2020,First Class,RC-19960,Ryan Crowe,Consumer,United States,Jacksonville,Florida,South,FUR-FU-10003039,Furniture,Furnishings,"Howard Miller 11-1/2"" Diameter Grantwood Wall Clock",111.504,1,6.0382,Online
3042,CA-2020-149559,11-09-2020,12-09-2020,Same Day,KF-16285,Karen Ferguson,Home Office,United States,Long Beach,California,West,OFF-PA-10003172,Office Supplies,Paper,Xerox 1996,115.96,2,6.2208,COD
5270,CA-2020-144484,11-09-2020,11-09-2020,Same Day,CB-12025,Cassandra Brandow,Consumer,United States,San Francisco,California,West,FUR-FU-10000260,Furniture,Furnishings,"6"" Cubicle Wall Clock, Black",114.36,4,11.6496,Online
4369,CA-2020-117044,11-09-2020,13-09-2020,Second Class,HA-14920,Helen Andreada,Consumer,United States,Chicago,Illinois,Central,OFF-PA-10003657,Office Supplies,Paper,Xerox 1927,107.544,6,6.42,COD
7493,US-2020-160836,11-09-2020,16-09-2020,Standard Class,CC-12475,Cindy Chapman,Consumer,United States,Houston,Texas,Central,OFF-PA-10004239,Office Supplies,Paper,Xerox 1953,127.272,3,3.21,COD
9282,US-2020-152898,11-09-2020,15-09-2020,Standard Class,CB-12025,Cassandra Brandow,Consumer,United States,Richmond,Virginia,South,OFF-AP-10000027,Office Supplies,Appliances,Hoover Commercial SteamVac,171.9,5,20.37,Online
6236,US-2020-142188,11-09-2020,11-09-2020,Same Day,JF-15415,Jennifer Ferguson,Consumer,United States,Seattle,Washington,West,TEC-PH-10000127,Technology,Phones,iOttie XL Car Mount,163.96,5,-17.991,COD
2078,CA-2020-140676,12-09-2020,15-09-2020,First Class,BF-11080,Bart Folk,Consumer,United States,Baltimore,Maryland,East,OFF-AP-10000358,Office Supplies,Appliances,Fellowes Basic Home/Office Series Surge Protectors,137.86,7,26.3494,COD
2079,CA-2020-140676,12-09-2020,15-09-2020,First Class,BF-11080,Bart Folk,Consumer,United States,Baltimore,Maryland,East,OFF-PA-10004243,Office Supplies,Paper,Xerox 1939,142.85,5,45.528,Cards
1510,CA-2020-103611,12-09-2020,15-09-2020,First Class,JM-15535,Jessica Myrick,Consumer,United States,Los Angeles,California,West,FUR-FU-10004270,Furniture,Furnishings,"Eldon Image Series Desk Accessories, Burgundy",115.36,2,3.0096,Online
2077,CA-2020-140676,12-09-2020,15-09-2020,First Class,BF-11080,Bart Folk,Consumer,United States,Baltimore,Maryland,East,OFF-PA-10004082,Office Supplies,Paper,"Adams Telephone Message Book w/Frequently-Called Numbers Space, 400 Messages per Book",142.9,5,19.95,COD
5183,CA-2020-108749,12-09-2020,15-09-2020,First Class,DJ-13510,Don Jones,Corporate,United States,Woonsocket,Rhode Island,East,OFF-BI-10003707,Office Supplies,Binders,Aluminum Screw Posts,150.78,3,22.89,Online
5182,CA-2020-108749,12-09-2020,15-09-2020,First Class,DJ-13510,Don Jones,Corporate,United States,Woonsocket,Rhode Island,East,OFF-PA-10003797,Office Supplies,Paper,Xerox 209,138.36,7,21.7728,Cards
7664,CA-2020-139493,13-09-2020,19-09-2020,Standard Class,SG-20605,Speros Goranitis,Consumer,United States,Asheville,North Carolina,South,OFF-AR-10003158,Office Supplies,Art,Fluorescent Highlighters by Dixon,130.92,5,2.786,Cards
8773,CA-2020-115882,14-09-2020,17-09-2020,First Class,DB-13555,Dorothy Badders,Corporate,United States,Raleigh,North Carolina,South,OFF-PA-10001125,Office Supplies,Paper,Xerox 1988,102.352,3,23.235,COD
9580,CA-2020-152975,14-09-2020,16-09-2020,First Class,RB-19705,Roger Barcio,Home Office,United States,New York City,New York,East,OFF-ST-10001370,Office Supplies,Storage,Sensible Storage WireTech Storage Systems,102.98,1,3.549,Cards
6222,US-2020-157224,14-09-2020,18-09-2020,Second Class,JB-16000,Joy Bell-,Consumer,United States,Los Angeles,California,West,OFF-LA-10000121,Office Supplies,Labels,Avery 48,106.7,9,26.082,Cards
6814,CA-2020-156237,14-09-2020,15-09-2020,First Class,PS-18760,Pamela Stobb,Consumer,United States,Philadelphia,Pennsylvania,East,FUR-FU-10001057,Furniture,Furnishings,Tensor Track Tree Floor Lamp,150.936,8,4.7976,COD
6810,CA-2020-156237,14-09-2020,15-09-2020,First Class,PS-18760,Pamela Stobb,Consumer,United States,Philadelphia,Pennsylvania,East,OFF-BI-10000301,Office Supplies,Binders,GBC Instant Report Kit,68.882,2,-2.588,Online
9594,CA-2020-108931,14-09-2020,19-09-2020,Standard Class,HZ-14950,Henia Zydlo,Consumer,United States,New York City,New York,East,OFF-PA-10002741,Office Supplies,Paper,Xerox 1980,90.56,2,3.852,Online
9595,CA-2020-108931,14-09-2020,19-09-2020,Standard Class,HZ-14950,Henia Zydlo,Consumer,United States,New York City,New York,East,OFF-PA-10003845,Office Supplies,Paper,Xerox 1987,119.56,2,5.6644,Cards
9581,CA-2020-152975,14-09-2020,16-09-2020,First Class,RB-19705,Roger Barcio,Home Office,United States,New York City,New York,East,OFF-AR-10001988,Office Supplies,Art,Bulldog Table or Wall-Mount Pencil Sharpener,94.95,5,8.6855,Online
6811,CA-2020-156237,14-09-2020,15-09-2020,First Class,PS-18760,Pamela Stobb,Consumer,United States,Philadelphia,Pennsylvania,East,TEC-MA-10002930,Technology,Machines,Ricoh - Ink Collector Unit for GX3000 Series Printers,99.585,1,-18.0385,COD
72,CA-2020-114440,14-09-2020,17-09-2020,Second Class,TB-21520,Tracy Blumstein,Consumer,United States,Jackson,Michigan,Central,OFF-PA-10004675,Office Supplies,Paper,"Telephone Message Books with Fax/Mobile Section, 5 1/2"" x 3 3/16""",145.05,3,8.763,Online
6813,CA-2020-156237,14-09-2020,15-09-2020,First Class,PS-18760,Pamela Stobb,Consumer,United States,Philadelphia,Pennsylvania,East,OFF-BI-10003707,Office Supplies,Binders,Aluminum Screw Posts,143.312,4,-12.208,Online
4430,CA-2020-147725,14-09-2020,14-09-2020,Same Day,LT-17110,Liz Thompson,Consumer,United States,Orange,New Jersey,East,OFF-AR-10001725,Office Supplies,Art,Boston Home & Office Model 2000 Electric Pencil Sharpeners,150.95,3,18.447,Online
6759,CA-2020-124205,15-09-2020,19-09-2020,Standard Class,TC-21145,Theresa Coyne,Corporate,United States,Lakewood,New Jersey,East,OFF-ST-10000934,Office Supplies,Storage,"Contico 72""H Heavy-Duty Storage System",104.96,2,0.0,Cards
6519,US-2020-116652,15-09-2020,19-09-2020,Standard Class,RD-19480,Rick Duston,Consumer,United States,San Francisco,California,West,OFF-AP-10001205,Office Supplies,Appliances,Belkin 5 Outlet SurgeMaster Power Centers,153.96,2,30.5088,Cards
5993,US-2020-163300,15-09-2020,21-09-2020,Standard Class,ES-14020,Erica Smith,Consumer,United States,Los Angeles,California,West,FUR-CH-10003396,Furniture,Chairs,Global Deluxe Steno Chair,227.752,3,-20.7846,Online
6516,US-2020-116652,15-09-2020,19-09-2020,Standard Class,RD-19480,Rick Duston,Consumer,United States,San Francisco,California,West,FUR-CH-10002961,Furniture,Chairs,"Leather Task Chair, Black",241.352,3,0.0,Online
8696,CA-2020-127096,15-09-2020,17-09-2020,Second Class,CS-12400,Christopher Schild,Home Office,United States,San Francisco,California,West,FUR-TA-10003473,Furniture,Tables,Bretford Rectangular Conference Table Tops,335.904,1,11.2839,COD
903,CA-2020-132353,15-09-2020,17-09-2020,First Class,DB-13060,Dave Brooks,Consumer,United States,Chicago,Illinois,Central,TEC-PH-10004536,Technology,Phones,Avaya 5420 Digital phone,368.976,3,20.2485,Cards
5992,US-2020-163300,15-09-2020,21-09-2020,Standard Class,ES-14020,Erica Smith,Consumer,United States,Los Angeles,California,West,TEC-PH-10001700,Technology,Phones,Panasonic KX-TG6844B Expandable Digital Cordless Telephone,416.544,7,32.3351,Online
6520,US-2020-116652,15-09-2020,19-09-2020,Standard Class,RD-19480,Rick Duston,Consumer,United States,San Francisco,California,West,OFF-BI-10004528,Office Supplies,Binders,Cardinal Poly Pocket Divider Pockets for Ring Binders,118.688,1,0.84,Cards
6975,CA-2020-146185,15-09-2020,19-09-2020,Standard Class,CC-12145,Charles Crestani,Consumer,United States,Houston,Texas,Central,OFF-AR-10002987,Office Supplies,Art,Prismacolor Color Pencil Set,122.744,2,8.3328,Online
7735,CA-2020-134418,15-09-2020,20-09-2020,Standard Class,GM-14500,Gene McClure,Consumer,United States,Seattle,Washington,West,OFF-AR-10004441,Office Supplies,Art,BIC Brite Liner Highlighters,131.42,3,5.2164,COD
627,CA-2020-163020,15-09-2020,19-09-2020,Standard Class,MO-17800,Meg O'Connel,Home Office,United States,New York City,New York,East,FUR-FU-10000221,Furniture,Furnishings,"Master Caster Door Stop, Brown",124.56,7,12.0904,Online
1539,CA-2020-121888,15-09-2020,17-09-2020,Second Class,CL-11890,Carl Ludwig,Consumer,United States,Everett,Massachusetts,East,OFF-AR-10003478,Office Supplies,Art,"Avery Hi-Liter EverBold Pen Style Fluorescent Highlighters, 4/Pack",140.28,2,6.512,Online
7920,CA-2020-139822,15-09-2020,21-09-2020,Standard Class,Dp-13240,Dean percer,Home Office,United States,Waterbury,Connecticut,East,OFF-ST-10000943,Office Supplies,Storage,Eldon ProFile File 'N Store Portable File Tub Letter/Legal Size Black,120.62,2,10.8136,Cards
439,CA-2020-130043,15-09-2020,19-09-2020,Standard Class,BB-11545,Brenda Bowman,Corporate,United States,Houston,Texas,Central,OFF-PA-10002230,Office Supplies,Paper,Xerox 1897,165.872,8,11.5536,Cards
7921,CA-2020-139822,15-09-2020,21-09-2020,Standard Class,Dp-13240,Dean percer,Home Office,United States,Waterbury,Connecticut,East,TEC-AC-10001090,Technology,Accessories,Micro Innovations Wireless Classic Keyboard with Mouse,156.98,2,10.7964,Online
6756,CA-2020-124205,15-09-2020,19-09-2020,Standard Class,TC-21145,Theresa Coyne,Corporate,United States,Lakewood,New Jersey,East,FUR-FU-10002445,Furniture,Furnishings,"DAX Two-Tone Rosewood/Black Document Frame, Desktop, 5 x 7",165.4,5,18.96,Cards
1538,CA-2020-121888,15-09-2020,17-09-2020,Second Class,CL-11890,Carl Ludwig,Consumer,United States,Everett,Massachusetts,East,TEC-PH-10000439,Technology,Phones,GE DSL Phone Line Filter,146.99,1,11.5971,COD
3457,CA-2020-136448,16-09-2020,18-09-2020,First Class,AS-10090,Adam Shillingsburg,Consumer,United States,Philadelphia,Pennsylvania,East,TEC-AC-10001109,Technology,Accessories,Logitech Trackman Marble Mouse,109.976,3,19.7934,Online
276,CA-2020-118136,16-09-2020,17-09-2020,First Class,BB-10990,Barry Blumstein,Corporate,United States,Inglewood,California,West,OFF-AR-10001427,Office Supplies,Art,Newell 330,92.98,1,1.5548,Online
9337,CA-2020-130715,16-09-2020,20-09-2020,Standard Class,CY-12745,Craig Yedwab,Corporate,United States,San Francisco,California,West,OFF-FA-10000621,Office Supplies,Fasteners,"OIC Colored Binder Clips, Assorted Sizes",110.9,5,8.771,Online
9961,CA-2020-141446,16-09-2020,18-09-2020,Second Class,CL-12700,Craig Leslie,Home Office,United States,Florence,Kentucky,South,TEC-AC-10002305,Technology,Accessories,KeyTronic E03601U1 - Keyboard - Beige,99.0,1,3.24,Cards
3034,CA-2020-134173,16-09-2020,21-09-2020,Standard Class,AB-10060,Adam Bellavance,Home Office,United States,Philadelphia,Pennsylvania,East,OFF-PA-10004355,Office Supplies,Paper,Xerox 231,109.736,4,7.2576,Online
726,CA-2020-144113,16-09-2020,20-09-2020,Standard Class,JF-15355,Jay Fein,Consumer,United States,Austin,Texas,Central,OFF-EN-10001141,Office Supplies,Envelopes,"Manila Recycled Extra-Heavyweight Clasp Envelopes, 6"" x 9""",107.568,2,6.3684,Cards
275,CA-2020-118136,16-09-2020,17-09-2020,First Class,BB-10990,Barry Blumstein,Corporate,United States,Inglewood,California,West,OFF-PA-10002615,Office Supplies,Paper,"Ampad Gold Fibre Wirebound Steno Books, 6"" x 9"", Gregg Ruled",115.82,2,4.0572,Online
3459,CA-2020-136448,16-09-2020,18-09-2020,First Class,AS-10090,Adam Shillingsburg,Consumer,United States,Philadelphia,Pennsylvania,East,OFF-BI-10002393,Office Supplies,Binders,Binder Posts,98.444,2,-2.7552,COD
3458,CA-2020-136448,16-09-2020,18-09-2020,First Class,AS-10090,Adam Shillingsburg,Consumer,United States,Philadelphia,Pennsylvania,East,FUR-FU-10003832,Furniture,Furnishings,"Eldon Expressions Punched Metal & Wood Desk Accessories, Black & Cherry",149.512,3,2.2512,Cards
3461,CA-2020-136448,16-09-2020,18-09-2020,First Class,AS-10090,Adam Shillingsburg,Consumer,United States,Philadelphia,Pennsylvania,East,TEC-AC-10003628,Technology,Accessories,Logitech 910-002974 M325 Wireless Mouse for Web Scrolling,125.984,2,14.3952,Cards
5984,CA-2020-112984,16-09-2020,18-09-2020,Second Class,EH-14185,Evan Henry,Consumer,United States,Philadelphia,Pennsylvania,East,OFF-PA-10003657,Office Supplies,Paper,Xerox 1927,142.544,6,6.42,COD
727,CA-2020-144113,16-09-2020,20-09-2020,Standard Class,JF-15355,Jay Fein,Consumer,United States,Austin,Texas,Central,TEC-PH-10002170,Technology,Phones,ClearSounds CSC500 Amplified Spirit Phone Corded phone,162.992,1,5.5992,Cards
9726,CA-2020-142293,17-09-2020,20-09-2020,First Class,SC-20380,Shahid Collister,Consumer,United States,Boise,Idaho,West,TEC-AC-10001109,Technology,Accessories,Logitech Trackman Marble Mouse,120.97,3,37.7874,COD
2305,CA-2020-157931,17-09-2020,22-09-2020,Second Class,MO-17800,Meg O'Connel,Home Office,United States,Roswell,Georgia,South,OFF-PA-10000474,Office Supplies,Paper,Easy-staple paper,133.32,3,49.9704,Cards
2653,CA-2020-112515,17-09-2020,21-09-2020,Second Class,AS-10225,Alan Schoenberger,Corporate,United States,Provo,Utah,West,OFF-BI-10003712,Office Supplies,Binders,"Acco Pressboard Covers with Storage Hooks, 14 7/8"" x 11"", Light Blue",117.784,3,4.2717,COD
7452,CA-2020-105669,17-09-2020,22-09-2020,Second Class,SJ-20125,Sanjit Jacobs,Home Office,United States,Houston,Texas,Central,OFF-BI-10002412,Office Supplies,Binders,Wilson Jones “Snap” Scratch Pad Binder Tool for Ring Binders,111.8,5,-10.15,Cards
2658,CA-2020-112515,17-09-2020,21-09-2020,Second Class,AS-10225,Alan Schoenberger,Corporate,United States,Provo,Utah,West,OFF-LA-10001175,Office Supplies,Labels,Avery 514,123.4,5,7.056,Cards
2656,CA-2020-112515,17-09-2020,21-09-2020,Second Class,AS-10225,Alan Schoenberger,Corporate,United States,Provo,Utah,West,OFF-BI-10004233,Office Supplies,Binders,"GBC Pre-Punched Binding Paper, Plastic, White, 8-1/2"" x 11""",126.584,2,8.9544,Online
7450,CA-2020-105669,17-09-2020,22-09-2020,Second Class,SJ-20125,Sanjit Jacobs,Home Office,United States,Houston,Texas,Central,OFF-AR-10000390,Office Supplies,Art,Newell Chalk Holder,133.912,3,3.2214,Online
8879,CA-2020-126928,17-09-2020,23-09-2020,Standard Class,GZ-14470,Gary Zandusky,Consumer,United States,Morristown,New Jersey,East,OFF-ST-10000615,Office Supplies,Storage,"SimpliFile Personal File, Black Granite, 15w x 6-15/16d x 11-1/4h",121.05,3,9.534,Online
2652,CA-2020-112515,17-09-2020,21-09-2020,Second Class,AS-10225,Alan Schoenberger,Corporate,United States,Provo,Utah,West,OFF-BI-10000829,Office Supplies,Binders,Avery Non-Stick Binders,119.776,3,3.5022,Cards
2268,CA-2020-137470,17-09-2020,17-09-2020,Same Day,TP-21415,Tom Prescott,Consumer,United States,Seattle,Washington,West,OFF-PA-10002001,Office Supplies,Paper,Xerox 1984,135.96,2,6.3504,COD
5413,CA-2020-166856,18-09-2020,22-09-2020,Standard Class,TS-21505,Tony Sayre,Consumer,United States,Clovis,New Mexico,West,TEC-AC-10004992,Technology,Accessories,Kingston Digital DataTraveler 64GB USB 2.0,111.34,3,8.1072,COD
6890,CA-2020-164756,18-09-2020,22-09-2020,Standard Class,SS-20140,Saphhira Shifley,Corporate,United States,Columbus,Georgia,South,TEC-PH-10001552,Technology,Phones,I Need's 3d Hello Kitty Hybrid Silicone Case Cover for HTC One X 4g with 3d Hello Kitty Stylus Pen Green/pink,136.68,8,26.7904,Online
7732,CA-2020-140508,18-09-2020,21-09-2020,First Class,PA-19060,Pete Armstrong,Home Office,United States,Dallas,Texas,Central,OFF-EN-10000927,Office Supplies,Envelopes,Jet-Pak Recycled Peel 'N' Seal Padded Mailers,136.848,4,35.89,COD
6892,CA-2020-164756,18-09-2020,22-09-2020,Standard Class,SS-20140,Saphhira Shifley,Corporate,United States,Columbus,Georgia,South,OFF-AR-10000380,Office Supplies,Art,"Hunt PowerHouse Electric Pencil Sharpener, Blue",155.94,3,34.182,COD
3914,CA-2020-148068,18-09-2020,25-09-2020,Standard Class,MM-18280,Muhammed MacIntyre,Corporate,United States,New York City,New York,East,FUR-FU-10002268,Furniture,Furnishings,Ultra Door Push Plate,102.82,2,3.2406,Cards
5412,CA-2020-166856,18-09-2020,22-09-2020,Standard Class,TS-21505,Tony Sayre,Consumer,United States,Clovis,New Mexico,West,OFF-BI-10002012,Office Supplies,Binders,Wilson Jones Easy Flow II Sheet Lifters,108.08,7,3.528,Cards
3913,CA-2020-148068,18-09-2020,25-09-2020,Standard Class,MM-18280,Muhammed MacIntyre,Corporate,United States,New York City,New York,East,OFF-PA-10001639,Office Supplies,Paper,Xerox 203,99.44,3,9.3312,COD
142,CA-2020-106180,18-09-2020,23-09-2020,Standard Class,SH-19975,Sally Hughsby,Corporate,United States,San Francisco,California,West,OFF-AR-10000940,Office Supplies,Art,Newell 343,116.82,3,2.3814,COD
5324,CA-2020-134439,18-09-2020,23-09-2020,Second Class,TM-21010,Tamara Manning,Consumer,United States,Grand Island,Nebraska,Central,OFF-PA-10004082,Office Supplies,Paper,"Adams Telephone Message Book w/Frequently-Called Numbers Space, 400 Messages per Book",99.96,2,7.98,Online
2823,CA-2020-131016,18-09-2020,20-09-2020,First Class,DC-12850,Dan Campbell,Consumer,United States,Arlington,Texas,Central,OFF-AR-10000122,Office Supplies,Art,Newell 314,99.928,2,0.558,Cards
760,CA-2020-133333,18-09-2020,22-09-2020,Standard Class,BF-11020,Barry Französisch,Corporate,United States,Green Bay,Wisconsin,Central,OFF-PA-10002377,Office Supplies,Paper,"Adams Telephone Message Book W/Dividers/Space For Phone Numbers, 5 1/4""X8 1/2"", 200/Messages",134.72,4,10.224,COD
143,CA-2020-106180,18-09-2020,23-09-2020,Standard Class,SH-19975,Sally Hughsby,Corporate,United States,San Francisco,California,West,OFF-EN-10004030,Office Supplies,Envelopes,Convenience Packs of Business Envelopes,119.86,3,5.1042,COD
6894,CA-2020-164756,18-09-2020,22-09-2020,Standard Class,SS-20140,Saphhira Shifley,Corporate,United States,Columbus,Georgia,South,FUR-FU-10002963,Furniture,Furnishings,"Master Caster Door Stop, Gray",146.32,4,6.9088,Cards
6893,CA-2020-164756,18-09-2020,22-09-2020,Standard Class,SS-20140,Saphhira Shifley,Corporate,United States,Columbus,Georgia,South,OFF-PA-10003848,Office Supplies,Paper,Xerox 1997,144.92,4,12.4416,COD
2824,CA-2020-131016,18-09-2020,20-09-2020,First Class,DC-12850,Dan Campbell,Consumer,United States,Arlington,Texas,Central,OFF-ST-10000352,Office Supplies,Storage,Acco Perma 2700 Stacking Storage Drawers,153.584,2,-2.974,Cards
6896,CA-2020-164756,18-09-2020,22-09-2020,Standard Class,SS-20140,Saphhira Shifley,Corporate,United States,Columbus,Georgia,South,OFF-SU-10004261,Office Supplies,Supplies,"Fiskars 8"" Scissors, 2/Pack",167.48,2,9.9992,Online
6891,CA-2020-164756,18-09-2020,22-09-2020,Standard Class,SS-20140,Saphhira Shifley,Corporate,United States,Columbus,Georgia,South,OFF-PA-10000673,Office Supplies,Paper,"Post-it “Important Message” Note Pad, Neon Colors, 50 Sheets/Pad",137.96,7,24.4608,Cards
6972,CA-2020-153822,19-09-2020,25-09-2020,Standard Class,AB-10105,Adrian Barton,Consumer,United States,Phoenix,Arizona,West,TEC-AC-10000109,Technology,Accessories,Sony Micro Vault Click 16 GB USB 2.0 Flash Drive,113.584,2,4.4792,Online
44,CA-2020-139619,19-09-2020,23-09-2020,Standard Class,ES-14080,Erin Smith,Corporate,United States,Melbourne,Florida,South,OFF-ST-10003282,Office Supplies,Storage,"Advantus 10-Drawer Portable Organizer, Chrome Metal Frame, Smoke Drawers",123.616,2,9.5616,Cards
6721,CA-2020-102974,19-09-2020,24-09-2020,Standard Class,DP-13105,Dave Poirier,Corporate,United States,Los Angeles,California,West,TEC-AC-10000057,Technology,Accessories,Microsoft Natural Ergonomic Keyboard 4000,177.95,5,31.4895,COD
6119,CA-2020-143378,19-09-2020,25-09-2020,Standard Class,JR-16210,Justin Ritter,Corporate,United States,Springfield,Oregon,West,TEC-PH-10001425,Technology,Phones,Mophie Juice Pack Helium for iPhone,216.976,3,19.1976,Cards
6973,CA-2020-153822,19-09-2020,25-09-2020,Standard Class,AB-10105,Adrian Barton,Consumer,United States,Phoenix,Arizona,West,TEC-PH-10002415,Technology,Phones,Polycom VoiceStation 500 Conference phone,511.92,2,29.495,Cards
7791,CA-2020-160801,19-09-2020,19-09-2020,Same Day,FG-14260,Frank Gastineau,Home Office,United States,Philadelphia,Pennsylvania,East,OFF-BI-10001132,Office Supplies,Binders,"Acco PRESSTEX Data Binder with Storage Hooks, Dark Blue, 9 1/2"" X 11""",84.842,3,-3.3894,Cards
6723,CA-2020-102974,19-09-2020,24-09-2020,Standard Class,DP-13105,Dave Poirier,Corporate,United States,Los Angeles,California,West,OFF-AR-10004956,Office Supplies,Art,Newell 33,100.74,3,4.8546,COD
6974,CA-2020-153822,19-09-2020,25-09-2020,Standard Class,AB-10105,Adrian Barton,Consumer,United States,Phoenix,Arizona,West,OFF-BI-10001460,Office Supplies,Binders,Plastic Binding Combs,99.18,4,-13.938,Online
6971,CA-2020-153822,19-09-2020,25-09-2020,Standard Class,AB-10105,Adrian Barton,Consumer,United States,Phoenix,Arizona,West,OFF-ST-10000321,Office Supplies,Storage,Akro Stacking Bins,135.624,2,-2.5248,Online
6722,CA-2020-102974,19-09-2020,24-09-2020,Standard Class,DP-13105,Dave Poirier,Corporate,United States,Los Angeles,California,West,OFF-AR-10000914,Office Supplies,Art,Boston 16765 Mini Stand Up Battery Pencil Sharpener,146.32,2,6.0632,Online
6120,CA-2020-143378,19-09-2020,25-09-2020,Standard Class,JR-16210,Justin Ritter,Corporate,United States,Springfield,Oregon,West,OFF-AR-10001915,Office Supplies,Art,Peel-Off China Markers,131.832,3,6.5538,Online
6490,US-2020-148866,19-09-2020,24-09-2020,Standard Class,JM-15535,Jessica Myrick,Consumer,United States,New York City,New York,East,OFF-PA-10004782,Office Supplies,Paper,Xerox 228,128.4,5,15.552,Cards
6770,CA-2020-139787,19-09-2020,23-09-2020,Standard Class,JP-16135,Julie Prescott,Home Office,United States,Columbus,Georgia,South,OFF-AR-10002445,Office Supplies,Art,SANFORD Major Accent Highlighters,158.4,5,13.452,COD
6094,CA-2020-100111,20-09-2020,26-09-2020,Standard Class,SV-20365,Seth Vernon,Consumer,United States,New York City,New York,East,TEC-AC-10001465,Technology,Accessories,SanDisk Cruzer 64 GB USB Flash Drive,113.64,2,21.792,Online
6097,CA-2020-100111,20-09-2020,26-09-2020,Standard Class,SV-20365,Seth Vernon,Consumer,United States,New York City,New York,East,FUR-CH-10003061,Furniture,Chairs,"Global Leather Task Chair, Black",116.991,1,8.0991,COD
6103,CA-2020-100111,20-09-2020,26-09-2020,Standard Class,SV-20365,Seth Vernon,Consumer,United States,New York City,New York,East,TEC-PH-10000215,Technology,Phones,Plantronics Cordless Phone Headset with In-line Volume - M214C,124.85,3,28.3095,Online
6091,CA-2020-100111,20-09-2020,26-09-2020,Standard Class,SV-20365,Seth Vernon,Consumer,United States,New York City,New York,East,FUR-CH-10003846,Furniture,Chairs,Hon Valutask Swivel Chairs,318.646,3,18.1764,COD
6098,CA-2020-100111,20-09-2020,26-09-2020,Standard Class,SV-20365,Seth Vernon,Consumer,United States,New York City,New York,East,OFF-BI-10000343,Office Supplies,Binders,"Pressboard Covers with Storage Hooks, 9 1/2"" x 11"", Light Blue",119.784,3,3.9771,Online
6099,CA-2020-100111,20-09-2020,26-09-2020,Standard Class,SV-20365,Seth Vernon,Consumer,United States,New York City,New York,East,OFF-FA-10000304,Office Supplies,Fasteners,Advantus Push Pins,108.36,2,1.7876,COD
6096,CA-2020-100111,20-09-2020,26-09-2020,Standard Class,SV-20365,Seth Vernon,Consumer,United States,New York City,New York,East,OFF-PA-10002713,Office Supplies,Paper,"Adams Phone Message Book, 200 Message Capacity, 8 1/16” x 11”",122.76,2,6.3296,Online
6093,CA-2020-100111,20-09-2020,26-09-2020,Standard Class,SV-20365,Seth Vernon,Consumer,United States,New York City,New York,East,OFF-PA-10000807,Office Supplies,Paper,"TOPS ""Important Message"" Pads, Canary, 4-1/4 x 5-1/2, 50 Sheets per Pad",142.52,9,18.1044,COD
6104,CA-2020-100111,20-09-2020,26-09-2020,Standard Class,SV-20365,Seth Vernon,Consumer,United States,New York City,New York,East,TEC-AC-10001998,Technology,Accessories,Logitech LS21 Speaker System - PC Multimedia - 2.1-CH - Wired,170.97,3,20.3898,COD
6095,CA-2020-100111,20-09-2020,26-09-2020,Standard Class,SV-20365,Seth Vernon,Consumer,United States,New York City,New York,East,OFF-ST-10000615,Office Supplies,Storage,"SimpliFile Personal File, Black Granite, 15w x 6-15/16d x 11-1/4h",154.4,4,12.712,Online
5402,CA-2020-132262,21-09-2020,23-09-2020,First Class,ML-18265,Muhammed Lee,Consumer,United States,Seattle,Washington,West,TEC-AC-10000303,Technology,Accessories,Logitech M510 Wireless Mouse,122.98,2,26.3934,Online
4263,CA-2020-123351,21-09-2020,25-09-2020,Standard Class,KT-16480,Kean Thornton,Consumer,United States,Columbus,Georgia,South,OFF-AP-10001242,Office Supplies,Appliances,APC 7 Outlet Network SurgeArrest Surge Protector,125.48,1,24.144,COD
4757,CA-2020-169817,21-09-2020,25-09-2020,Standard Class,EB-13870,Emily Burns,Consumer,United States,Philadelphia,Pennsylvania,East,OFF-BI-10004141,Office Supplies,Binders,Insertable Tab Indexes For Data Binders,104.908,2,-1.5264,COD
6004,US-2020-146878,21-09-2020,27-09-2020,Standard Class,DL-12865,Dan Lawera,Consumer,United States,Miami,Florida,South,OFF-BI-10002794,Office Supplies,Binders,"Avery Trapezoid Ring Binder, 3"" Capacity, Black, 1040 sheets",111.294,1,-8.6058,COD
7338,CA-2020-165155,21-09-2020,23-09-2020,First Class,BM-11575,Brendan Murry,Corporate,United States,Los Angeles,California,West,OFF-ST-10004950,Office Supplies,Storage,"Tenex Personal Filing Tote With Secure Closure Lid, Black/Frost",146.51,1,3.8775,COD
796,CA-2020-151428,21-09-2020,26-09-2020,Standard Class,RH-19495,Rick Hansen,Consumer,United States,Rochester,Minnesota,Central,OFF-BI-10000546,Office Supplies,Binders,Avery Durable Binders,123.16,7,9.8784,Online
8524,CA-2020-133074,21-09-2020,25-09-2020,Standard Class,DB-13615,Doug Bickford,Consumer,United States,San Francisco,California,West,OFF-PA-10004082,Office Supplies,Paper,"Adams Telephone Message Book w/Frequently-Called Numbers Space, 400 Messages per Book",165.86,7,27.93,COD
5401,CA-2020-132262,21-09-2020,23-09-2020,First Class,ML-18265,Muhammed Lee,Consumer,United States,Seattle,Washington,West,TEC-AC-10000158,Technology,Accessories,Sony 64GB Class 10 Micro SDHC R40 Memory Card,172.98,2,15.1158,Online
5546,CA-2020-102967,22-09-2020,26-09-2020,Standard Class,MG-17890,Michael Granlund,Home Office,United States,Concord,New Hampshire,East,OFF-ST-10001590,Office Supplies,Storage,"Tenex Personal Project File with Scoop Front Design, Black",109.4,5,17.524,COD
1805,CA-2020-158379,22-09-2020,26-09-2020,Second Class,JA-15970,Joseph Airdo,Consumer,United States,Philadelphia,Pennsylvania,East,TEC-AC-10002926,Technology,Accessories,Logitech Wireless Marathon Mouse M705,110.984,2,22.9954,COD
1787,CA-2020-166317,22-09-2020,26-09-2020,Standard Class,JE-15610,Jim Epp,Corporate,United States,Milwaukee,Wisconsin,Central,TEC-PH-10001615,Technology,Phones,AT&T CL82213,136.97,3,25.2213,Online
1785,CA-2020-166317,22-09-2020,26-09-2020,Standard Class,JE-15610,Jim Epp,Corporate,United States,Milwaukee,Wisconsin,Central,TEC-AC-10004510,Technology,Accessories,Logitech Desktop MK120 Mouse and keyboard Combo,142.16,6,9.816,Online
2123,CA-2020-167381,22-09-2020,24-09-2020,Second Class,EH-14005,Erica Hernandez,Home Office,United States,Lansing,Michigan,Central,FUR-BO-10001972,Furniture,Bookcases,O'Sullivan 4-Shelf Bookcase in Odessa Pine,252.96,2,41.1332,Online
7039,CA-2020-161970,22-09-2020,27-09-2020,Standard Class,PB-19105,Peter Bühler,Consumer,United States,Smyrna,Georgia,South,OFF-AR-10003896,Office Supplies,Art,"Stride Job 150 Highlighters, Chisel Tip, Assorted Colors",111.94,3,6.4584,COD
7038,CA-2020-161970,22-09-2020,27-09-2020,Standard Class,PB-19105,Peter Bühler,Consumer,United States,Smyrna,Georgia,South,OFF-PA-10004255,Office Supplies,Paper,Xerox 219,114.96,2,6.2208,COD
3211,US-2020-108245,22-09-2020,27-09-2020,Standard Class,SH-19975,Sally Hughsby,Corporate,United States,Pearland,Texas,Central,OFF-EN-10001415,Office Supplies,Envelopes,Staple envelope,102.392,3,5.022,COD
1803,CA-2020-158379,22-09-2020,26-09-2020,Second Class,JA-15970,Joseph Airdo,Consumer,United States,Philadelphia,Pennsylvania,East,OFF-BI-10002498,Office Supplies,Binders,Clear Mylar Reinforcing Strips,94.607,1,-4.2987,COD
9055,CA-2020-117009,22-09-2020,28-09-2020,Standard Class,BK-11260,Berenike Kampe,Consumer,United States,Santa Ana,California,West,OFF-SU-10001218,Office Supplies,Supplies,Fiskars Softgrip Scissors,123.96,2,6.1488,Online
3212,US-2020-108245,22-09-2020,27-09-2020,Standard Class,SH-19975,Sally Hughsby,Corporate,United States,Pearland,Texas,Central,OFF-BI-10000773,Office Supplies,Binders,Insertable Tab Post Binder Dividers,112.228,7,-18.5262,COD
3850,CA-2020-161053,22-09-2020,23-09-2020,First Class,JE-15745,Joel Eaton,Consumer,United States,Fayetteville,Arkansas,South,TEC-AC-10004633,Technology,Accessories,"Verbatim 25 GB 6x Blu-ray Single Layer Recordable Disc, 3/Pack",131.95,5,15.378,COD
9409,CA-2020-162789,22-09-2020,24-09-2020,Second Class,LC-17140,Logan Currie,Consumer,United States,New York City,New York,East,FUR-FU-10004864,Furniture,Furnishings,Eldon 500 Class Desk Accessories,140.07,1,3.9831,Online
5707,CA-2020-136000,22-09-2020,25-09-2020,Second Class,SC-20440,Shaun Chance,Corporate,United States,New York City,New York,East,OFF-BI-10004828,Office Supplies,Binders,GBC Poly Designer Binding Covers,113.176,3,14.5638,Online
4428,US-2020-103226,22-09-2020,28-09-2020,Standard Class,DW-13195,David Wiener,Corporate,United States,Albuquerque,New Mexico,West,OFF-PA-10002666,Office Supplies,Paper,Southworth 25% Cotton Linen-Finish Paper & Envelopes,142.18,3,12.231,COD
2124,CA-2020-167381,22-09-2020,24-09-2020,Second Class,EH-14005,Erica Hernandez,Home Office,United States,Lansing,Michigan,Central,OFF-LA-10000134,Office Supplies,Labels,Avery 511,149.72,9,13.3056,COD
1786,CA-2020-166317,22-09-2020,26-09-2020,Standard Class,JE-15610,Jim Epp,Corporate,United States,Milwaukee,Wisconsin,Central,OFF-BI-10002976,Office Supplies,Binders,ACCOHIDE Binder by Acco,130.04,8,15.5288,COD
9326,CA-2020-121853,23-09-2020,29-09-2020,Standard Class,DB-13660,Duane Benoit,Consumer,United States,Los Angeles,California,West,OFF-BI-10000977,Office Supplies,Binders,Ibico Plastic Spiral Binding Combs,122.96,3,23.712,COD
1078,CA-2020-132521,23-09-2020,25-09-2020,Second Class,DW-13540,Don Weiss,Consumer,United States,Seattle,Washington,West,OFF-AP-10002191,Office Supplies,Appliances,Belkin 8 Outlet SurgeMaster II Gold Surge Protector,137.96,2,33.5888,COD
3373,CA-2020-123778,23-09-2020,30-09-2020,Standard Class,BS-11755,Bruce Stewart,Consumer,United States,San Francisco,California,West,OFF-AP-10001242,Office Supplies,Appliances,APC 7 Outlet Network SurgeArrest Surge Protector,203.96,2,48.288,Online
1080,CA-2020-132521,23-09-2020,25-09-2020,Second Class,DW-13540,Don Weiss,Consumer,United States,Seattle,Washington,West,OFF-BI-10000404,Office Supplies,Binders,Avery Printable Repositionable Plastic Tabs,100.88,1,2.322,COD
9627,CA-2020-103520,23-09-2020,25-09-2020,First Class,MH-17785,Maya Herman,Corporate,United States,Lubbock,Texas,Central,OFF-PA-10001846,Office Supplies,Paper,Xerox 1899,95.248,2,3.3524,Online
2329,CA-2020-138422,23-09-2020,26-09-2020,First Class,KN-16705,Kristina Nunn,Home Office,United States,Fort Collins,Colorado,West,OFF-EN-10004147,Office Supplies,Envelopes,Wausau Papers Astrobrights Colored Envelopes,130.352,3,5.2026,COD
1079,CA-2020-132521,23-09-2020,25-09-2020,Second Class,DW-13540,Don Weiss,Consumer,United States,Seattle,Washington,West,OFF-ST-10001325,Office Supplies,Storage,Sterilite Officeware Hinged File Box,134.44,3,8.4888,Online
9254,CA-2020-102309,23-09-2020,25-09-2020,Second Class,DO-13645,Doug O'Connell,Consumer,United States,Pine Bluff,Arkansas,South,OFF-PA-10002005,Office Supplies,Paper,Xerox 225,115.96,2,6.2208,Online
3372,CA-2020-123778,23-09-2020,30-09-2020,Standard Class,BS-11755,Bruce Stewart,Consumer,United States,San Francisco,California,West,OFF-BI-10000822,Office Supplies,Binders,"Acco PRESSTEX Data Binder with Storage Hooks, Light Blue, 9 1/2"" X 11""",144.824,6,9.0384,COD
5416,US-2020-125647,23-09-2020,28-09-2020,Standard Class,LC-16870,Lena Cacioppo,Consumer,United States,Chicago,Illinois,Central,OFF-PA-10004888,Office Supplies,Paper,Xerox 217,123.736,4,7.2576,Online
3177,US-2020-132059,23-09-2020,29-09-2020,Standard Class,AP-10915,Arthur Prichep,Consumer,United States,Fort Collins,Colorado,West,TEC-AC-10003280,Technology,Accessories,Belkin F8E887 USB Wired Ergonomic Keyboard,132.984,2,0.5998,COD
5417,US-2020-125647,23-09-2020,28-09-2020,Standard Class,LC-16870,Lena Cacioppo,Consumer,United States,Chicago,Illinois,Central,TEC-PH-10004188,Technology,Phones,OtterBox Commuter Series Case - Samsung Galaxy S4,157.984,2,-8.9964,COD
1269,CA-2020-121412,23-09-2020,27-09-2020,Standard Class,BG-11695,Brooke Gillingham,Corporate,United States,Louisville,Colorado,West,FUR-FU-10000246,Furniture,Furnishings,Aluminum Document Frame,133.328,3,3.666,COD
8835,US-2020-132675,24-09-2020,28-09-2020,Standard Class,KF-16285,Karen Ferguson,Home Office,United States,Sandy Springs,Georgia,South,TEC-PH-10003171,Technology,Phones,Plantronics Encore H101 Dual Earpieces Headset,106.9,2,25.172,COD
3494,CA-2020-142034,24-09-2020,28-09-2020,Standard Class,KB-16240,Karen Bern,Corporate,United States,Saint Cloud,Minnesota,Central,TEC-AC-10002305,Technology,Accessories,KeyTronic E03601U1 - Keyboard - Beige,112.0,4,12.96,COD
718,CA-2020-108910,24-09-2020,29-09-2020,Standard Class,KC-16540,Kelly Collister,Consumer,United States,Newark,Ohio,East,FUR-FU-10002253,Furniture,Furnishings,"Howard Miller 13"" Diameter Pewter Finish Round Wall Clock",129.056,3,24.4758,COD
7923,CA-2020-134096,24-09-2020,29-09-2020,Standard Class,PP-18955,Paul Prost,Home Office,United States,Hollywood,Florida,South,TEC-PH-10000526,Technology,Phones,Vtech CS6719,433.96,5,38.396,COD
9695,CA-2020-130148,24-09-2020,28-09-2020,Second Class,NK-18490,Neil Knudson,Home Office,United States,San Francisco,California,West,OFF-SU-10001574,Office Supplies,Supplies,Acme Value Line Scissors,109.3,2,2.19,COD
9354,CA-2020-148411,24-09-2020,26-09-2020,First Class,RO-19780,Rose O'Brian,Consumer,United States,Chicago,Illinois,Central,OFF-PA-10002109,Office Supplies,Paper,Wirebound Voice Message Log Book,113.424,3,3.7128,Online
8837,US-2020-132675,24-09-2020,28-09-2020,Standard Class,KF-16285,Karen Ferguson,Home Office,United States,Sandy Springs,Georgia,South,OFF-AR-10000034,Office Supplies,Art,"BIC Brite Liner Grip Highlighters, Assorted, 5/Pack",98.72,3,4.9608,COD
7924,CA-2020-134096,24-09-2020,29-09-2020,Standard Class,PP-18955,Paul Prost,Home Office,United States,Hollywood,Florida,South,OFF-BI-10004002,Office Supplies,Binders,Wilson Jones International Size A4 Ring Binders,94.57,3,-11.418,COD
8838,US-2020-132675,24-09-2020,28-09-2020,Standard Class,KF-16285,Karen Ferguson,Home Office,United States,Sandy Springs,Georgia,South,OFF-LA-10003766,Office Supplies,Labels,Self-Adhesive Removable Labels,97.75,5,7.56,COD
8836,US-2020-132675,24-09-2020,28-09-2020,Standard Class,KF-16285,Karen Ferguson,Home Office,United States,Sandy Springs,Georgia,South,OFF-AR-10000614,Office Supplies,Art,Barrel Sharpener,103.28,4,3.7128,COD
8834,US-2020-132675,24-09-2020,28-09-2020,Standard Class,KF-16285,Karen Ferguson,Home Office,United States,Sandy Springs,Georgia,South,OFF-ST-10004950,Office Supplies,Storage,"Tenex Personal Filing Tote With Secure Closure Lid, Black/Frost",127.51,1,3.8775,COD
634,CA-2020-144694,24-09-2020,26-09-2020,Second Class,BD-11605,Brian Dahlen,Consumer,United States,Miami,Florida,South,TEC-AC-10002857,Technology,Accessories,"Verbatim 25 GB 6x Blu-ray Single Layer Recordable Disc, 1/Pack",114.88,3,2.4585,COD
5184,CA-2020-163335,24-09-2020,27-09-2020,First Class,AG-10675,Anna Gayman,Consumer,United States,Columbus,Georgia,South,OFF-ST-10000885,Office Supplies,Storage,Fellowes Desktop Hanging File Manager,154.29,3,10.0725,COD
5185,CA-2020-163335,24-09-2020,27-09-2020,First Class,AG-10675,Anna Gayman,Consumer,United States,Columbus,Georgia,South,OFF-BI-10002827,Office Supplies,Binders,Avery Durable Poly Binders,127.71,7,17.8066,Online
9694,CA-2020-130148,24-09-2020,28-09-2020,Second Class,NK-18490,Neil Knudson,Home Office,United States,San Francisco,California,West,OFF-PA-10000551,Office Supplies,Paper,Array Memo Cubes,150.08,6,15.2292,Online
3143,CA-2020-162572,25-09-2020,27-09-2020,Second Class,RB-19360,Raymond Buch,Consumer,United States,Cincinnati,Ohio,East,TEC-AC-10003628,Technology,Accessories,Logitech 910-002974 M325 Wireless Mouse for Web Scrolling,161.96,5,35.988,COD
5715,CA-2020-116939,25-09-2020,29-09-2020,Standard Class,AG-10900,Arthur Gainer,Consumer,United States,Richmond,Virginia,South,OFF-ST-10001476,Office Supplies,Storage,Steel Personal Filing/Posting Tote,191.55,5,47.9385,Online
2036,CA-2020-162481,25-09-2020,29-09-2020,Standard Class,CT-11995,Carol Triggs,Consumer,United States,Rochester,Minnesota,Central,FUR-CH-10003061,Furniture,Chairs,"Global Leather Task Chair, Black",285.97,3,51.2943,Online
2035,CA-2020-162481,25-09-2020,29-09-2020,Standard Class,CT-11995,Carol Triggs,Consumer,United States,Rochester,Minnesota,Central,OFF-BI-10002976,Office Supplies,Binders,ACCOHIDE Binder by Acco,109.26,2,3.8822,COD
7086,CA-2020-112004,25-09-2020,28-09-2020,First Class,AH-10075,Adam Hart,Corporate,United States,Chester,Pennsylvania,East,OFF-BI-10003476,Office Supplies,Binders,Avery Metallic Poly Binders,85.595,5,-6.303,Cards
364,CA-2020-144904,25-09-2020,01-10-2020,Standard Class,KW-16435,Katrina Willman,Consumer,United States,New York City,New York,East,OFF-AR-10003732,Office Supplies,Art,Newell 333,115.56,2,1.4456,Online
3144,CA-2020-162572,25-09-2020,27-09-2020,Second Class,RB-19360,Raymond Buch,Consumer,United States,Cincinnati,Ohio,East,OFF-AR-10001547,Office Supplies,Art,Newell 311,131.608,6,0.9282,Online
362,CA-2020-144904,25-09-2020,01-10-2020,Standard Class,KW-16435,Katrina Willman,Consumer,United States,New York City,New York,East,OFF-LA-10001158,Office Supplies,Labels,"Avery Address/Shipping Labels for Typewriters, 4"" x 2""",123.7,2,9.936,Online
7871,CA-2020-122112,25-09-2020,29-09-2020,Standard Class,CA-11965,Carol Adams,Corporate,United States,Lakewood,Ohio,East,OFF-EN-10004459,Office Supplies,Envelopes,Security-Tint Envelopes,135.448,4,8.8624,COD
5152,CA-2020-169929,25-09-2020,28-09-2020,First Class,LS-17200,Luke Schmidt,Corporate,United States,Helena,Montana,West,OFF-ST-10002352,Office Supplies,Storage,Iris Project Case,154.9,5,10.374,Cards
365,CA-2020-144904,25-09-2020,01-10-2020,Standard Class,KW-16435,Katrina Willman,Consumer,United States,New York City,New York,East,FUR-FU-10000023,Furniture,Furnishings,Eldon Wave Desk Accessories,164.12,8,20.7328,Cards
7763,CA-2020-156391,26-09-2020,28-09-2020,First Class,SL-20155,Sara Luxemburg,Home Office,United States,Salem,Oregon,West,OFF-AR-10003251,Office Supplies,Art,Prang Drawing Pencil Set,88.224,1,0.556,Online
7528,US-2020-106145,26-09-2020,26-09-2020,Same Day,RA-19885,Ruben Ausman,Corporate,United States,San Francisco,California,West,FUR-FU-10003829,Furniture,Furnishings,Stackable Trays,112.24,3,2.9568,Online
7530,US-2020-106145,26-09-2020,26-09-2020,Same Day,RA-19885,Ruben Ausman,Corporate,United States,San Francisco,California,West,OFF-BI-10002215,Office Supplies,Binders,"Wilson Jones Hanging View Binder, White, 1""",90.04,3,5.538,Cards
7529,US-2020-106145,26-09-2020,26-09-2020,Same Day,RA-19885,Ruben Ausman,Corporate,United States,San Francisco,California,West,OFF-PA-10002245,Office Supplies,Paper,Xerox 1895,117.88,6,16.146,COD
7527,US-2020-106145,26-09-2020,26-09-2020,Same Day,RA-19885,Ruben Ausman,Corporate,United States,San Francisco,California,West,OFF-EN-10001028,Office Supplies,Envelopes,Staple envelope,181.88,6,33.0648,COD
4465,US-2020-125717,28-09-2020,01-10-2020,First Class,DS-13030,Darrin Sayre,Home Office,United States,Aurora,Colorado,West,OFF-AP-10000891,Office Supplies,Appliances,Kensington 7 Outlet MasterPiece HOMEOFFICE Power Control Center,254.792,2,26.224,Online
5462,CA-2020-101574,28-09-2020,04-10-2020,Standard Class,BD-11725,Bruce Degenhardt,Consumer,United States,Los Angeles,California,West,FUR-FU-10001706,Furniture,Furnishings,Longer-Life Soft White Bulbs,80.24,3,4.4352,Cards
6321,CA-2020-160017,28-09-2020,02-10-2020,Standard Class,SP-20860,Sung Pak,Corporate,United States,Jacksonville,Florida,South,OFF-PA-10001800,Office Supplies,Paper,Xerox 220,108.368,2,3.6288,Online
8054,CA-2020-152205,28-09-2020,05-10-2020,Standard Class,SF-20965,Sylvia Foulston,Corporate,United States,Philadelphia,Pennsylvania,East,OFF-BI-10004094,Office Supplies,Binders,GBC Standard Plastic Binding Systems Combs,97.655,1,-1.8585,Online
4464,US-2020-125717,28-09-2020,01-10-2020,First Class,DS-13030,Darrin Sayre,Home Office,United States,Aurora,Colorado,West,OFF-PA-10003022,Office Supplies,Paper,Xerox 1992,93.352,3,5.2026,Online
1069,US-2020-139955,28-09-2020,30-09-2020,Second Class,CM-12160,Charles McCrossin,Consumer,United States,Brownsville,Texas,Central,OFF-SU-10001935,Office Supplies,Supplies,Staple remover,110.744,1,-0.3488,Online
4462,US-2020-125717,28-09-2020,01-10-2020,First Class,DS-13030,Darrin Sayre,Home Office,United States,Aurora,Colorado,West,TEC-AC-10003657,Technology,Accessories,Lenovo 17-Key USB Numeric Keypad,142.384,2,1.3596,COD
4460,US-2020-125717,28-09-2020,01-10-2020,First Class,DS-13030,Darrin Sayre,Home Office,United States,Aurora,Colorado,West,FUR-FU-10001979,Furniture,Furnishings,Dana Halogen Swing-Arm Architect Lamp,154.776,1,3.2776,COD
4472,CA-2020-121300,29-09-2020,29-09-2020,Same Day,MG-17680,Maureen Gastineau,Home Office,United States,Mentor,Ohio,East,FUR-CH-10003774,Furniture,Chairs,"Global Wood Trimmed Manager's Task Chair, Khaki",100.686,1,-15.4666,COD
5794,CA-2020-140186,29-09-2020,02-10-2020,First Class,PG-18820,Patrick Gardner,Consumer,United States,Bakersfield,California,West,FUR-FU-10004848,Furniture,Furnishings,"Howard Miller 13-3/4"" Diameter Brushed Chrome Round Wall Clock",101.75,1,15.525,Cards
9802,CA-2020-137918,29-09-2020,06-10-2020,Standard Class,JK-15730,Joe Kamberova,Consumer,United States,Lodi,California,West,OFF-SU-10000898,Office Supplies,Supplies,"Acme Hot Forged Carbon Steel Scissors with Nickel-Plated Handles, 3 7/8"" Cut, 8""L",109.3,7,28.217,COD
5793,CA-2020-140186,29-09-2020,02-10-2020,First Class,PG-18820,Patrick Gardner,Consumer,United States,Bakersfield,California,West,OFF-AP-10002578,Office Supplies,Appliances,"Fellowes Premier Superior Surge Suppressor, 10-Outlet, With Phone and Remote",115.84,2,25.4384,Online
7663,US-2020-141509,29-09-2020,01-10-2020,First Class,SC-20575,Sonia Cooley,Consumer,United States,Los Angeles,California,West,OFF-AR-10002067,Office Supplies,Art,Newell 334,149.2,5,25.792,Cards
987,CA-2020-100314,29-09-2020,05-10-2020,Standard Class,AS-10630,Ann Steele,Home Office,United States,Pasadena,Texas,Central,TEC-MA-10003066,Technology,Machines,Wasp CCD Handheld Bar Code Reader,370.51,3,44.868,Cards
4475,CA-2020-121300,29-09-2020,29-09-2020,Same Day,MG-17680,Maureen Gastineau,Home Office,United States,Mentor,Ohio,East,OFF-PA-10002787,Office Supplies,Paper,Xerox 227,85.552,3,5.4432,Cards
985,CA-2020-100314,29-09-2020,05-10-2020,Standard Class,AS-10630,Ann Steele,Home Office,United States,Pasadena,Texas,Central,OFF-LA-10001569,Office Supplies,Labels,Avery 499,93.968,2,2.5896,Online
8591,CA-2020-126676,29-09-2020,01-10-2020,First Class,FH-14365,Fred Hopkins,Corporate,United States,Hempstead,New York,East,OFF-EN-10004846,Office Supplies,Envelopes,Letter or Legal Size Expandable Poly String Tie Envelopes,122.98,3,3.9102,Online
5139,CA-2020-128335,29-09-2020,05-10-2020,Standard Class,JA-15970,Joseph Airdo,Consumer,United States,Mount Vernon,New York,East,OFF-EN-10001539,Office Supplies,Envelopes,Staple envelope,131.34,3,10.9698,Cards
986,CA-2020-100314,29-09-2020,05-10-2020,Standard Class,AS-10630,Ann Steele,Home Office,United States,Pasadena,Texas,Central,OFF-EN-10000461,Office Supplies,Envelopes,"#10- 4 1/8"" x 9 1/2"" Recycled Envelopes",132.968,4,9.4392,Online
4476,CA-2020-121300,29-09-2020,29-09-2020,Same Day,MG-17680,Maureen Gastineau,Home Office,United States,Mentor,Ohio,East,FUR-FU-10004586,Furniture,Furnishings,G.E. Longer-Life Indoor Recessed Floodlight Bulbs,111.248,4,7.4368,Cards
4477,CA-2020-121300,29-09-2020,29-09-2020,Same Day,MG-17680,Maureen Gastineau,Home Office,United States,Mentor,Ohio,East,OFF-PA-10002606,Office Supplies,Paper,Xerox 1928,122.448,2,2.64,COD
5140,CA-2020-128335,29-09-2020,05-10-2020,Standard Class,JA-15970,Joseph Airdo,Consumer,United States,Mount Vernon,New York,East,OFF-PA-10004996,Office Supplies,Paper,"Speediset Carbonless Redi-Letter 7"" x 8 1/2""",128.55,5,24.2285,Online
5795,CA-2020-140186,29-09-2020,02-10-2020,First Class,PG-18820,Patrick Gardner,Consumer,United States,Bakersfield,California,West,OFF-BI-10003364,Office Supplies,Binders,Binding Machine Supplies,149.672,2,16.3352,Online
5791,CA-2020-140186,29-09-2020,02-10-2020,First Class,PG-18820,Patrick Gardner,Consumer,United States,Bakersfield,California,West,OFF-FA-10002280,Office Supplies,Fasteners,Advantus Plastic Paper Clips,149.0,7,16.8,Cards
6209,CA-2020-148138,29-09-2020,03-10-2020,Standard Class,ME-18010,Michelle Ellison,Corporate,United States,Marion,Ohio,East,OFF-ST-10000563,Office Supplies,Storage,Fellowes Bankers Box Stor/Drawer Steel Plus,158.168,2,-6.396,Cards
5792,CA-2020-140186,29-09-2020,02-10-2020,First Class,PG-18820,Patrick Gardner,Consumer,United States,Bakersfield,California,West,FUR-CH-10002961,Furniture,Chairs,"Leather Task Chair, Black",187.784,1,0.0,COD
9141,CA-2020-123029,30-09-2020,02-10-2020,Second Class,BT-11530,Bradley Talbott,Home Office,United States,Los Angeles,California,West,TEC-AC-10002402,Technology,Accessories,Razer Kraken PRO Over Ear PC and Music Headset,206.98,2,47.994,Online
5266,CA-2020-147452,30-09-2020,03-10-2020,First Class,CS-11845,Cari Sayre,Corporate,United States,Seattle,Washington,West,OFF-PA-10001838,Office Supplies,Paper,"Adams Telephone Message Book W/Dividers/Space For Phone Numbers, 5 1/4""X8 1/2"", 300/Messages",100.76,2,5.7624,Online
5268,CA-2020-147452,30-09-2020,03-10-2020,First Class,CS-11845,Cari Sayre,Corporate,United States,Seattle,Washington,West,OFF-AP-10001626,Office Supplies,Appliances,"Commercial WindTunnel Clean Air Upright Vacuum, Replacement Belts, Filtration Bags",108.89,1,1.0114,Cards
9688,US-2020-130603,30-09-2020,06-10-2020,Standard Class,SC-20050,Sample Company A,Home Office,United States,Arlington,Texas,Central,OFF-BI-10000301,Office Supplies,Binders,GBC Instant Report Kit,127.646,9,-17.469,Online
9215,US-2020-120908,30-09-2020,02-10-2020,First Class,BF-10975,Barbara Fisher,Corporate,United States,Philadelphia,Pennsylvania,East,OFF-LA-10004677,Office Supplies,Labels,Self-Adhesive Address Labels for Typewriters with Dispenser Box,152.664,7,6.9741,COD
567,CA-2020-156951,01-10-2020,08-10-2020,Standard Class,EB-13840,Ellis Ballard,Corporate,United States,Seattle,Washington,West,OFF-PA-10004530,Office Supplies,Paper,Personal Creations Ink Jet Cards and Labels,108.84,8,45.0016,Online
568,CA-2020-156951,01-10-2020,08-10-2020,Standard Class,EB-13840,Ellis Ballard,Corporate,United States,Seattle,Washington,West,OFF-BI-10001107,Office Supplies,Binders,"GBC White Gloss Covers, Plain Front",119.088,7,27.3672,COD
2217,CA-2020-129378,01-10-2020,02-10-2020,First Class,NS-18505,Neola Schneider,Consumer,United States,San Jose,California,West,FUR-CH-10000553,Furniture,Chairs,"Metal Folding Chairs, Beige, 4/Carton",133.608,4,9.5032,Cards
3582,CA-2020-117807,01-10-2020,07-10-2020,Standard Class,DK-13090,Dave Kipp,Consumer,United States,Fremont,Nebraska,Central,OFF-PA-10000994,Office Supplies,Paper,Xerox 1915,141.85,1,50.328,Online
8992,US-2020-139577,01-10-2020,06-10-2020,Standard Class,TN-21040,Tanja Norvell,Home Office,United States,San Francisco,California,West,TEC-AC-10004708,Technology,Accessories,Sony 32GB Class 10 Micro SDHC R40 Memory Card,146.75,5,21.9975,COD
570,CA-2020-156951,01-10-2020,08-10-2020,Standard Class,EB-13840,Ellis Ballard,Corporate,United States,Seattle,Washington,West,FUR-CH-10004997,Furniture,Chairs,Hon Every-Day Series Multi-Task Chairs,468.152,3,0.0,COD
2214,CA-2020-129378,01-10-2020,02-10-2020,First Class,NS-18505,Neola Schneider,Consumer,United States,San Jose,California,West,OFF-BI-10002012,Office Supplies,Binders,Wilson Jones Easy Flow II Sheet Lifters,73.44,1,0.504,Cards
569,CA-2020-156951,01-10-2020,08-10-2020,Standard Class,EB-13840,Ellis Ballard,Corporate,United States,Seattle,Washington,West,OFF-PA-10004451,Office Supplies,Paper,Xerox 222,113.44,3,9.3312,Cards
429,CA-2020-152275,01-10-2020,08-10-2020,Standard Class,KH-16630,Ken Heidel,Corporate,United States,San Antonio,Texas,Central,OFF-AR-10000369,Office Supplies,Art,Design Ebony Sketching Pencil,117.672,6,0.5004,Online
752,CA-2020-126074,02-10-2020,06-10-2020,Standard Class,RF-19735,Roland Fjeld,Consumer,United States,Trenton,Michigan,Central,OFF-AR-10003478,Office Supplies,Art,"Avery Hi-Liter EverBold Pen Style Fluorescent Highlighters, 4/Pack",106.98,7,22.792,Online
3192,CA-2020-123981,02-10-2020,08-10-2020,Standard Class,RW-19630,Rob Williams,Corporate,United States,New York City,New York,East,TEC-PH-10002115,Technology,Phones,Plantronics 81402,110.99,1,17.1574,Cards
3979,CA-2020-101308,02-10-2020,07-10-2020,Standard Class,FG-14260,Frank Gastineau,Home Office,United States,Seattle,Washington,West,TEC-PH-10003800,Technology,Phones,i.Sound Portable Power - 8000 mAh,123.784,2,-20.1362,Cards
5788,CA-2020-141117,02-10-2020,08-10-2020,Standard Class,JK-16090,Juliana Krohn,Consumer,United States,Springfield,Oregon,West,OFF-AR-10003727,Office Supplies,Art,Berol Giant Pencil Sharpener,143.144,7,10.7037,Online
4136,CA-2020-105914,02-10-2020,08-10-2020,Standard Class,PV-18985,Paul Van Hugh,Home Office,United States,Los Angeles,California,West,OFF-BI-10002854,Office Supplies,Binders,"Performers Binder/Pad Holder, Black",145.12,5,42.045,COD
753,CA-2020-126074,02-10-2020,06-10-2020,Standard Class,RF-19735,Roland Fjeld,Consumer,United States,Trenton,Michigan,Central,OFF-BI-10000546,Office Supplies,Binders,Avery Durable Binders,98.88,1,1.4112,Online
3978,CA-2020-101308,02-10-2020,07-10-2020,Standard Class,FG-14260,Frank Gastineau,Home Office,United States,Seattle,Washington,West,OFF-FA-10002780,Office Supplies,Fasteners,Staples,84.94,3,4.1124,Online
5318,US-2020-162558,02-10-2020,05-10-2020,First Class,Dp-13240,Dean percer,Home Office,United States,Knoxville,Tennessee,South,FUR-FU-10004864,Furniture,Furnishings,Eldon 500 Class Desk Accessories,94.656,1,1.5691,Cards
5323,US-2020-162558,02-10-2020,05-10-2020,First Class,Dp-13240,Dean percer,Home Office,United States,Knoxville,Tennessee,South,FUR-FU-10003691,Furniture,Furnishings,"Eldon Image Series Desk Accessories, Ebony",115.76,2,5.928,Cards
5317,US-2020-162558,02-10-2020,05-10-2020,First Class,Dp-13240,Dean percer,Home Office,United States,Knoxville,Tennessee,South,FUR-FU-10002364,Furniture,Furnishings,"Eldon Expressions Wood Desk Accessories, Oak",127.808,2,1.3284,Online
5320,US-2020-162558,02-10-2020,05-10-2020,First Class,Dp-13240,Dean percer,Home Office,United States,Knoxville,Tennessee,South,OFF-BI-10000977,Office Supplies,Binders,Ibico Plastic Spiral Binding Combs,121.36,3,-21.888,COD
5786,CA-2020-141117,02-10-2020,08-10-2020,Standard Class,JK-16090,Juliana Krohn,Consumer,United States,Springfield,Oregon,West,OFF-SU-10004664,Office Supplies,Supplies,Acme Softgrip Scissors,136.072,6,4.3956,COD
5787,CA-2020-141117,02-10-2020,08-10-2020,Standard Class,JK-16090,Juliana Krohn,Consumer,United States,Springfield,Oregon,West,OFF-BI-10003676,Office Supplies,Binders,"GBC Standard Recycled Report Covers, Clear Plastic Sheets",138.638,7,-16.6012,Online
5556,CA-2020-116113,02-10-2020,06-10-2020,Second Class,JW-15220,Jane Waco,Corporate,United States,Montgomery,Alabama,South,FUR-FU-10002963,Furniture,Furnishings,"Master Caster Door Stop, Gray",117.16,2,3.4544,Cards
5319,US-2020-162558,02-10-2020,05-10-2020,First Class,Dp-13240,Dean percer,Home Office,United States,Knoxville,Tennessee,South,OFF-PA-10003172,Office Supplies,Paper,Xerox 1996,146.736,4,7.2576,COD
3128,CA-2020-147564,02-10-2020,06-10-2020,Standard Class,BP-11155,Becky Pak,Consumer,United States,New York City,New York,East,OFF-PA-10004438,Office Supplies,Paper,Xerox 1907,138.12,4,23.0864,Cards
7206,CA-2020-137414,02-10-2020,06-10-2020,Standard Class,CM-12115,Chad McGuire,Consumer,United States,San Francisco,California,West,FUR-FU-10001424,Furniture,Furnishings,Dax Clear Box Frame,139.46,2,5.9364,Cards
5322,US-2020-162558,02-10-2020,05-10-2020,First Class,Dp-13240,Dean percer,Home Office,United States,Knoxville,Tennessee,South,OFF-BI-10003984,Office Supplies,Binders,Lock-Up Easel 'Spel-Binder',132.236,4,-26.2476,Online
750,CA-2020-126074,02-10-2020,06-10-2020,Standard Class,RF-19735,Roland Fjeld,Consumer,United States,Trenton,Michigan,Central,OFF-BI-10003638,Office Supplies,Binders,GBC Durable Plastic Covers,139.05,3,26.703,COD
6372,CA-2020-143035,03-10-2020,05-10-2020,Second Class,CC-12430,Chuck Clark,Home Office,United States,New York City,New York,East,FUR-FU-10001934,Furniture,Furnishings,Magnifier Swing Arm Lamp,118.92,4,21.8192,Cards
3040,CA-2020-101749,03-10-2020,08-10-2020,Standard Class,AS-10045,Aaron Smayling,Corporate,United States,Pasadena,California,West,FUR-TA-10001520,Furniture,Tables,"Lesro Sheffield Collection Coffee Table, End Table, Center Table, Corner Table",221.288,3,-6.4233,Online
4330,CA-2020-149853,03-10-2020,09-10-2020,Standard Class,PO-18850,Patrick O'Brill,Consumer,United States,Hialeah,Florida,South,OFF-PA-10000556,Office Supplies,Paper,Xerox 208,94.552,3,5.4432,COD
8115,CA-2020-144820,03-10-2020,07-10-2020,Second Class,LW-16825,Laurel Workman,Corporate,United States,Pasadena,Texas,Central,OFF-AR-10004817,Office Supplies,Art,Colorific Watercolor Pencils,112.64,5,2.322,Cards
6373,CA-2020-143035,03-10-2020,05-10-2020,Second Class,CC-12430,Chuck Clark,Home Office,United States,New York City,New York,East,OFF-AR-10001130,Office Supplies,Art,"Quartet Alpha White Chalk, 12/Pack",117.63,3,3.1161,Online
4331,CA-2020-149853,03-10-2020,09-10-2020,Standard Class,PO-18850,Patrick O'Brill,Consumer,United States,Hialeah,Florida,South,OFF-AP-10000804,Office Supplies,Appliances,Hoover Portapower Portable Vacuum,146.92,5,1.12,Online
2978,CA-2020-134607,03-10-2020,08-10-2020,Second Class,HL-15040,Hunter Lopez,Consumer,United States,Rochester,New York,East,OFF-ST-10002214,Office Supplies,Storage,X-Rack File for Hanging Folders,116.58,2,5.8708,Cards
5582,CA-2020-163818,04-10-2020,08-10-2020,Standard Class,PS-18970,Paul Stevenson,Home Office,United States,Clinton,Maryland,East,FUR-FU-10000076,Furniture,Furnishings,24-Hour Round Wall Clock,136.98,1,8.5914,COD
7959,CA-2020-131807,05-10-2020,10-10-2020,Standard Class,GG-14650,Greg Guthrie,Corporate,United States,Chico,California,West,FUR-FU-10004666,Furniture,Furnishings,DAX Clear Channel Poster Frame,108.9,5,26.973,Online
6339,CA-2020-143112,05-10-2020,09-10-2020,Standard Class,TS-21370,Todd Sumrall,Corporate,United States,New York City,New York,East,TEC-PH-10003095,Technology,Phones,Samsung HM1900 Bluetooth Headset,111.8,4,43.9,Cards
975,US-2020-103247,05-10-2020,08-10-2020,Second Class,PO-19195,Phillina Ober,Home Office,United States,New York City,New York,East,TEC-PH-10003555,Technology,Phones,Motorola HK250 Universal Bluetooth Headset,198.93,7,3.2186,Online
7960,CA-2020-131807,05-10-2020,10-10-2020,Standard Class,GG-14650,Greg Guthrie,Corporate,United States,Chico,California,West,FUR-TA-10004086,Furniture,Tables,KI Adjustable-Height Table,236.352,3,5.1588,Online
6340,CA-2020-143112,05-10-2020,09-10-2020,Standard Class,TS-21370,Todd Sumrall,Corporate,United States,New York City,New York,East,FUR-CH-10002880,Furniture,Chairs,"Global High-Back Leather Tilter, Burgundy",247.382,2,2.4598,Online
7958,CA-2020-131807,05-10-2020,10-10-2020,Standard Class,GG-14650,Greg Guthrie,Corporate,United States,Chico,California,West,OFF-AP-10004052,Office Supplies,Appliances,"Hoover Replacement Belts For Soft Guard & Commercial Ltweight Upright Vacs, 2/Pk",88.8,4,4.108,COD
7961,CA-2020-131807,05-10-2020,10-10-2020,Standard Class,GG-14650,Greg Guthrie,Corporate,United States,Chico,California,West,TEC-PH-10000702,Technology,Phones,"Square Credit Card Reader, 4 1/2"" x 4 1/2"" x 1"", White",120.992,1,2.6973,Cards
7957,CA-2020-131807,05-10-2020,10-10-2020,Standard Class,GG-14650,Greg Guthrie,Corporate,United States,Chico,California,West,OFF-FA-10002780,Office Supplies,Fasteners,Staples,107.9,5,6.854,Online
4835,CA-2020-167661,05-10-2020,10-10-2020,Standard Class,MP-18175,Mike Pelletier,Home Office,United States,San Francisco,California,West,OFF-BI-10002571,Office Supplies,Binders,"Avery Framed View Binder, EZD Ring (Locking), Navy, 1 1/2""",133.92,5,13.473,Online
4837,CA-2020-167661,05-10-2020,10-10-2020,Standard Class,MP-18175,Mike Pelletier,Home Office,United States,San Francisco,California,West,OFF-BI-10001097,Office Supplies,Binders,Avery Hole Reinforcements,113.936,4,7.2268,Online
4836,CA-2020-167661,05-10-2020,10-10-2020,Standard Class,MP-18175,Mike Pelletier,Home Office,United States,San Francisco,California,West,OFF-PA-10002581,Office Supplies,Paper,Xerox 1951,144.96,2,27.882,COD
976,US-2020-103247,05-10-2020,08-10-2020,Second Class,PO-19195,Phillina Ober,Home Office,United States,New York City,New York,East,OFF-BI-10004492,Office Supplies,Binders,Tuf-Vin Binders,182.792,3,25.5798,COD
7564,CA-2020-157672,05-10-2020,07-10-2020,First Class,RB-19795,Ross Baird,Home Office,United States,Denver,Colorado,West,TEC-AC-10001714,Technology,Accessories,Logitech MX Performance Wireless Mouse,164.824,2,13.5626,Online
9872,CA-2020-146269,06-10-2020,06-10-2020,Same Day,MH-17455,Mark Hamilton,Consumer,United States,Chicago,Illinois,Central,OFF-ST-10003208,Office Supplies,Storage,Adjustable Depth Letter/Legal Cart,300.336,2,32.6628,Online
4184,US-2020-136868,06-10-2020,12-10-2020,Standard Class,CR-12820,Cyra Reiten,Home Office,United States,New York City,New York,East,OFF-ST-10000991,Office Supplies,Storage,Space Solutions HD Industrial Steel Shelving.,363.91,3,10.3473,COD
9960,CA-2020-137421,06-10-2020,11-10-2020,Standard Class,AJ-10945,Ashley Jarboe,Consumer,United States,Chandler,Arizona,West,OFF-AR-10001761,Office Supplies,Art,Avery Hi-Liter Smear-Safe Highlighters,88.344,2,1.8688,Online
4183,US-2020-136868,06-10-2020,12-10-2020,Standard Class,CR-12820,Cyra Reiten,Home Office,United States,New York City,New York,East,OFF-PA-10002377,Office Supplies,Paper,"Adams Telephone Message Book W/Dividers/Space For Phone Numbers, 5 1/4""X8 1/2"", 200/Messages",119.04,3,7.668,Online
8330,CA-2020-118577,06-10-2020,11-10-2020,Standard Class,XP-21865,Xylona Preis,Consumer,United States,Belleville,New Jersey,East,OFF-PA-10004888,Office Supplies,Paper,Xerox 217,133.48,1,3.1104,COD
3051,US-2020-148054,06-10-2020,11-10-2020,Standard Class,NZ-18565,Nick Zandusky,Home Office,United States,Meridian,Idaho,West,FUR-FU-10003247,Furniture,Furnishings,36X48 HARDFLOOR CHAIRMAT,110.96,2,2.9372,Online
9873,CA-2020-146269,06-10-2020,06-10-2020,Same Day,MH-17455,Mark Hamilton,Consumer,United States,Chicago,Illinois,Central,OFF-AR-10004790,Office Supplies,Art,Staples in misc. colors,144.152,2,1.197,COD
5653,CA-2020-109099,06-10-2020,11-10-2020,Standard Class,MM-18280,Muhammed MacIntyre,Corporate,United States,New York City,New York,East,OFF-PA-10001033,Office Supplies,Paper,Xerox 1893,125.99,1,20.0851,Online
3053,US-2020-148054,06-10-2020,11-10-2020,Standard Class,NZ-18565,Nick Zandusky,Home Office,United States,Meridian,Idaho,West,OFF-PA-10001295,Office Supplies,Paper,Computer Printout Paper with Letter-Trim Perforations,120.94,2,18.2112,Online
5281,CA-2020-152709,07-10-2020,12-10-2020,Standard Class,DB-13210,Dean Braden,Consumer,United States,Detroit,Michigan,Central,OFF-ST-10001837,Office Supplies,Storage,"SAFCO Mobile Desk Side File, Wire Frame",103.52,2,22.2352,COD
3388,CA-2020-148404,07-10-2020,11-10-2020,Standard Class,Dp-13240,Dean percer,Home Office,United States,Charlotte,North Carolina,South,TEC-PH-10004447,Technology,Phones,Toshiba IPT2010-SD IP Telephone,235.384,2,16.6788,COD
1715,CA-2020-104003,07-10-2020,13-10-2020,Standard Class,DC-13285,Debra Catini,Consumer,United States,San Francisco,California,West,FUR-BO-10003965,Furniture,Bookcases,O'Sullivan Manor Hill 2-Door Library in Brianna Oak,350.666,2,-14.4784,Cards
4181,CA-2020-128426,07-10-2020,11-10-2020,Standard Class,JK-15730,Joe Kamberova,Consumer,United States,Houston,Texas,Central,OFF-BI-10000756,Office Supplies,Binders,Storex DuraTech Recycled Plastic Frosted Binders,129.24,5,-6.36,Online
3387,CA-2020-148404,07-10-2020,11-10-2020,Standard Class,Dp-13240,Dean percer,Home Office,United States,Charlotte,North Carolina,South,OFF-FA-10003112,Office Supplies,Fasteners,Staples,140.936,3,5.9175,Online
5481,CA-2020-105487,08-10-2020,14-10-2020,Standard Class,CS-12250,Chris Selesnick,Corporate,United States,San Diego,California,West,TEC-PH-10001336,Technology,Phones,Digium D40 VoIP phone,129.192,1,11.6091,Online
7171,US-2020-168613,08-10-2020,14-10-2020,Standard Class,GM-14440,Gary McGarr,Consumer,United States,New York City,New York,East,FUR-CH-10002372,Furniture,Chairs,Office Star - Ergonomically Designed Knee Chair,184.764,2,3.2392,COD
5482,CA-2020-105487,08-10-2020,14-10-2020,Standard Class,CS-12250,Chris Selesnick,Corporate,United States,San Diego,California,West,TEC-AC-10002305,Technology,Accessories,KeyTronic E03601U1 - Keyboard - Beige,126.0,2,6.48,Online
5888,CA-2020-151596,08-10-2020,11-10-2020,First Class,BP-11050,Barry Pond,Corporate,United States,Cranston,Rhode Island,East,OFF-ST-10001837,Office Supplies,Storage,"SAFCO Mobile Desk Side File, Wire Frame",154.76,1,11.1176,COD
5484,CA-2020-105487,08-10-2020,14-10-2020,Standard Class,CS-12250,Chris Selesnick,Corporate,United States,San Diego,California,West,OFF-ST-10002301,Office Supplies,Storage,Tennsco Commercial Shelving,163.68,2,0.4068,Online
3821,CA-2020-141873,09-10-2020,14-10-2020,Standard Class,HG-14845,Harry Greene,Consumer,United States,New York City,New York,East,FUR-BO-10003034,Furniture,Bookcases,"O'Sullivan Elevations Bookcase, Cherry Finish",351.352,3,-15.7176,Cards
1324,CA-2020-162635,09-10-2020,10-10-2020,First Class,EB-14170,Evan Bailliet,Consumer,United States,Wilmington,North Carolina,South,OFF-PA-10002659,Office Supplies,Paper,Avoid Verbal Orders Carbonless Minifold Book,111.816,4,3.5152,COD
3822,CA-2020-141873,09-10-2020,14-10-2020,Standard Class,HG-14845,Harry Greene,Consumer,United States,New York City,New York,East,OFF-PA-10000069,Office Supplies,Paper,"TOPS 4 x 6 Fluorescent Color Memo Sheets, 500 Sheets per Pack",122.98,2,8.9206,Online
3820,CA-2020-141873,09-10-2020,14-10-2020,Standard Class,HG-14845,Harry Greene,Consumer,United States,New York City,New York,East,OFF-BI-10001031,Office Supplies,Binders,Pressboard Data Binders by Wilson Jones,125.816,3,4.3254,Online
3823,CA-2020-141873,09-10-2020,14-10-2020,Standard Class,HG-14845,Harry Greene,Consumer,United States,New York City,New York,East,OFF-BI-10003655,Office Supplies,Binders,Durable Pressboard Binders,144.24,6,6.156,Online
5259,US-2020-115595,09-10-2020,11-10-2020,First Class,XP-21865,Xylona Preis,Consumer,United States,Los Angeles,California,West,OFF-PA-10001745,Office Supplies,Paper,"Wirebound Message Books, 2 7/8"" x 5"", 3 Forms per Page",136.2,5,16.544,Online
2712,CA-2020-132430,09-10-2020,11-10-2020,First Class,CP-12085,Cathy Prescott,Corporate,United States,Lakewood,Ohio,East,FUR-FU-10003577,Furniture,Furnishings,Nu-Dell Leatherette Frames,140.888,4,9.1776,Cards
4917,CA-2020-163125,09-10-2020,11-10-2020,Second Class,MB-17305,Maria Bertelson,Consumer,United States,League City,Texas,Central,OFF-AR-10004344,Office Supplies,Art,Bulldog Vacuum Base Pencil Sharpener,181.144,7,5.8751,COD
2418,CA-2020-168655,12-10-2020,18-10-2020,Standard Class,ML-18040,Michelle Lonsdale,Corporate,United States,Albuquerque,New Mexico,West,OFF-BI-10002082,Office Supplies,Binders,GBC Twin Loop Wire Binding Elements,105.872,3,29.952,COD
2763,CA-2020-126536,12-10-2020,14-10-2020,First Class,NK-18490,Neil Knudson,Home Office,United States,San Francisco,California,West,OFF-BI-10001191,Office Supplies,Binders,Canvas Sectional Post Binders,123.84,5,36.917,Cards
9099,CA-2020-152933,12-10-2020,16-10-2020,Standard Class,MG-17650,Matthew Grinstein,Home Office,United States,Dallas,Texas,Central,TEC-PH-10002085,Technology,Phones,Clarity 53712,403.544,7,27.7158,COD
9100,CA-2020-152933,12-10-2020,16-10-2020,Standard Class,MG-17650,Matthew Grinstein,Home Office,United States,Dallas,Texas,Central,OFF-PA-10001934,Office Supplies,Paper,Xerox 1993,109.368,2,3.7584,COD
8423,CA-2020-150091,12-10-2020,16-10-2020,Standard Class,NP-18670,Nora Paige,Consumer,United States,Lakewood,New Jersey,East,OFF-FA-10000621,Office Supplies,Fasteners,"OIC Colored Binder Clips, Assorted Sizes",128.9,5,8.771,COD
2762,CA-2020-126536,12-10-2020,14-10-2020,First Class,NK-18490,Neil Knudson,Home Office,United States,San Francisco,California,West,TEC-AC-10003709,Technology,Accessories,Maxell 4.7GB DVD-R 5/Pack,110.99,1,0.4356,Cards
2267,CA-2020-149146,12-10-2020,12-10-2020,Same Day,SM-20320,Sean Miller,Home Office,United States,Monroe,North Carolina,South,OFF-PA-10003919,Office Supplies,Paper,Xerox 1989,117.968,2,2.6892,COD
5942,CA-2020-112431,12-10-2020,14-10-2020,Second Class,RW-19690,Robert Waldorf,Consumer,United States,Los Angeles,California,West,OFF-AR-10000940,Office Supplies,Art,Newell 343,118.88,2,1.5876,Online
8424,CA-2020-150091,12-10-2020,16-10-2020,Standard Class,NP-18670,Nora Paige,Consumer,United States,Lakewood,New Jersey,East,FUR-FU-10004053,Furniture,Furnishings,DAX Two-Tone Silver Metal Document Frame,133.48,2,17.4064,Online
9888,CA-2020-169607,12-10-2020,15-10-2020,First Class,CA-12265,Christina Anderson,Consumer,United States,New York City,New York,East,OFF-PA-10000477,Office Supplies,Paper,Xerox 1952,122.96,2,4.6812,Online
7793,CA-2020-169362,12-10-2020,15-10-2020,First Class,SP-20860,Sung Pak,Corporate,United States,Dallas,Texas,Central,TEC-AC-10001383,Technology,Accessories,Logitech Wireless Touch Keyboard K400,157.984,2,-1.4994,Cards
8422,CA-2020-150091,12-10-2020,16-10-2020,Standard Class,NP-18670,Nora Paige,Consumer,United States,Lakewood,New Jersey,East,TEC-AC-10002167,Technology,Accessories,Imation 8gb Micro Traveldrive Usb 2.0 Flash Drive,147.0,3,4.95,COD
4255,CA-2020-163160,13-10-2020,16-10-2020,First Class,TS-21610,Troy Staebel,Consumer,United States,Freeport,Illinois,Central,OFF-PA-10003127,Office Supplies,Paper,Easy-staple paper,102.312,3,20.5764,Cards
8857,CA-2020-135909,13-10-2020,20-10-2020,Standard Class,JW-15220,Jane Waco,Corporate,United States,Sacramento,California,West,TEC-AC-10002335,Technology,Accessories,Logitech Media Keyboard K200,239.94,6,39.8886,COD
277,CA-2020-132976,13-10-2020,17-10-2020,Standard Class,AG-10495,Andrew Gjertsen,Corporate,United States,Philadelphia,Pennsylvania,East,OFF-PA-10000673,Office Supplies,Paper,"Post-it “Important Message” Note Pad, Neon Colors, 50 Sheets/Pad",101.648,2,4.0768,COD
4257,CA-2020-163160,13-10-2020,16-10-2020,First Class,TS-21610,Troy Staebel,Consumer,United States,Freeport,Illinois,Central,FUR-FU-10001424,Furniture,Furnishings,Dax Clear Box Frame,96.476,3,-6.8094,COD
280,CA-2020-132976,13-10-2020,17-10-2020,Standard Class,AG-10495,Andrew Gjertsen,Corporate,United States,Philadelphia,Pennsylvania,East,OFF-LA-10002043,Office Supplies,Labels,Avery 489,94.84,3,8.694,Online
9221,CA-2020-103212,13-10-2020,14-10-2020,First Class,MH-18025,Michelle Huthwaite,Consumer,United States,Lafayette,Louisiana,South,OFF-LA-10000248,Office Supplies,Labels,Avery 52,121.07,3,5.2029,Cards
8858,CA-2020-135909,13-10-2020,20-10-2020,Standard Class,JW-15220,Jane Waco,Corporate,United States,Sacramento,California,West,TEC-PH-10003187,Technology,Phones,Anker Astro Mini 3000mAh Ultra-Compact Portable Charger,125.984,2,-7.996,Online
9223,CA-2020-103212,13-10-2020,14-10-2020,First Class,MH-18025,Michelle Huthwaite,Consumer,United States,Lafayette,Louisiana,South,OFF-PA-10004355,Office Supplies,Paper,Xerox 231,138.92,4,12.4416,Cards
278,CA-2020-132976,13-10-2020,17-10-2020,Standard Class,AG-10495,Andrew Gjertsen,Corporate,United States,Philadelphia,Pennsylvania,East,OFF-PA-10004470,Office Supplies,Paper,"Adams Write n' Stick Phone Message Book, 11"" X 5 1/4"", 200 Messages",121.176,4,5.9072,Cards
279,CA-2020-132976,13-10-2020,17-10-2020,Standard Class,AG-10495,Andrew Gjertsen,Corporate,United States,Philadelphia,Pennsylvania,East,OFF-ST-10000876,Office Supplies,Storage,Eldon Simplefile Box Office,137.712,6,5.9712,Online
1752,CA-2020-168837,14-10-2020,17-10-2020,First Class,JW-15955,Joni Wasserman,Consumer,United States,Oakland,California,West,FUR-FU-10001918,Furniture,Furnishings,C-Line Cubicle Keepers Polyproplyene Holder With Velcro Backings,102.46,2,3.6894,Online
5698,CA-2020-126123,14-10-2020,18-10-2020,Standard Class,AG-10765,Anthony Garverick,Home Office,United States,Chicago,Illinois,Central,OFF-BI-10004224,Office Supplies,Binders,Catalog Binders with Expanding Posts,111.456,1,-23.548,Online
888,CA-2020-150707,14-10-2020,19-10-2020,Standard Class,EL-13735,Ed Ludwig,Home Office,United States,Columbia,Maryland,East,OFF-BI-10001078,Office Supplies,Binders,"Acco PRESSTEX Data Binder with Storage Hooks, Dark Blue, 14 7/8"" X 11""",150.66,7,18.4534,Online
7286,CA-2020-151183,14-10-2020,19-10-2020,Standard Class,BK-11260,Berenike Kampe,Consumer,United States,San Francisco,California,West,TEC-AC-10003614,Technology,Accessories,"Verbatim 25 GB 6x Blu-ray Single Layer Recordable Disc, 10/Pack",154.36,4,15.2988,COD
1329,CA-2020-106033,15-10-2020,18-10-2020,Second Class,FG-14260,Frank Gastineau,Home Office,United States,San Francisco,California,West,OFF-AR-10002818,Office Supplies,Art,Panasonic KP-310 Heavy-Duty Electric Pencil Sharpener,114.92,4,26.376,COD
7214,CA-2020-154949,15-10-2020,19-10-2020,Standard Class,MC-17275,Marc Crier,Consumer,United States,Camarillo,California,West,OFF-LA-10002034,Office Supplies,Labels,Avery 478,108.73,3,7.2177,Online
6837,CA-2020-142643,15-10-2020,20-10-2020,Standard Class,DL-13495,Dionis Lloyd,Corporate,United States,Thousand Oaks,California,West,FUR-FU-10000087,Furniture,Furnishings,"Executive Impressions 14"" Two-Color Numerals Wall Clock",107.72,1,9.3152,COD
4261,CA-2020-164819,15-10-2020,19-10-2020,Second Class,RS-19420,Ricardo Sperren,Corporate,United States,Fairfield,Connecticut,East,OFF-LA-10001045,Office Supplies,Labels,Permanent Self-Adhesive File Folder Labels for Typewriters by Universal,138.05,5,6.003,COD
7708,CA-2020-100237,15-10-2020,19-10-2020,Standard Class,SV-20815,Stuart Van,Corporate,United States,Orem,Utah,West,OFF-AR-10001761,Office Supplies,Art,Avery Hi-Liter Smear-Safe Highlighters,123.68,2,4.2048,COD
8993,CA-2020-159100,16-10-2020,21-10-2020,Standard Class,VP-21760,Victoria Pisteka,Corporate,United States,Columbia,Tennessee,South,TEC-AC-10003499,Technology,Accessories,Memorex Mini Travel Drive 8 GB USB 2.0 Flash Drive,124.528,2,4.4004,COD
3864,CA-2020-123246,17-10-2020,19-10-2020,Second Class,AJ-10960,Astrea Jones,Consumer,United States,San Diego,California,West,OFF-AR-10001770,Office Supplies,Art,Economy #2 Pencils,139.64,4,2.7664,Online
397,CA-2020-165603,17-10-2020,19-10-2020,Second Class,SS-20140,Saphhira Shifley,Corporate,United States,Warwick,Rhode Island,East,OFF-PA-10002552,Office Supplies,Paper,Xerox 1958,115.96,2,6.2208,Online
396,CA-2020-165603,17-10-2020,19-10-2020,Second Class,SS-20140,Saphhira Shifley,Corporate,United States,Warwick,Rhode Island,East,OFF-ST-10000798,Office Supplies,Storage,2300 Heavy-Duty Transfer File Systems by Perma,162.96,2,9.4924,Online
8019,CA-2020-114804,17-10-2020,19-10-2020,Second Class,BF-11020,Barry Französisch,Corporate,United States,Modesto,California,West,TEC-PH-10001700,Technology,Phones,Panasonic KX-TG6844B Expandable Digital Cordless Telephone,158.792,1,4.6193,COD
1361,CA-2020-125199,19-10-2020,25-10-2020,Standard Class,HM-14860,Harry Marie,Corporate,United States,Philadelphia,Pennsylvania,East,OFF-AR-10002956,Office Supplies,Art,Boston 16801 Nautilus Battery Pencil Sharpener,166.256,7,9.2442,Online
5175,CA-2020-106432,19-10-2020,24-10-2020,Standard Class,CA-12265,Christina Anderson,Consumer,United States,Waco,Texas,Central,OFF-BI-10002799,Office Supplies,Binders,"SlimView Poly Binder, 3/8""",103.072,2,-3.5224,COD
3057,CA-2020-131492,19-10-2020,24-10-2020,Second Class,HH-15010,Hilary Holden,Corporate,United States,San Francisco,California,West,OFF-EN-10002973,Office Supplies,Envelopes,Ampad #10 Peel & Seel Holiday Envelopes,112.96,2,4.3008,COD
1362,CA-2020-125199,19-10-2020,25-10-2020,Standard Class,HM-14860,Harry Marie,Corporate,United States,Philadelphia,Pennsylvania,East,OFF-PA-10004041,Office Supplies,Paper,"It's Hot Message Books with Stickers, 2 3/4"" x 5""",135.68,4,7.4,Online
3059,CA-2020-131492,19-10-2020,24-10-2020,Second Class,HH-15010,Hilary Holden,Corporate,United States,San Francisco,California,West,FUR-FU-10003878,Furniture,Furnishings,"Linden 10"" Round Wall Clock, Black",140.56,2,10.3904,COD
3060,CA-2020-131492,19-10-2020,24-10-2020,Second Class,HH-15010,Hilary Holden,Corporate,United States,San Francisco,California,West,FUR-TA-10003837,Furniture,Tables,Anderson Hickey Conga Table Tops & Accessories,131.368,2,-3.3506,COD
1671,CA-2020-159457,19-10-2020,26-10-2020,Standard Class,RD-19480,Rick Duston,Consumer,United States,Houston,Texas,Central,TEC-PH-10002185,Technology,Phones,QVS USB Car Charger 2-Port 2.1Amp for iPod/iPhone/iPad/iPad 2/iPad 3,138.68,3,5.2125,Online
35,CA-2020-107727,19-10-2020,23-10-2020,Second Class,MA-17560,Matt Abelman,Home Office,United States,Houston,Texas,Central,OFF-PA-10000249,Office Supplies,Paper,Easy-staple paper,159.472,3,9.9468,COD
424,CA-2020-125388,19-10-2020,23-10-2020,Standard Class,MP-17965,Michael Paige,Corporate,United States,Lawrence,Massachusetts,East,OFF-ST-10000918,Office Supplies,Storage,Crate-A-Files,128.7,3,8.502,Online
9706,CA-2020-125990,19-10-2020,23-10-2020,Standard Class,JS-16030,Joy Smith,Consumer,United States,San Francisco,California,West,OFF-BI-10004826,Office Supplies,Binders,JM Magazine Binder,146.624,3,13.8684,Online
423,CA-2020-125388,19-10-2020,23-10-2020,Standard Class,MP-17965,Michael Paige,Corporate,United States,Lawrence,Massachusetts,East,FUR-FU-10004712,Furniture,Furnishings,"Westinghouse Mesh Shade Clip-On Gooseneck Lamp, Black",157.56,4,14.7056,COD
8238,CA-2020-103065,20-10-2020,20-10-2020,Same Day,PT-19090,Pete Takahito,Consumer,United States,Jacksonville,Florida,South,OFF-ST-10000617,Office Supplies,Storage,Woodgrain Magazine Files by Perma,83.768,2,-0.7748,Online
3189,US-2020-146416,20-10-2020,22-10-2020,Second Class,JE-16165,Justin Ellison,Corporate,United States,Woodland,California,West,OFF-LA-10003714,Office Supplies,Labels,Avery 510,104.75,1,1.8,COD
2798,CA-2020-158743,20-10-2020,27-10-2020,Standard Class,IG-15085,Ivan Gibson,Consumer,United States,Little Rock,Arkansas,South,OFF-AR-10002257,Office Supplies,Art,"Eldon Spacemaker Box, Quick-Snap Lid, Clear",75.36,4,4.1416,COD
8883,US-2020-115252,20-10-2020,25-10-2020,Standard Class,MY-18295,Muhammed Yedwab,Corporate,United States,Durham,North Carolina,South,TEC-PH-10004071,Technology,Phones,PayAnywhere Card Reader,100.984,2,1.3986,COD
8240,CA-2020-103065,20-10-2020,20-10-2020,Same Day,PT-19090,Pete Takahito,Consumer,United States,Jacksonville,Florida,South,OFF-AR-10003251,Office Supplies,Art,Prang Drawing Pencil Set,135.448,2,1.112,Online
8239,CA-2020-103065,20-10-2020,20-10-2020,Same Day,PT-19090,Pete Takahito,Consumer,United States,Jacksonville,Florida,South,OFF-PA-10000380,Office Supplies,Paper,"REDIFORM Incoming/Outgoing Call Register, 11"" X 8 1/2"", 100 Messages",108.672,1,2.502,COD
8241,CA-2020-103065,20-10-2020,20-10-2020,Same Day,PT-19090,Pete Takahito,Consumer,United States,Jacksonville,Florida,South,FUR-FU-10000175,Furniture,Furnishings,DAX Wood Document Frame.,137.936,4,6.0412,Online
8884,US-2020-115252,20-10-2020,25-10-2020,Standard Class,MY-18295,Muhammed Yedwab,Corporate,United States,Durham,North Carolina,South,OFF-PA-10001667,Office Supplies,Paper,Great White Multi-Use Recycled Paper (20Lb. and 84 Bright),131.352,3,4.485,COD
6347,CA-2020-104822,20-10-2020,20-10-2020,Same Day,RB-19465,Rick Bensley,Home Office,United States,New York City,New York,East,OFF-LA-10002034,Office Supplies,Labels,Avery 478,124.55,5,12.0295,COD
3190,US-2020-146416,20-10-2020,22-10-2020,Second Class,JE-16165,Justin Ellison,Corporate,United States,Woodland,California,West,OFF-BI-10001787,Office Supplies,Binders,Wilson Jones Four-Pocket Poly Binders,127.928,4,7.5864,Online
2799,CA-2020-158743,20-10-2020,27-10-2020,Standard Class,IG-15085,Ivan Gibson,Consumer,United States,Little Rock,Arkansas,South,OFF-PA-10001019,Office Supplies,Paper,Xerox 1884,147.96,2,18.7812,COD
5260,CA-2020-158722,20-10-2020,26-10-2020,Standard Class,MA-17560,Matt Abelman,Home Office,United States,Philadelphia,Pennsylvania,East,OFF-PA-10000176,Office Supplies,Paper,Xerox 1887,138.528,3,15.9348,COD
5431,CA-2020-117422,21-10-2020,25-10-2020,Standard Class,FC-14245,Frank Carlisle,Home Office,United States,Lakewood,Ohio,East,OFF-AP-10000938,Office Supplies,Appliances,Avanti 1.7 Cu. Ft. Refrigerator,190.568,2,16.1568,COD
1904,CA-2020-167094,21-10-2020,22-10-2020,First Class,DK-12835,Damala Kotsonis,Corporate,United States,Springfield,Oregon,West,FUR-CH-10000155,Furniture,Chairs,Global Comet Stacking Armless Chair,496.48,2,47.848,Online
4558,US-2020-117331,21-10-2020,28-10-2020,Standard Class,ND-18370,Natalie DeCherney,Consumer,United States,Glendale,Arizona,West,OFF-BI-10003984,Office Supplies,Binders,Lock-Up Easel 'Spel-Binder',102.559,1,-6.5619,COD
5433,CA-2020-117422,21-10-2020,25-10-2020,Standard Class,FC-14245,Frank Carlisle,Home Office,United States,Lakewood,Ohio,East,OFF-BI-10002799,Office Supplies,Binders,"SlimView Poly Binder, 3/8""",118.216,4,-4.9728,Online
1903,CA-2020-167094,21-10-2020,22-10-2020,First Class,DK-12835,Damala Kotsonis,Corporate,United States,Springfield,Oregon,West,OFF-PA-10003953,Office Supplies,Paper,Xerox 218,125.184,1,1.8144,Online
5432,CA-2020-117422,21-10-2020,25-10-2020,Standard Class,FC-14245,Frank Carlisle,Home Office,United States,Lakewood,Ohio,East,OFF-PA-10002195,Office Supplies,Paper,"RSVP Cards & Envelopes, Blank White, 8-1/2"" X 11"", 24 Cards/25 Envelopes/Set",136.064,1,1.3716,COD
1905,CA-2020-167094,21-10-2020,22-10-2020,First Class,DK-12835,Damala Kotsonis,Corporate,United States,Springfield,Oregon,West,TEC-AC-10003116,Technology,Accessories,Memorex Froggy Flash Drive 8 GB,134.4,2,6.745,Online
7351,CA-2020-142125,21-10-2020,27-10-2020,Standard Class,JB-15400,Jennifer Braxton,Corporate,United States,Milwaukee,Wisconsin,Central,OFF-BI-10003460,Office Supplies,Binders,Acco 3-Hole Punch,127.9,5,10.512,Online
2159,CA-2020-148166,21-10-2020,26-10-2020,Standard Class,NK-18490,Neil Knudson,Home Office,United States,Deltona,Florida,South,OFF-AR-10004956,Office Supplies,Art,Newell 33,128.856,4,2.0088,Online
528,CA-2020-113558,21-10-2020,26-10-2020,Standard Class,PH-18790,Patricia Hirasaki,Home Office,United States,Lakeland,Florida,South,FUR-FU-10001756,Furniture,Furnishings,"Eldon Expressions Desk Accessory, Wood Photo Frame, Mahogany",167.696,3,5.1408,COD
7350,CA-2020-142125,21-10-2020,27-10-2020,Standard Class,JB-15400,Jennifer Braxton,Corporate,United States,Milwaukee,Wisconsin,Central,OFF-BI-10000301,Office Supplies,Binders,GBC Instant Report Kit,171.82,6,19.41,COD
6197,CA-2020-113453,21-10-2020,28-10-2020,Standard Class,CM-12160,Charles McCrossin,Consumer,United States,Philadelphia,Pennsylvania,East,OFF-ST-10000352,Office Supplies,Storage,Acco Perma 2700 Stacking Storage Drawers,147.376,3,-4.461,COD
4478,CA-2020-130211,22-10-2020,22-10-2020,Same Day,BD-11620,Brian DeCherney,Consumer,United States,Lawton,Oklahoma,Central,OFF-ST-10000129,Office Supplies,Storage,Fellowes Recycled Storage Drawers,343.09,3,23.3163,COD
4642,CA-2020-130141,22-10-2020,24-10-2020,Second Class,HA-14905,Helen Abelman,Consumer,United States,Fort Collins,Colorado,West,OFF-BI-10000831,Office Supplies,Binders,Storex Flexible Poly Binders with Double Pockets,84.168,4,-2.5344,COD
7264,CA-2020-156363,22-10-2020,28-10-2020,Standard Class,ML-17395,Marina Lichtenstein,Corporate,United States,Philadelphia,Pennsylvania,East,OFF-EN-10003068,Office Supplies,Envelopes,#6 3/4 Gummed Flap White Envelopes,124.68,4,11.088,COD
2627,CA-2020-127180,22-10-2020,24-10-2020,First Class,TA-21385,Tom Ashbrook,Home Office,United States,New York City,New York,East,TEC-PH-10003800,Technology,Phones,i.Sound Portable Power - 8000 mAh,134.99,1,0.5299,COD
7263,CA-2020-156363,22-10-2020,28-10-2020,Standard Class,ML-17395,Marina Lichtenstein,Corporate,United States,Philadelphia,Pennsylvania,East,TEC-PH-10003988,Technology,Phones,"LF Elite 3D Dazzle Designer Hard Case Cover, Lf Stylus Pen and Wiper For Apple Iphone 5c Mini Lite",145.7,5,-6.54,COD
4516,US-2020-111920,22-10-2020,26-10-2020,Standard Class,PS-18970,Paul Stevenson,Home Office,United States,Tulsa,Oklahoma,Central,OFF-AR-10003179,Office Supplies,Art,Dixon Ticonderoga Core-Lock Colored Pencils,150.44,4,12.0252,Online
2626,CA-2020-127180,22-10-2020,24-10-2020,First Class,TA-21385,Tom Ashbrook,Home Office,United States,New York City,New York,East,OFF-EN-10002500,Office Supplies,Envelopes,Globe Weis Peel & Seel First Class Envelopes,140.9,5,28.755,Online
8448,CA-2020-125451,23-10-2020,24-10-2020,First Class,AH-10075,Adam Hart,Corporate,United States,Cranston,Rhode Island,East,FUR-FU-10000277,Furniture,Furnishings,Deflect-o DuraMat Antistatic Studded Beveled Mat for Medium Pile Carpeting,231.68,2,50.5632,Online
8446,CA-2020-125451,23-10-2020,24-10-2020,First Class,AH-10075,Adam Hart,Corporate,United States,Cranston,Rhode Island,East,FUR-TA-10001039,Furniture,Tables,KI Adjustable-Height Table,251.744,4,-13.7568,COD
3856,US-2020-105389,23-10-2020,28-10-2020,Second Class,DM-13015,Darrin Martin,Consumer,United States,San Antonio,Texas,Central,OFF-BI-10004364,Office Supplies,Binders,Storex Dura Pro Binders,105.564,3,-6.237,COD
4149,CA-2020-106068,23-10-2020,28-10-2020,Standard Class,RB-19330,Randy Bradley,Consumer,United States,Austin,Texas,Central,OFF-ST-10004507,Office Supplies,Storage,Advantus Rolling Storage Box,109.72,1,1.2005,COD
2893,CA-2020-139913,23-10-2020,29-10-2020,Standard Class,JC-16105,Julie Creighton,Corporate,United States,Rochester,New York,East,OFF-PA-10003739,Office Supplies,Paper,Xerox 1969,88.56,2,5.6644,COD
8451,CA-2020-125451,23-10-2020,24-10-2020,First Class,AH-10075,Adam Hart,Corporate,United States,Cranston,Rhode Island,East,OFF-AP-10002906,Office Supplies,Appliances,Hoover Replacement Belt for Commercial Guardsman Heavy-Duty Upright Vacuum,97.22,1,0.666,COD
8447,CA-2020-125451,23-10-2020,24-10-2020,First Class,AH-10075,Adam Hart,Corporate,United States,Cranston,Rhode Island,East,FUR-FU-10004963,Furniture,Furnishings,"Eldon 400 Class Desk Accessories, Black Carbon",136.0,4,14.7,COD
3858,US-2020-105389,23-10-2020,28-10-2020,Second Class,DM-13015,Darrin Martin,Consumer,United States,San Antonio,Texas,Central,OFF-AR-10000634,Office Supplies,Art,Newell 320,106.272,3,0.8988,COD
4148,CA-2020-106068,23-10-2020,28-10-2020,Standard Class,RB-19330,Randy Bradley,Consumer,United States,Austin,Texas,Central,OFF-BI-10000962,Office Supplies,Binders,"Acco Flexible ACCOHIDE Square Ring Data Binder, Dark Blue, 11 1/2"" X 14"" 7/8""",125.762,3,-15.1311,COD
2896,CA-2020-139913,23-10-2020,29-10-2020,Standard Class,JC-16105,Julie Creighton,Corporate,United States,Rochester,New York,East,TEC-PH-10001552,Technology,Phones,I Need's 3d Hello Kitty Hybrid Silicone Case Cover for HTC One X 4g with 3d Hello Kitty Stylus Pen Green/pink,143.88,3,10.0464,COD
8450,CA-2020-125451,23-10-2020,24-10-2020,First Class,AH-10075,Adam Hart,Corporate,United States,Cranston,Rhode Island,East,OFF-PA-10003724,Office Supplies,Paper,"Wirebound Message Book, 4 per Page",113.44,8,21.2856,Online
2894,CA-2020-139913,23-10-2020,29-10-2020,Standard Class,JC-16105,Julie Creighton,Corporate,United States,Rochester,New York,East,OFF-PA-10002479,Office Supplies,Paper,Xerox 4200 Series MultiUse Premium Copy Paper (20Lb. and 84 Bright),143.4,5,11.88,Online
4150,CA-2020-106068,23-10-2020,28-10-2020,Standard Class,RB-19330,Randy Bradley,Consumer,United States,Austin,Texas,Central,TEC-AC-10002942,Technology,Accessories,WD My Passport Ultra 1TB Portable External Hard Drive,148.2,1,-2.07,COD
9612,CA-2020-144365,24-10-2020,30-10-2020,Standard Class,CS-11950,Carlos Soltero,Consumer,United States,Jackson,Mississippi,South,OFF-FA-10000735,Office Supplies,Fasteners,Staples,137.68,4,5.256,COD
8809,US-2020-110646,26-10-2020,31-10-2020,Standard Class,JF-15190,Jamie Frazer,Consumer,United States,Philadelphia,Pennsylvania,East,TEC-PH-10002807,Technology,Phones,Motorla HX550 Universal Bluetooth Headset,149.65,5,19.775,COD
88,CA-2020-155558,26-10-2020,02-11-2020,Standard Class,PG-18895,Paul Gonzalez,Consumer,United States,Rochester,Minnesota,Central,OFF-LA-10000134,Office Supplies,Labels,Avery 511,86.16,2,2.9568,Online
87,CA-2020-155558,26-10-2020,02-11-2020,Standard Class,PG-18895,Paul Gonzalez,Consumer,United States,Rochester,Minnesota,Central,TEC-AC-10001998,Technology,Accessories,Logitech LS21 Speaker System - PC Multimedia - 2.1-CH - Wired,95.99,1,6.7966,Cards
8810,US-2020-110646,26-10-2020,31-10-2020,Standard Class,JF-15190,Jamie Frazer,Consumer,United States,Philadelphia,Pennsylvania,East,OFF-LA-10001404,Office Supplies,Labels,Avery 517,115.76,5,4.9815,Online
8808,US-2020-110646,26-10-2020,31-10-2020,Standard Class,JF-15190,Jamie Frazer,Consumer,United States,Philadelphia,Pennsylvania,East,OFF-BI-10004330,Office Supplies,Binders,"GBC Velobind Prepunched Cover Sets, Regency Series",118.282,3,-27.735,COD
7332,CA-2020-115119,26-10-2020,30-10-2020,Standard Class,SC-20440,Shaun Chance,Corporate,United States,Lancaster,Pennsylvania,East,TEC-PH-10001433,Technology,Phones,Cisco Small Business SPA 502G VoIP phone,140.542,1,-13.3341,COD
9532,CA-2020-102729,26-10-2020,31-10-2020,Standard Class,BF-11215,Benjamin Farhat,Home Office,United States,Dallas,Texas,Central,OFF-ST-10000464,Office Supplies,Storage,"Multi-Use Personal File Cart and Caster Set, Three Stacking Bins",149.616,2,5.5616,Cards
4025,CA-2020-130764,27-10-2020,28-10-2020,First Class,JO-15145,Jack O'Briant,Corporate,United States,San Francisco,California,West,TEC-PH-10003215,Technology,Phones,Jackery Bar Premium Fast-charging Portable Charger,118.84,4,34.742,COD
7619,CA-2020-151225,27-10-2020,29-10-2020,First Class,JM-15655,Jim Mitchum,Corporate,United States,Los Angeles,California,West,FUR-TA-10001539,Furniture,Tables,Chromcraft Rectangular Conference Tables,238.576,1,9.4788,COD
9241,CA-2020-110310,27-10-2020,02-11-2020,Standard Class,NB-18655,Nona Balk,Corporate,United States,Tallahassee,Florida,South,OFF-BI-10001097,Office Supplies,Binders,Avery Hole Reinforcements,85.607,3,-3.9249,Online
5673,CA-2020-127922,27-10-2020,03-11-2020,Standard Class,SH-19975,Sally Hughsby,Corporate,United States,Dallas,Texas,Central,OFF-EN-10003068,Office Supplies,Envelopes,#6 3/4 Gummed Flap White Envelopes,87.84,2,5.544,Online
5674,CA-2020-127922,27-10-2020,03-11-2020,Standard Class,SH-19975,Sally Hughsby,Corporate,United States,Dallas,Texas,Central,OFF-PA-10001204,Office Supplies,Paper,Xerox 1972,116.448,2,2.64,Online
9242,CA-2020-110310,27-10-2020,02-11-2020,Standard Class,NB-18655,Nona Balk,Corporate,United States,Tallahassee,Florida,South,OFF-AR-10001662,Office Supplies,Art,Rogers Handheld Barrel Pencil Sharpener,87.576,3,0.5754,COD
3253,CA-2020-110373,27-10-2020,30-10-2020,Second Class,MA-17560,Matt Abelman,Home Office,United States,Chicago,Illinois,Central,OFF-AR-10003045,Office Supplies,Art,Prang Colored Pencils,118.056,3,2.205,Online
3254,CA-2020-110373,27-10-2020,30-10-2020,Second Class,MA-17560,Matt Abelman,Home Office,United States,Chicago,Illinois,Central,TEC-PH-10001536,Technology,Phones,Spigen Samsung Galaxy S5 Case Wallet,107.184,2,2.0388,Cards
8477,CA-2020-134880,27-10-2020,01-11-2020,Standard Class,TW-21025,Tamara Willingham,Home Office,United States,Mesa,Arizona,West,OFF-PA-10004039,Office Supplies,Paper,Xerox 1882,122.784,1,16.2342,Online
9240,CA-2020-110310,27-10-2020,02-11-2020,Standard Class,NB-18655,Nona Balk,Corporate,United States,Tallahassee,Florida,South,OFF-PA-10001685,Office Supplies,Paper,Easy-staple paper,158.784,7,20.5842,Cards
7620,CA-2020-151225,27-10-2020,29-10-2020,First Class,JM-15655,Jim Mitchum,Corporate,United States,Los Angeles,California,West,TEC-PH-10004100,Technology,Phones,Griffin GC17055 Auxiliary Audio Cable,155.96,5,7.196,COD
6496,CA-2020-111262,28-10-2020,01-11-2020,Second Class,KH-16510,Keith Herrera,Consumer,United States,Houston,Texas,Central,OFF-PA-10001937,Office Supplies,Paper,Xerox 21,88.552,3,5.4432,COD
6497,CA-2020-111262,28-10-2020,01-11-2020,Second Class,KH-16510,Keith Herrera,Consumer,United States,Houston,Texas,Central,TEC-AC-10004510,Technology,Accessories,Logitech Desktop MK120 Mouse and keyboard Combo,109.176,2,-3.272,Cards
8910,CA-2020-160661,28-10-2020,01-11-2020,Standard Class,SA-20830,Sue Ann Reed,Consumer,United States,Everett,Massachusetts,East,OFF-LA-10002475,Office Supplies,Labels,Avery 519,103.93,3,10.3071,Cards
6495,CA-2020-111262,28-10-2020,01-11-2020,Second Class,KH-16510,Keith Herrera,Consumer,United States,Houston,Texas,Central,TEC-AC-10002167,Technology,Accessories,Imation 8gb Micro Traveldrive Usb 2.0 Flash Drive,138.0,2,-2.7,Online
4260,CA-2020-118367,28-10-2020,02-11-2020,Second Class,LO-17170,Lori Olson,Corporate,United States,New York City,New York,East,OFF-EN-10004386,Office Supplies,Envelopes,"Recycled Interoffice Envelopes with String and Button Closure, 10 x 13",162.98,2,23.99,Cards
7712,CA-2020-139353,28-10-2020,30-10-2020,Second Class,JM-15250,Janet Martin,Consumer,United States,Fayetteville,North Carolina,South,FUR-FU-10001876,Furniture,Furnishings,"Computer Room Manger, 14""",177.952,3,15.5904,Online
7714,CA-2020-139353,28-10-2020,30-10-2020,Second Class,JM-15250,Janet Martin,Consumer,United States,Fayetteville,North Carolina,South,OFF-PA-10000300,Office Supplies,Paper,Xerox 1936,146.952,3,16.1838,Cards
899,CA-2020-160983,29-10-2020,31-10-2020,Second Class,GB-14530,George Bell,Corporate,United States,Auburn,New York,East,OFF-PA-10002250,Office Supplies,Paper,Things To Do Today Pad,146.96,8,22.5408,COD
2280,CA-2020-142622,30-10-2020,02-11-2020,First Class,JK-15625,Jim Karlsson,Consumer,United States,Seattle,Washington,West,FUR-CH-10003833,Furniture,Chairs,Novimex Fabric Task Chair,109.568,2,-6.098,COD
3547,CA-2020-155292,30-10-2020,01-11-2020,First Class,RD-19810,Ross DeVincentis,Home Office,United States,Richmond,Kentucky,South,OFF-ST-10004963,Office Supplies,Storage,Eldon Gobal File Keepers,118.98,7,4.2392,COD
1660,CA-2020-127285,30-10-2020,06-11-2020,Standard Class,MM-18055,Michelle Moray,Consumer,United States,Seattle,Washington,West,OFF-BI-10004330,Office Supplies,Binders,"GBC Velobind Prepunched Cover Sets, Regency Series",119.752,3,27.735,COD
1708,CA-2020-123491,30-10-2020,05-11-2020,Standard Class,JK-15205,Jamie Kunitz,Consumer,United States,San Francisco,California,West,TEC-PH-10003505,Technology,Phones,Geemarc AmpliPOWER60,194.48,2,16.704,COD
2282,CA-2020-142622,30-10-2020,02-11-2020,First Class,JK-15625,Jim Karlsson,Consumer,United States,Seattle,Washington,West,FUR-BO-10004467,Furniture,Bookcases,Bestar Classic Bookcase,232.98,2,37.9962,COD
1494,CA-2020-139661,30-10-2020,03-11-2020,Standard Class,JW-15220,Jane Waco,Corporate,United States,Vancouver,Washington,West,FUR-FU-10002885,Furniture,Furnishings,Magna Visual Magnetic Picture Hangers,115.64,2,3.6632,Online
1742,CA-2020-152807,30-10-2020,03-11-2020,Standard Class,MC-18100,Mick Crebagga,Consumer,United States,Philadelphia,Pennsylvania,East,OFF-PA-10004355,Office Supplies,Paper,Xerox 231,104.736,4,7.2576,Cards
1709,CA-2020-123491,30-10-2020,05-11-2020,Standard Class,JK-15205,Jamie Kunitz,Consumer,United States,San Francisco,California,West,OFF-PA-10003424,Office Supplies,Paper,"""While you Were Out"" Message Book, One Form per Page",120.42,2,3.71,Online
1711,CA-2020-123491,30-10-2020,05-11-2020,Standard Class,JK-15205,Jamie Kunitz,Consumer,United States,San Francisco,California,West,OFF-AR-10003514,Office Supplies,Art,4009 Highlighters by Sanford,89.9,5,6.567,Online
3438,CA-2020-152583,30-10-2020,30-10-2020,Same Day,RA-19945,Ryan Akin,Consumer,United States,Dallas,Texas,Central,FUR-FU-10003849,Furniture,Furnishings,"DAX Metal Frame, Desktop, Stepped-Edge",91.192,2,-8.5008,COD
1743,CA-2020-152807,30-10-2020,03-11-2020,Standard Class,MC-18100,Mick Crebagga,Consumer,United States,Philadelphia,Pennsylvania,East,FUR-FU-10004415,Furniture,Furnishings,"Stacking Tray, Side-Loading, Legal, Smoke",110.168,2,0.9856,Online
3549,CA-2020-155292,30-10-2020,01-11-2020,First Class,RD-19810,Ross DeVincentis,Home Office,United States,Richmond,Kentucky,South,FUR-CH-10000553,Furniture,Chairs,"Metal Folding Chairs, Beige, 4/Carton",133.94,1,9.1638,Online
1661,CA-2020-127285,30-10-2020,06-11-2020,Standard Class,MM-18055,Michelle Moray,Consumer,United States,Seattle,Washington,West,OFF-BI-10002072,Office Supplies,Binders,Cardinal Slant-D Ring Binders,126.904,2,5.214,Cards
1744,CA-2020-152807,30-10-2020,03-11-2020,Standard Class,MC-18100,Mick Crebagga,Consumer,United States,Philadelphia,Pennsylvania,East,OFF-ST-10002486,Office Supplies,Storage,Eldon Shelf Savers Cubes and Bins,109.168,2,-2.5128,COD
3548,CA-2020-155292,30-10-2020,01-11-2020,First Class,RD-19810,Ross DeVincentis,Home Office,United States,Richmond,Kentucky,South,OFF-SU-10002573,Office Supplies,Supplies,"Acme 10"" Easy Grip Assistive Scissors",133.06,2,10.518,Cards
3550,CA-2020-155292,30-10-2020,01-11-2020,First Class,RD-19810,Ross DeVincentis,Home Office,United States,Richmond,Kentucky,South,OFF-LA-10001982,Office Supplies,Labels,Smead Alpha-Z Color-Coded Name Labels First Letter Starter Set,146.0,8,14.4,Cards
1707,CA-2020-123491,30-10-2020,05-11-2020,Standard Class,JK-15205,Jamie Kunitz,Consumer,United States,San Francisco,California,West,OFF-LA-10003077,Office Supplies,Labels,Avery 500,151.86,6,20.6142,Online
1710,CA-2020-123491,30-10-2020,05-11-2020,Standard Class,JK-15205,Jamie Kunitz,Consumer,United States,San Francisco,California,West,FUR-CH-10003061,Furniture,Chairs,"Global Leather Task Chair, Black",172.992,1,-0.8999,Online
3440,CA-2020-152583,30-10-2020,30-10-2020,Same Day,RA-19945,Ryan Akin,Consumer,United States,Dallas,Texas,Central,OFF-ST-10002214,Office Supplies,Storage,X-Rack File for Hanging Folders,157.192,6,4.0644,Online
7827,CA-2020-117114,31-10-2020,05-11-2020,Standard Class,CY-12745,Craig Yedwab,Corporate,United States,Chicago,Illinois,Central,TEC-PH-10004042,Technology,Phones,ClearOne Communications CHAT 70 OC Speaker Phone,522.768,4,38.1576,COD
6398,CA-2020-131632,31-10-2020,04-11-2020,Standard Class,AH-10120,Adrian Hane,Home Office,United States,Dallas,Texas,Central,OFF-AR-10003651,Office Supplies,Art,Newell 350,95.248,2,0.5904,COD
7828,CA-2020-117114,31-10-2020,05-11-2020,Standard Class,CY-12745,Craig Yedwab,Corporate,United States,Chicago,Illinois,Central,OFF-EN-10001137,Office Supplies,Envelopes,"#10 Gummed Flap White Envelopes, 100/Box",108.912,3,3.2214,Online
2567,CA-2020-123967,01-11-2020,03-11-2020,Second Class,SF-20200,Sarah Foster,Consumer,United States,Bellingham,Washington,West,OFF-BI-10001308,Office Supplies,Binders,GBC Standard Plastic Binding Systems' Combs,138.12,5,7.85,COD
8227,CA-2020-104136,01-11-2020,04-11-2020,Second Class,SF-20065,Sandra Flanagan,Consumer,United States,Everett,Massachusetts,East,OFF-PA-10001033,Office Supplies,Paper,Xerox 1893,174.99,1,20.0851,Online
4883,CA-2020-143567,02-11-2020,05-11-2020,Second Class,TB-21175,Thomas Boland,Corporate,United States,Henderson,Kentucky,South,OFF-ST-10001580,Office Supplies,Storage,Super Decoflex Portable Personal File,104.92,4,16.7776,COD
6823,US-2020-115609,02-11-2020,07-11-2020,Standard Class,CS-12505,Cindy Stewart,Consumer,United States,Los Angeles,California,West,OFF-AP-10003040,Office Supplies,Appliances,Fellowes 8 Outlet Superior Workstation Surge Protector w/o Phone/Fax/Modem Protection,178.1,5,43.706,COD
4590,US-2020-163790,02-11-2020,04-11-2020,Second Class,NL-18310,Nancy Lomonaco,Home Office,United States,Danville,California,West,OFF-ST-10001511,Office Supplies,Storage,Space Solutions Commercial Steel Shelving,466.55,7,22.6275,Cards
4880,CA-2020-143567,02-11-2020,05-11-2020,Second Class,TB-21175,Thomas Boland,Corporate,United States,Henderson,Kentucky,South,OFF-EN-10004846,Office Supplies,Envelopes,Letter or Legal Size Expandable Poly String Tie Envelopes,110.32,2,2.6068,COD
9083,CA-2020-169005,02-11-2020,06-11-2020,Standard Class,BG-11035,Barry Gonzalez,Consumer,United States,Springfield,Virginia,South,OFF-AR-10000246,Office Supplies,Art,Newell 318,107.56,2,1.4456,Online
2890,CA-2020-164049,02-11-2020,06-11-2020,Standard Class,KH-16630,Ken Heidel,Corporate,United States,Seattle,Washington,West,OFF-PA-10000791,Office Supplies,Paper,"Wirebound Message Books, Four 2 3/4 x 5 Forms per Page, 200 Sets per Book",98.85,5,10.7325,COD
8021,CA-2020-167227,02-11-2020,05-11-2020,First Class,NP-18670,Nora Paige,Consumer,United States,Saint Louis,Missouri,Central,OFF-PA-10001838,Office Supplies,Paper,"Adams Telephone Message Book W/Dividers/Space For Phone Numbers, 5 1/4""X8 1/2"", 300/Messages",102.76,2,5.7624,Cards
5505,CA-2020-127782,02-11-2020,06-11-2020,Standard Class,TH-21115,Thea Hudgings,Corporate,United States,Philadelphia,Pennsylvania,East,OFF-EN-10003845,Office Supplies,Envelopes,Colored Envelopes,116.856,3,2.8782,Cards
5648,CA-2020-168179,02-11-2020,07-11-2020,Standard Class,JB-16000,Joy Bell-,Consumer,United States,Salt Lake City,Utah,West,OFF-PA-10001800,Office Supplies,Paper,Xerox 220,109.44,3,9.3312,COD
4586,US-2020-163790,02-11-2020,04-11-2020,Second Class,NL-18310,Nancy Lomonaco,Home Office,United States,Danville,California,West,OFF-AR-10003469,Office Supplies,Art,Nontoxic Chalk,102.8,5,4.224,Cards
5503,CA-2020-127782,02-11-2020,06-11-2020,Standard Class,TH-21115,Thea Hudgings,Corporate,United States,Philadelphia,Pennsylvania,East,FUR-FU-10001847,Furniture,Furnishings,Eldon Image Series Black Desk Accessories,122.312,1,0.6624,Cards
4588,US-2020-163790,02-11-2020,04-11-2020,Second Class,NL-18310,Nancy Lomonaco,Home Office,United States,Danville,California,West,OFF-FA-10004838,Office Supplies,Fasteners,"Super Bands, 12/Pack",107.58,3,0.1674,Online
3275,CA-2020-116358,02-11-2020,06-11-2020,Standard Class,KM-16225,Kalyca Meade,Corporate,United States,Overland Park,Kansas,Central,OFF-FA-10003495,Office Supplies,Fasteners,Staples,134.24,3,9.12,Online
5504,CA-2020-127782,02-11-2020,06-11-2020,Standard Class,TH-21115,Thea Hudgings,Corporate,United States,Philadelphia,Pennsylvania,East,OFF-AP-10001962,Office Supplies,Appliances,Black & Decker Filter for Double Action Dustbuster Cordless Vac BLDV7210,143.136,3,1.2585,Online
3276,CA-2020-116358,02-11-2020,06-11-2020,Standard Class,KM-16225,Kalyca Meade,Corporate,United States,Overland Park,Kansas,Central,OFF-AR-10004685,Office Supplies,Art,"Binney & Smith Crayola Metallic Colored Pencils, 8-Color Set",123.78,6,9.1674,Cards
4589,US-2020-163790,02-11-2020,04-11-2020,Second Class,NL-18310,Nancy Lomonaco,Home Office,United States,Danville,California,West,FUR-FU-10002508,Furniture,Furnishings,Document Clip Frames,131.02,3,10.5084,Cards
7377,US-2020-145597,02-11-2020,05-11-2020,First Class,GG-14650,Greg Guthrie,Corporate,United States,Bloomington,Illinois,Central,OFF-AR-10001958,Office Supplies,Art,Stanley Bostitch Contemporary Electric Pencil Sharpeners,152.336,4,5.4336,Online
4585,US-2020-163790,02-11-2020,04-11-2020,Second Class,NL-18310,Nancy Lomonaco,Home Office,United States,Danville,California,West,OFF-EN-10001335,Office Supplies,Envelopes,"White Business Envelopes with Contemporary Seam, Recycled White Business Envelopes",170.58,7,38.29,Cards
416,CA-2020-142636,03-11-2020,07-11-2020,Standard Class,KC-16675,Kimberly Carter,Corporate,United States,Seattle,Washington,West,FUR-CH-10001891,Furniture,Chairs,Global Deluxe Office Fabric Chairs,325.136,4,26.8744,Online
6352,CA-2020-161130,03-11-2020,08-11-2020,Standard Class,BF-11275,Beth Fritzler,Corporate,United States,Miami,Florida,South,TEC-PH-10002549,Technology,Phones,Polycom SoundPoint IP 450 VoIP phone,377.376,2,27.1032,Cards
8305,CA-2020-135419,03-11-2020,09-11-2020,Standard Class,BG-11740,Bruce Geld,Consumer,United States,Bakersfield,California,West,FUR-TA-10001086,Furniture,Tables,"SAFCO PlanMaster Boards, 60w x 37-1/2d, White Melamine",502.368,4,36.4776,Cards
2909,CA-2020-121615,03-11-2020,09-11-2020,Standard Class,DL-12925,Daniel Lacy,Consumer,United States,Eagan,Minnesota,Central,OFF-LA-10001771,Office Supplies,Labels,Avery 513,83.94,3,6.8724,Online
8048,CA-2020-130834,03-11-2020,06-11-2020,Second Class,JM-16195,Justin MacKendrick,Consumer,United States,Wilmington,North Carolina,South,OFF-PA-10003673,Office Supplies,Paper,Strathmore Photo Mount Cards,95.272,3,5.2884,COD
326,CA-2020-153339,03-11-2020,05-11-2020,Second Class,DJ-13510,Don Jones,Corporate,United States,Murfreesboro,Tennessee,South,FUR-FU-10001967,Furniture,Furnishings,Telescoping Adjustable Floor Lamp,93.992,1,0.9995,COD
8822,CA-2020-100622,03-11-2020,07-11-2020,Standard Class,DK-13090,Dave Kipp,Consumer,United States,Orlando,Florida,South,OFF-BI-10002982,Office Supplies,Binders,Avery Self-Adhesive Photo Pockets for Polaroid Photos,119.086,2,-2.9964,Cards
2907,CA-2020-121615,03-11-2020,09-11-2020,Standard Class,DL-12925,Daniel Lacy,Consumer,United States,Eagan,Minnesota,Central,OFF-PA-10000327,Office Supplies,Paper,Xerox 1971,103.56,2,3.852,Online
5700,CA-2020-148320,03-11-2020,08-11-2020,Standard Class,PG-18895,Paul Gonzalez,Consumer,United States,San Francisco,California,West,OFF-PA-10003022,Office Supplies,Paper,Xerox 1992,118.88,6,17.5812,Online
5424,CA-2020-103009,03-11-2020,05-11-2020,Second Class,PJ-18835,Patrick Jones,Corporate,United States,Richmond,Kentucky,South,OFF-PA-10001215,Office Supplies,Paper,Xerox 1963,128.4,5,11.88,Cards
762,CA-2020-126046,03-11-2020,07-11-2020,Standard Class,JC-16105,Julie Creighton,Corporate,United States,Atlanta,Georgia,South,OFF-LA-10004484,Office Supplies,Labels,Avery 476,132.39,3,5.6994,Cards
8294,US-2020-168802,03-11-2020,07-11-2020,Standard Class,JO-15145,Jack O'Briant,Corporate,United States,Seattle,Washington,West,OFF-BI-10002393,Office Supplies,Binders,Binder Posts,131.368,4,5.9696,Cards
8824,CA-2020-100622,03-11-2020,07-11-2020,Standard Class,DK-13090,Dave Kipp,Consumer,United States,Orlando,Florida,South,OFF-PA-10002947,Office Supplies,Paper,Xerox 1923,110.688,2,3.7408,Online
4264,CA-2020-110429,03-11-2020,08-11-2020,Standard Class,DM-13015,Darrin Martin,Consumer,United States,Philadelphia,Pennsylvania,East,OFF-BI-10000216,Office Supplies,Binders,"Mead 1st Gear 2"" Zipper Binder, Asst. Colors",149.673,3,-7.782,Cards
7716,US-2020-101518,03-11-2020,08-11-2020,Standard Class,PB-19105,Peter Bühler,Consumer,United States,Philadelphia,Pennsylvania,East,TEC-AC-10001553,Technology,Accessories,"Memorex 25GB 6X Branded Blu-Ray Recordable Disc, 15/Pack",140.776,3,0.5097,COD
5249,US-2020-110989,03-11-2020,05-11-2020,Second Class,EJ-14155,Eva Jacobs,Consumer,United States,Seattle,Washington,West,TEC-AC-10002345,Technology,Accessories,HP Standard 104 key PS/2 Keyboard,127.5,3,10.875,Online
2803,CA-2020-143329,03-11-2020,08-11-2020,Standard Class,DL-13330,Denise Leinenbach,Consumer,United States,Las Cruces,New Mexico,West,FUR-FU-10000629,Furniture,Furnishings,9-3/4 Diameter Round Wall Clock,162.37,3,17.3754,Online
8823,CA-2020-100622,03-11-2020,07-11-2020,Standard Class,DK-13090,Dave Kipp,Consumer,United States,Orlando,Florida,South,OFF-AR-10004010,Office Supplies,Art,Hunt Boston Vacuum Mount KS Pencil Sharpener,152.984,2,4.1988,COD
2908,CA-2020-121615,03-11-2020,09-11-2020,Standard Class,DL-12925,Daniel Lacy,Consumer,United States,Eagan,Minnesota,Central,OFF-ST-10001325,Office Supplies,Storage,Sterilite Officeware Hinged File Box,177.4,5,14.148,Cards
8911,CA-2020-102610,04-11-2020,08-11-2020,Standard Class,CA-12265,Christina Anderson,Consumer,United States,Chattanooga,Tennessee,South,TEC-AC-10000303,Technology,Accessories,Logitech M510 Wireless Mouse,111.976,3,15.5961,COD
685,US-2020-168116,04-11-2020,04-11-2020,Same Day,GT-14635,Grant Thornton,Corporate,United States,Burlington,North Carolina,South,OFF-AP-10002457,Office Supplies,Appliances,"Eureka The Boss Plus 12-Amp Hard Box Upright Vacuum, Red",198.44,2,14.651,COD
9225,CA-2020-121160,04-11-2020,04-11-2020,Same Day,FM-14290,Frank Merwin,Home Office,United States,Bryan,Texas,Central,OFF-BI-10003094,Office Supplies,Binders,Self-Adhesive Ring Binder Labels,78.408,2,-2.3232,Online
8914,CA-2020-102610,04-11-2020,08-11-2020,Standard Class,CA-12265,Christina Anderson,Consumer,United States,Chattanooga,Tennessee,South,OFF-LA-10002195,Office Supplies,Labels,Avery 481,83.928,2,1.7248,Online
838,US-2020-156083,04-11-2020,11-11-2020,Standard Class,JL-15175,James Lanier,Home Office,United States,Columbia,Tennessee,South,OFF-PA-10001560,Office Supplies,Paper,"Adams Telephone Message Books, 5 1/4” x 11”",106.664,2,3.2616,COD
1411,CA-2020-105144,04-11-2020,11-11-2020,Standard Class,SZ-20035,Sam Zeldin,Home Office,United States,Grand Prairie,Texas,Central,OFF-LA-10003923,Office Supplies,Labels,Alphabetical Labels for Top Tab Filing,90.68,2,8.88,Online
9761,CA-2020-159135,04-11-2020,08-11-2020,Standard Class,KM-16375,Katherine Murray,Home Office,United States,Springdale,Arkansas,South,OFF-AR-10000657,Office Supplies,Art,"Binney & Smith inkTank Desk Highlighter, Chisel Tip, Yellow, 12/Box",103.3,2,1.419,Online
9224,CA-2020-121160,04-11-2020,04-11-2020,Same Day,FM-14290,Frank Merwin,Home Office,United States,Bryan,Texas,Central,OFF-BI-10001308,Office Supplies,Binders,GBC Standard Plastic Binding Systems' Combs,119.536,6,-13.188,Online
8913,CA-2020-102610,04-11-2020,08-11-2020,Standard Class,CA-12265,Christina Anderson,Consumer,United States,Chattanooga,Tennessee,South,OFF-BI-10004364,Office Supplies,Binders,Storex Dura Pro Binders,105.564,2,-2.97,Online
9226,CA-2020-121160,04-11-2020,04-11-2020,Same Day,FM-14290,Frank Merwin,Home Office,United States,Bryan,Texas,Central,OFF-BI-10004040,Office Supplies,Binders,Wilson Jones Impact Binders,143.144,4,-6.4232,COD
9227,CA-2020-121160,04-11-2020,04-11-2020,Same Day,FM-14290,Frank Merwin,Home Office,United States,Bryan,Texas,Central,OFF-ST-10002485,Office Supplies,Storage,Rogers Deluxe File Chest,146.752,3,-12.5286,COD
9606,US-2020-122672,04-11-2020,09-11-2020,Standard Class,HG-14965,Henry Goldwyn,Corporate,United States,Lancaster,Ohio,East,TEC-AC-10002323,Technology,Accessories,SanDisk Ultra 32 GB MicroSDHC Class 10 Memory Card,141.72,4,-6.188,COD
9471,CA-2020-102925,05-11-2020,10-11-2020,Second Class,CD-12280,Christina DeMoss,Consumer,United States,New York City,New York,East,TEC-PH-10001448,Technology,Phones,Anker Astro 15000mAh USB Portable Charger,124.98,2,3.9992,Online
9474,CA-2020-102925,05-11-2020,10-11-2020,Second Class,CD-12280,Christina DeMoss,Consumer,United States,New York City,New York,East,FUR-FU-10004245,Furniture,Furnishings,"Career Cubicle Clock, 8 1/4"", Black",133.4,5,38.532,Online
9473,CA-2020-102925,05-11-2020,10-11-2020,Second Class,CD-12280,Christina DeMoss,Consumer,United States,New York City,New York,East,FUR-CH-10004875,Furniture,Chairs,Harbour Creations 67200 Series Stacking Chairs,166.124,2,24.2012,COD
128,US-2020-107272,05-11-2020,12-11-2020,Standard Class,TS-21610,Troy Staebel,Consumer,United States,Phoenix,Arizona,West,OFF-ST-10002974,Office Supplies,Storage,"Trav-L-File Heavy-Duty Shuttle II, Black",253.992,7,30.499,COD
9498,CA-2020-118213,05-11-2020,07-11-2020,First Class,AB-10060,Adam Bellavance,Home Office,United States,Greenwood,Indiana,Central,OFF-PA-10002615,Office Supplies,Paper,"Ampad Gold Fibre Wirebound Steno Books, 6"" x 9"", Gregg Ruled",98.41,1,2.0286,COD
127,US-2020-107272,05-11-2020,12-11-2020,Standard Class,TS-21610,Troy Staebel,Consumer,United States,Phoenix,Arizona,West,OFF-BI-10003274,Office Supplies,Binders,"Avery Durable Slant Ring Binders, No Labels",81.388,2,-1.8308,COD
7490,CA-2020-157196,05-11-2020,09-11-2020,Standard Class,AA-10645,Anna Andreadi,Consumer,United States,San Diego,California,West,OFF-PA-10003172,Office Supplies,Paper,Xerox 1996,88.96,2,6.2208,COD
9472,CA-2020-102925,05-11-2020,10-11-2020,Second Class,CD-12280,Christina DeMoss,Consumer,United States,New York City,New York,East,OFF-BI-10002706,Office Supplies,Binders,Avery Premier Heavy-Duty Binder with Round Locking Rings,114.424,1,3.7128,Online
3349,CA-2020-154732,05-11-2020,07-11-2020,First Class,AH-10195,Alan Haines,Corporate,United States,Chicago,Illinois,Central,OFF-BI-10000474,Office Supplies,Binders,Avery Recycled Flexi-View Covers for Binding Systems,106.03,5,-25.648,COD
9469,CA-2020-102925,05-11-2020,10-11-2020,Second Class,CD-12280,Christina DeMoss,Consumer,United States,New York City,New York,East,OFF-PA-10001870,Office Supplies,Paper,Xerox 202,100.96,2,6.2208,Online
8171,CA-2020-107174,06-11-2020,13-11-2020,Standard Class,AB-10060,Adam Bellavance,Home Office,United States,Seattle,Washington,West,TEC-AC-10001465,Technology,Accessories,SanDisk Cruzer 64 GB USB Flash Drive,135.96,3,32.688,COD
2969,CA-2020-167941,06-11-2020,09-11-2020,Second Class,JF-15565,Jill Fjeld,Consumer,United States,Fayetteville,North Carolina,South,OFF-AP-10002118,Office Supplies,Appliances,"1.7 Cubic Foot Compact ""Cube"" Office Refrigerators",532.584,3,43.7136,Online
8966,CA-2020-106691,06-11-2020,12-11-2020,Standard Class,CC-12370,Christopher Conant,Consumer,United States,Houston,Texas,Central,OFF-BI-10000145,Office Supplies,Binders,Zipper Ring Binder Pockets,102.248,2,-1.9344,COD
419,CA-2020-154816,06-11-2020,10-11-2020,Standard Class,VB-21745,Victoria Brennan,Corporate,United States,Richmond,Kentucky,South,OFF-PA-10003845,Office Supplies,Paper,Xerox 1987,103.78,1,2.8322,Online
96,US-2020-109484,06-11-2020,12-11-2020,Standard Class,RB-19705,Roger Barcio,Home Office,United States,Portland,Oregon,West,OFF-BI-10004738,Office Supplies,Binders,Flexible Leather- Look Classic Collection Ring Binder,82.682,1,-3.788,COD
1231,CA-2020-100013,06-11-2020,11-11-2020,Standard Class,ZC-21910,Zuschuss Carroll,Consumer,United States,Los Angeles,California,West,OFF-AR-10001022,Office Supplies,Art,SANFORD Liquid Accent Tank-Style Highlighters,95.68,2,1.7608,COD
3046,CA-2020-125290,06-11-2020,10-11-2020,Second Class,CC-12430,Chuck Clark,Home Office,United States,Minneapolis,Minnesota,Central,OFF-AR-10001216,Office Supplies,Art,Newell 339,88.9,5,3.614,Online
2972,CA-2020-167941,06-11-2020,09-11-2020,Second Class,JF-15565,Jill Fjeld,Consumer,United States,Fayetteville,North Carolina,South,FUR-FU-10004671,Furniture,Furnishings,"Executive Impressions 12"" Wall Clock",107.272,2,6.3612,COD
5905,US-2020-153948,06-11-2020,06-11-2020,Same Day,FM-14290,Frank Merwin,Home Office,United States,San Francisco,California,West,OFF-PA-10000143,Office Supplies,Paper,Astroparche Fine Business Paper,126.4,5,12.672,COD
3047,CA-2020-125290,06-11-2020,10-11-2020,Second Class,CC-12430,Chuck Clark,Home Office,United States,Minneapolis,Minnesota,Central,OFF-PA-10003127,Office Supplies,Paper,Easy-staple paper,130.38,1,12.1348,COD
1229,CA-2020-100013,06-11-2020,11-11-2020,Standard Class,ZC-21910,Zuschuss Carroll,Consumer,United States,Los Angeles,California,West,OFF-EN-10001219,Office Supplies,Envelopes,"#10- 4 1/8"" x 9 1/2"" Security-Tint Envelopes",116.28,2,7.4872,Online
9482,CA-2020-150504,06-11-2020,12-11-2020,Standard Class,HG-14845,Harry Greene,Consumer,United States,Dallas,Texas,Central,OFF-ST-10000615,Office Supplies,Storage,"SimpliFile Personal File, Black Granite, 15w x 6-15/16d x 11-1/4h",130.16,2,1.816,Online
1230,CA-2020-100013,06-11-2020,11-11-2020,Standard Class,ZC-21910,Zuschuss Carroll,Consumer,United States,Los Angeles,California,West,FUR-FU-10001424,Furniture,Furnishings,Dax Clear Box Frame,111.73,1,2.9682,COD
5906,US-2020-153948,06-11-2020,06-11-2020,Same Day,FM-14290,Frank Merwin,Home Office,United States,San Francisco,California,West,OFF-LA-10000414,Office Supplies,Labels,Avery 503,133.4,4,19.872,COD
2971,CA-2020-167941,06-11-2020,09-11-2020,Second Class,JF-15565,Jill Fjeld,Consumer,United States,Fayetteville,North Carolina,South,OFF-BI-10002827,Office Supplies,Binders,Avery Durable Poly Binders,136.272,8,-10.6176,COD
5904,US-2020-153948,06-11-2020,06-11-2020,Same Day,FM-14290,Frank Merwin,Home Office,United States,San Francisco,California,West,OFF-PA-10002764,Office Supplies,Paper,Easy-staple paper,119.36,4,22.2264,Online
5907,US-2020-153948,06-11-2020,06-11-2020,Same Day,FM-14290,Frank Merwin,Home Office,United States,San Francisco,California,West,TEC-AC-10003441,Technology,Accessories,Kingston Digital DataTraveler 32GB USB 2.0,140.95,1,1.017,COD
2970,CA-2020-167941,06-11-2020,09-11-2020,Second Class,JF-15565,Jill Fjeld,Consumer,United States,Fayetteville,North Carolina,South,OFF-PA-10001800,Office Supplies,Paper,Xerox 220,143.104,6,10.8864,COD
3676,CA-2020-154109,06-11-2020,11-11-2020,Standard Class,ML-17410,Maris LaWare,Consumer,United States,Philadelphia,Pennsylvania,East,OFF-PA-10000157,Office Supplies,Paper,Xerox 191,129.952,3,16.1838,COD
198,CA-2020-107720,06-11-2020,13-11-2020,Standard Class,VM-21685,Valerie Mitchum,Home Office,United States,Westfield,New Jersey,East,OFF-ST-10001414,Office Supplies,Storage,Decoflex Hanging Personal Folder File,133.26,3,12.0276,COD
8621,US-2020-119319,06-11-2020,09-11-2020,Second Class,LC-17050,Liz Carlisle,Consumer,United States,Dallas,Texas,Central,FUR-FU-10003878,Furniture,Furnishings,"Linden 10"" Round Wall Clock, Black",164.56,5,-19.864,COD
5903,US-2020-153948,06-11-2020,06-11-2020,Same Day,FM-14290,Frank Merwin,Home Office,United States,San Francisco,California,West,OFF-PA-10000157,Office Supplies,Paper,Xerox 191,142.94,3,28.1718,COD
4779,CA-2020-132346,07-11-2020,11-11-2020,Standard Class,PK-19075,Pete Kriz,Consumer,United States,Newark,Delaware,East,OFF-AP-10000696,Office Supplies,Appliances,Holmes Odor Grabber,127.94,7,33.3102,COD
9370,CA-2020-113460,07-11-2020,09-11-2020,Second Class,KN-16390,Katherine Nockton,Corporate,United States,Clinton,Maryland,East,FUR-CH-10000422,Furniture,Chairs,Global Highback Leather Tilter in Burgundy,285.97,3,43.6752,COD
8331,CA-2020-113572,07-11-2020,11-11-2020,Standard Class,FP-14320,Frank Preis,Consumer,United States,New York City,New York,East,TEC-AC-10002370,Technology,Accessories,Maxell CD-R Discs,86.88,4,2.5216,Online
3559,CA-2020-152737,07-11-2020,12-11-2020,Standard Class,TS-21505,Tony Sayre,Consumer,United States,San Francisco,California,West,OFF-BI-10002982,Office Supplies,Binders,Avery Self-Adhesive Photo Pockets for Polaroid Photos,144.792,4,7.6272,Online
9493,CA-2020-163188,07-11-2020,07-11-2020,Same Day,EC-14050,Erin Creighton,Consumer,United States,Oklahoma City,Oklahoma,Central,OFF-BI-10000756,Office Supplies,Binders,Storex DuraTech Recycled Plastic Frosted Binders,142.16,9,19.08,Online
2074,CA-2020-122504,07-11-2020,12-11-2020,Second Class,DB-13270,Deborah Brumfield,Home Office,United States,Brentwood,California,West,TEC-AC-10003289,Technology,Accessories,Anker Ultra-Slim Mini Bluetooth 3.0 Wireless Keyboard,176.97,3,13.7931,Cards
8093,CA-2020-143658,08-11-2020,13-11-2020,Second Class,SR-20425,Sharelle Roach,Home Office,United States,New York City,New York,East,OFF-AR-10002818,Office Supplies,Art,Panasonic KP-310 Heavy-Duty Electric Pencil Sharpener,119.9,5,32.97,Online
2421,CA-2020-159597,09-11-2020,14-11-2020,Standard Class,MC-17590,Matt Collister,Corporate,United States,Coachella,California,West,TEC-AC-10004171,Technology,Accessories,Razer Kraken 7.1 Surround Sound Over Ear USB Gaming Headset,130.99,1,43.9956,Online
97,CA-2020-161018,09-11-2020,11-11-2020,Second Class,PN-18775,Parhena Norris,Home Office,United States,New York City,New York,East,FUR-FU-10000629,Furniture,Furnishings,9-3/4 Diameter Round Wall Clock,134.53,7,40.5426,Online
8594,CA-2020-159667,09-11-2020,13-11-2020,Standard Class,PM-19135,Peter McVee,Home Office,United States,Jacksonville,Florida,South,TEC-AC-10002567,Technology,Accessories,Logitech G602 Wireless Gaming Mouse,201.976,3,38.3952,Cards
2122,CA-2020-158246,09-11-2020,11-11-2020,First Class,JB-15400,Jennifer Braxton,Corporate,United States,Sunnyvale,California,West,FUR-CH-10003061,Furniture,Chairs,"Global Leather Task Chair, Black",229.976,3,-2.6997,Online
8595,CA-2020-159667,09-11-2020,13-11-2020,Standard Class,PM-19135,Peter McVee,Home Office,United States,Jacksonville,Florida,South,TEC-PH-10004094,Technology,Phones,Motorola L703CM,36.168,4,31.198,Online
3182,CA-2020-152912,09-11-2020,12-11-2020,Second Class,BM-11650,Brian Moss,Corporate,United States,Columbia,Maryland,East,OFF-BI-10004728,Office Supplies,Binders,Wilson Jones Turn Tabs Binder Tool for Ring Binders,101.64,2,4.4344,Cards
2420,CA-2020-159597,09-11-2020,14-11-2020,Standard Class,MC-17590,Matt Collister,Corporate,United States,Coachella,California,West,OFF-ST-10002289,Office Supplies,Storage,"Safco Wire Cube Shelving System, For Use as 4 or 5 14"" Cubes, Black",153.56,2,3.178,Online
4611,US-2020-141852,09-11-2020,14-11-2020,Standard Class,JE-15745,Joel Eaton,Consumer,United States,Oceanside,California,West,FUR-FU-10000023,Furniture,Furnishings,Eldon Wave Desk Accessories,156.12,8,20.7328,Cards
7352,CA-2020-141138,10-11-2020,16-11-2020,Standard Class,GH-14425,Gary Hwang,Consumer,United States,Modesto,California,West,TEC-AC-10001772,Technology,Accessories,Memorex Mini Travel Drive 16 GB USB 2.0 Flash Drive,129.79,7,43.5981,COD
1367,US-2020-155425,10-11-2020,11-11-2020,First Class,AB-10600,Ann Blume,Corporate,United States,Tucson,Arizona,West,TEC-PH-10002563,Technology,Phones,Adtran 1202752G1,216.584,2,15.1188,Online
6962,CA-2020-162096,10-11-2020,10-11-2020,Same Day,TB-21190,Thomas Brumley,Home Office,United States,Riverside,California,West,OFF-AR-10002221,Office Supplies,Art,12 Colored Short Pencils,115.8,3,2.106,COD
7327,US-2020-128447,10-11-2020,17-11-2020,Standard Class,MC-17845,Michael Chen,Consumer,United States,Pasco,Washington,West,OFF-BI-10001543,Office Supplies,Binders,GBC VeloBinder Manual Binding System,112.792,1,10.0772,Online
5391,CA-2020-163874,10-11-2020,12-11-2020,Second Class,NC-18535,Nick Crebassa,Corporate,United States,Seattle,Washington,West,OFF-BI-10000088,Office Supplies,Binders,GBC Imprintable Covers,112.352,3,9.5526,Online
6415,CA-2020-142671,10-11-2020,14-11-2020,Second Class,DR-12940,Daniel Raglin,Home Office,United States,Hollywood,Florida,South,OFF-BI-10004099,Office Supplies,Binders,GBC VeloBinder Strips,126.52,5,-7.68,Online
7449,CA-2020-115448,11-11-2020,14-11-2020,First Class,MH-18025,Michelle Huthwaite,Consumer,United States,Knoxville,Tennessee,South,FUR-FU-10004090,Furniture,Furnishings,"Executive Impressions 14"" Contract Wall Clock",109.92,5,14.4495,Cards
2838,CA-2020-110842,11-11-2020,16-11-2020,Standard Class,GA-14725,Guy Armstrong,Consumer,United States,Los Angeles,California,West,OFF-BI-10000977,Office Supplies,Binders,Ibico Plastic Spiral Binding Combs,162.6,5,39.52,Online
3175,CA-2020-157483,11-11-2020,18-11-2020,Standard Class,EP-13915,Emily Phan,Consumer,United States,Detroit,Michigan,Central,OFF-AR-10004260,Office Supplies,Art,Boston 1799 Powerhouse Electric Pencil Sharpener,211.86,7,50.9208,COD
2775,CA-2020-143455,11-11-2020,18-11-2020,Standard Class,ML-17755,Max Ludwig,Home Office,United States,Springfield,Ohio,East,OFF-PA-10004451,Office Supplies,Paper,Xerox 222,111.368,2,3.6288,Online
901,CA-2020-150959,11-11-2020,13-11-2020,First Class,TD-20995,Tamara Dahlen,Consumer,United States,Garland,Texas,Central,OFF-LA-10001045,Office Supplies,Labels,Permanent Self-Adhesive File Folder Labels for Typewriters by Universal,92.44,5,3.393,Online
5079,CA-2020-143217,11-11-2020,17-11-2020,Standard Class,CG-12040,Catherine Glotzbach,Home Office,United States,Milwaukee,Wisconsin,Central,OFF-BI-10002949,Office Supplies,Binders,Prestige Round Ring Binders,90.24,3,8.5728,COD
2837,CA-2020-110842,11-11-2020,16-11-2020,Standard Class,GA-14725,Guy Armstrong,Consumer,United States,Los Angeles,California,West,OFF-PA-10000520,Office Supplies,Paper,Xerox 201,115.44,3,9.3312,COD
9261,CA-2020-167976,11-11-2020,14-11-2020,Second Class,JL-15505,Jeremy Lonsdale,Consumer,United States,Aberdeen,South Dakota,Central,OFF-SU-10004661,Office Supplies,Supplies,Acme Titanium Bonded Scissors,107.5,3,6.63,Cards
2836,CA-2020-110842,11-11-2020,16-11-2020,Standard Class,GA-14725,Guy Armstrong,Consumer,United States,Los Angeles,California,West,OFF-AP-10003971,Office Supplies,Appliances,Belkin 6 Outlet Metallic Surge Strip,136.89,1,2.8314,COD
5117,CA-2020-154137,11-11-2020,17-11-2020,Standard Class,MT-17815,Meg Tillman,Consumer,United States,New York City,New York,East,OFF-ST-10003324,Office Supplies,Storage,Belkin OmniView SE Rackmount Kit,125.48,1,0.0,Cards
8997,US-2020-116491,11-11-2020,13-11-2020,First Class,PG-18820,Patrick Gardner,Consumer,United States,Dallas,Texas,Central,TEC-PH-10004531,Technology,Phones,OtterBox Commuter Series Case - iPhone 5 & 5s,143.184,2,12.3144,Cards
4227,CA-2020-120327,11-11-2020,16-11-2020,Standard Class,WB-21850,William Brown,Consumer,United States,Urbandale,Iowa,Central,OFF-FA-10004854,Office Supplies,Fasteners,"Vinyl Coated Wire Paper Clips in Organizer Box, 800/Box",133.92,4,21.5824,Online
7468,CA-2020-148985,11-11-2020,15-11-2020,Second Class,TB-21190,Thomas Brumley,Home Office,United States,Los Angeles,California,West,FUR-FU-10001424,Furniture,Furnishings,Dax Clear Box Frame,150.92,4,11.8728,Online
3137,CA-2020-164168,12-11-2020,18-11-2020,Standard Class,LS-16975,Lindsay Shagiari,Home Office,United States,Dallas,Texas,Central,TEC-PH-10004908,Technology,Phones,Panasonic KX TS3282W Corded phone,102.992,1,8.499,Online
8429,US-2020-132220,12-11-2020,16-11-2020,Standard Class,DJ-13510,Don Jones,Corporate,United States,Tempe,Arizona,West,TEC-AC-10004227,Technology,Accessories,SanDisk Ultra 16 GB MicroSDHC Class 10 Memory Card,103.352,6,-10.9116,Online
3136,CA-2020-164168,12-11-2020,18-11-2020,Standard Class,LS-16975,Lindsay Shagiari,Home Office,United States,Dallas,Texas,Central,OFF-ST-10002583,Office Supplies,Storage,Fellowes Neat Ideas Storage Cubes,117.952,3,-15.5904,Cards
6214,CA-2020-149944,12-11-2020,16-11-2020,Second Class,MB-17305,Maria Bertelson,Consumer,United States,Longview,Washington,West,OFF-AP-10004708,Office Supplies,Appliances,Fellowes Superior 10 Outlet Split Surge Protector,126.12,2,22.0748,Cards
2952,CA-2020-134915,12-11-2020,12-11-2020,Same Day,EM-14140,Eugene Moren,Home Office,United States,Glendale,Arizona,West,FUR-CH-10004875,Furniture,Chairs,Harbour Creations 67200 Series Stacking Chairs,132.888,2,9.9652,COD
2953,CA-2020-134915,12-11-2020,12-11-2020,Same Day,EM-14140,Eugene Moren,Home Office,United States,Glendale,Arizona,West,FUR-FU-10000305,Furniture,Furnishings,"Tenex V2T-RE Standard Weight Series Chair Mat, 45"" x 53"", Lip 25"" x 12""",134.568,2,-5.6784,COD
4742,CA-2020-164364,12-11-2020,16-11-2020,Standard Class,CS-12355,Christine Sundaresam,Consumer,United States,Seattle,Washington,West,OFF-AR-10000315,Office Supplies,Art,"Dixon Ticonderoga Maple Cedar Pencil, #2",88.21,3,2.3025,Cards
2954,CA-2020-134915,12-11-2020,12-11-2020,Same Day,EM-14140,Eugene Moren,Home Office,United States,Glendale,Arizona,West,TEC-PH-10000347,Technology,Phones,Cush Cases Heavy Duty Rugged Cover Case for Samsung Galaxy S5 - Purple,112.92,2,0.693,COD
9639,US-2020-125808,12-11-2020,15-11-2020,Second Class,EP-13915,Emily Phan,Consumer,United States,Los Angeles,California,West,OFF-PA-10001846,Office Supplies,Paper,Xerox 1899,108.56,2,5.6644,Cards
1500,CA-2020-130386,12-11-2020,18-11-2020,Standard Class,NG-18430,Nathan Gelder,Consumer,United States,Austin,Texas,Central,OFF-PA-10002749,Office Supplies,Paper,"Wirebound Message Books, 5-1/2 x 4 Forms, 2 or 4 Forms per Page",113.056,3,5.8203,Online
4827,US-2020-136707,12-11-2020,15-11-2020,First Class,JE-15610,Jim Epp,Corporate,United States,Los Angeles,California,West,OFF-BI-10003460,Office Supplies,Binders,Acco 3-Hole Punch,94.016,4,4.9056,COD
237,CA-2020-160514,12-11-2020,16-11-2020,Standard Class,DB-13120,David Bremer,Corporate,United States,Santa Clara,California,West,OFF-PA-10002479,Office Supplies,Paper,Xerox 4200 Series MultiUse Premium Copy Paper (20Lb. and 84 Bright),114.56,2,4.752,Cards
7769,CA-2020-154088,12-11-2020,17-11-2020,Standard Class,LB-16735,Larry Blacks,Consumer,United States,Tallahassee,Florida,South,OFF-PA-10003651,Office Supplies,Paper,Xerox 1968,94.72,5,9.352,Cards
3140,CA-2020-164168,12-11-2020,18-11-2020,Standard Class,LS-16975,Lindsay Shagiari,Home Office,United States,Dallas,Texas,Central,FUR-FU-10001756,Furniture,Furnishings,"Eldon Expressions Desk Accessory, Wood Photo Frame, Mahogany",114.848,3,-17.7072,Cards
3138,CA-2020-164168,12-11-2020,18-11-2020,Standard Class,LS-16975,Lindsay Shagiari,Home Office,United States,Dallas,Texas,Central,OFF-EN-10001219,Office Supplies,Envelopes,"#10- 4 1/8"" x 9 1/2"" Security-Tint Envelopes",110.224,2,4.4312,COD
3473,CA-2020-122644,12-11-2020,17-11-2020,Standard Class,SF-20965,Sylvia Foulston,Corporate,United States,Columbus,Ohio,East,TEC-AC-10003614,Technology,Accessories,"Verbatim 25 GB 6x Blu-ray Single Layer Recordable Disc, 10/Pack",100.544,2,3.0134,Cards
4741,CA-2020-164364,12-11-2020,16-11-2020,Standard Class,CS-12355,Christine Sundaresam,Consumer,United States,Seattle,Washington,West,OFF-LA-10004853,Office Supplies,Labels,Avery 483,119.96,2,4.5816,Cards
506,CA-2020-134978,12-11-2020,15-11-2020,Second Class,EB-13705,Ed Braxton,Corporate,United States,New York City,New York,East,OFF-BI-10003274,Office Supplies,Binders,"Avery Durable Slant Ring Binders, No Labels",114.92,5,5.373,Cards
3472,CA-2020-122644,12-11-2020,17-11-2020,Standard Class,SF-20965,Sylvia Foulston,Corporate,United States,Columbus,Ohio,East,OFF-PA-10003673,Office Supplies,Paper,Strathmore Photo Mount Cards,146.848,2,3.5256,Online
6213,CA-2020-149944,12-11-2020,16-11-2020,Second Class,MB-17305,Maria Bertelson,Consumer,United States,Longview,Washington,West,OFF-FA-10003495,Office Supplies,Fasteners,Staples,146.24,3,9.12,Online
2950,CA-2020-134915,12-11-2020,12-11-2020,Same Day,EM-14140,Eugene Moren,Home Office,United States,Glendale,Arizona,West,TEC-AC-10001266,Technology,Accessories,Memorex Micro Travel Drive 8 GB,131.6,4,13.0,Cards
2951,CA-2020-134915,12-11-2020,12-11-2020,Same Day,EM-14140,Eugene Moren,Home Office,United States,Glendale,Arizona,West,OFF-PA-10002160,Office Supplies,Paper,Xerox 1978,156.12,5,8.381,Cards
4743,CA-2020-164364,12-11-2020,16-11-2020,Standard Class,CS-12355,Christine Sundaresam,Consumer,United States,Seattle,Washington,West,OFF-SU-10000381,Office Supplies,Supplies,Acme Forged Steel Scissors with Black Enamel Handles,137.93,3,8.0997,Online
3139,CA-2020-164168,12-11-2020,18-11-2020,Standard Class,LS-16975,Lindsay Shagiari,Home Office,United States,Dallas,Texas,Central,TEC-AC-10004568,Technology,Accessories,Maxell LTO Ultrium - 800 GB,160.784,2,-0.5598,Online
5805,CA-2020-113873,13-11-2020,19-11-2020,Standard Class,KE-16420,Katrina Edelman,Corporate,United States,Dallas,Texas,Central,OFF-ST-10000943,Office Supplies,Storage,Eldon ProFile File 'N Store Portable File Tub Letter/Legal Size Black,101.792,4,6.1792,Cards
7759,CA-2020-112844,13-11-2020,16-11-2020,Second Class,SP-20620,Stefania Perrino,Corporate,United States,Buffalo,New York,East,FUR-FU-10004845,Furniture,Furnishings,"Deflect-o EconoMat Nonstudded, No Bevel Mat",186.95,3,30.99,Online
5806,CA-2020-113873,13-11-2020,19-11-2020,Standard Class,KE-16420,Katrina Edelman,Corporate,United States,Dallas,Texas,Central,FUR-BO-10003441,Furniture,Bookcases,"Bush Westfield Collection Bookcases, Fully Assembled",221.9992,3,-27.2646,Online
8554,US-2020-102904,13-11-2020,20-11-2020,Standard Class,CB-12025,Cassandra Brandow,Consumer,United States,Decatur,Alabama,South,TEC-AC-10000927,Technology,Accessories,Anker Ultrathin Bluetooth Wireless Keyboard Aluminum Cover with Stand,253.92,8,23.992,Online
4868,CA-2020-122490,13-11-2020,18-11-2020,Standard Class,TT-21070,Ted Trevino,Consumer,United States,Seattle,Washington,West,OFF-ST-10000991,Office Supplies,Storage,Space Solutions HD Industrial Steel Shelving.,360.91,3,10.3473,Cards
3783,CA-2020-165204,13-11-2020,16-11-2020,Second Class,MN-17935,Michael Nguyen,Consumer,United States,Memphis,Tennessee,South,OFF-PA-10003424,Office Supplies,Paper,"""While you Were Out"" Message Book, One Form per Page",74.904,3,3.339,COD
5441,US-2020-153633,13-11-2020,18-11-2020,Second Class,TC-21295,Toby Carlisle,Consumer,United States,Jupiter,Florida,South,OFF-AR-10002335,Office Supplies,Art,DIXON Oriole Pencils,108.064,1,0.1548,Cards
4869,CA-2020-122490,13-11-2020,18-11-2020,Standard Class,TT-21070,Ted Trevino,Consumer,United States,Seattle,Washington,West,OFF-LA-10001613,Office Supplies,Labels,Avery File Folder Labels,112.64,3,4.2336,Cards
1551,US-2020-124926,13-11-2020,18-11-2020,Second Class,ME-17320,Maria Etezadi,Home Office,United States,Houston,Texas,Central,OFF-AP-10004868,Office Supplies,Appliances,Hoover Commercial Soft Guard Upright Vacuum And Disposable Filtration Bags,113.324,6,-24.7086,Cards
8320,CA-2020-133620,13-11-2020,18-11-2020,Standard Class,EM-14065,Erin Mull,Consumer,United States,New York City,New York,East,OFF-ST-10004634,Office Supplies,Storage,"Personal Folder Holder, Ebony",145.21,1,3.363,Online
7758,CA-2020-112844,13-11-2020,16-11-2020,Second Class,SP-20620,Stefania Perrino,Corporate,United States,Buffalo,New York,East,TEC-PH-10003988,Technology,Phones,"LF Elite 3D Dazzle Designer Hard Case Cover, Lf Stylus Pen and Wiper For Apple Iphone 5c Mini Lite",149.6,4,12.208,Online
9672,US-2020-140312,13-11-2020,19-11-2020,Standard Class,KL-16645,Ken Lonsdale,Consumer,United States,Dublin,California,West,TEC-PH-10003442,Technology,Phones,Samsung Replacement EH64AVFWE Premium Headset,143.0,5,1.375,COD
2628,US-2020-165344,13-11-2020,15-11-2020,First Class,SB-20290,Sean Braxton,Corporate,United States,Springfield,Ohio,East,TEC-AC-10002399,Technology,Accessories,SanDisk Cruzer 32 GB USB Flash Drive,151.864,4,9.1296,COD
8612,CA-2020-123624,13-11-2020,17-11-2020,Second Class,SE-20110,Sanjit Engle,Consumer,United States,Oxnard,California,West,TEC-AC-10000682,Technology,Accessories,Kensington K72356US Mouse-in-a-Box USB Desktop Mouse,151.95,5,29.0325,COD
8686,CA-2020-137323,14-11-2020,18-11-2020,Second Class,PW-19030,Pauline Webber,Corporate,United States,Watertown,New York,East,OFF-ST-10003996,Office Supplies,Storage,"Letter/Legal File Tote with Clear Snap-On Lid, Black Granite",131.36,6,25.0536,Cards
5190,US-2020-136679,14-11-2020,18-11-2020,Standard Class,XP-21865,Xylona Preis,Consumer,United States,Pasadena,Texas,Central,TEC-AC-10004855,Technology,Accessories,V7 USB Numeric Keypad,209.952,6,-27.2922,COD
961,CA-2020-152142,14-11-2020,19-11-2020,Standard Class,LW-16990,Lindsay Williams,Corporate,United States,San Francisco,California,West,FUR-CH-10002965,Furniture,Chairs,"Global Leather Highback Executive Chair with Pneumatic Height Adjustment, Black",334.568,2,28.1372,Cards
616,CA-2020-138611,14-11-2020,17-11-2020,Second Class,CK-12595,Clytie Kelty,Consumer,United States,Grove City,Ohio,East,OFF-BI-10002949,Office Supplies,Binders,Prestige Round Ring Binders,83.648,2,-2.7968,COD
1073,CA-2020-106943,14-11-2020,19-11-2020,Standard Class,FO-14305,Frank Olsen,Consumer,United States,New York City,New York,East,OFF-BI-10003669,Office Supplies,Binders,3M Organizer Strips,121.64,2,3.024,Online
9732,CA-2020-124261,14-11-2020,19-11-2020,Standard Class,JE-15715,Joe Elijah,Consumer,United States,Los Angeles,California,West,OFF-AR-10003504,Office Supplies,Art,Newell 347,127.24,8,9.9296,Online
9218,US-2020-118157,14-11-2020,17-11-2020,First Class,AW-10930,Arthur Wiediger,Home Office,United States,Minneapolis,Minnesota,Central,OFF-EN-10004459,Office Supplies,Envelopes,Security-Tint Envelopes,127.28,2,7.4872,Online
5191,US-2020-136679,14-11-2020,18-11-2020,Standard Class,XP-21865,Xylona Preis,Consumer,United States,Pasadena,Texas,Central,OFF-AR-10003582,Office Supplies,Art,"Boston Electric Pencil Sharpener, Model 1818, Charcoal Black",159.04,2,4.504,Online
4076,CA-2020-108112,15-11-2020,20-11-2020,Standard Class,DK-12895,Dana Kaydos,Consumer,United States,Miramar,Florida,South,FUR-FU-10001488,Furniture,Furnishings,"Tenex 46"" x 60"" Computer Anti-Static Chairmat, Rectangular Shaped",378.136,4,0.0,Online
9619,CA-2020-160633,16-11-2020,21-11-2020,Standard Class,BS-11380,Bill Stewart,Corporate,United States,Bowling Green,Ohio,East,OFF-AR-10004022,Office Supplies,Art,Panasonic KP-380BK Classic Electric Pencil Sharpener,122.352,3,5.397,Online
6543,US-2020-107888,16-11-2020,19-11-2020,First Class,CC-12220,Chris Cortes,Consumer,United States,Seattle,Washington,West,TEC-PH-10003171,Technology,Phones,Plantronics Encore H101 Dual Earpieces Headset,133.88,3,10.788,COD
9666,CA-2020-157448,16-11-2020,20-11-2020,Standard Class,LC-16885,Lena Creighton,Consumer,United States,Los Angeles,California,West,FUR-FU-10003268,Furniture,Furnishings,Eldon Radial Chair Mat for Low to Medium Pile Carpets,145.94,3,23.988,COD
7492,US-2020-118598,16-11-2020,16-11-2020,Same Day,CM-12190,Charlotte Melton,Consumer,United States,Utica,New York,East,TEC-PH-10002583,Technology,Phones,iOttie HLCRIO102 Car Mount,160.94,6,5.997,Cards
9620,CA-2020-160633,16-11-2020,21-11-2020,Standard Class,BS-11380,Bill Stewart,Corporate,United States,Bowling Green,Ohio,East,TEC-AC-10002335,Technology,Accessories,Logitech Media Keyboard K200,178.96,5,-1.7495,COD
6542,US-2020-107888,16-11-2020,19-11-2020,First Class,CC-12220,Chris Cortes,Consumer,United States,Seattle,Washington,West,FUR-FU-10003394,Furniture,Furnishings,"Tenex ""The Solids"" Textured Chair Mats",186.92,2,23.7864,Online
9667,CA-2020-157448,16-11-2020,20-11-2020,Standard Class,LC-16885,Lena Creighton,Consumer,United States,Los Angeles,California,West,FUR-FU-10001847,Furniture,Furnishings,Eldon Image Series Black Desk Accessories,94.42,3,4.4712,COD
8716,CA-2020-121678,16-11-2020,20-11-2020,Second Class,BM-11650,Brian Moss,Corporate,United States,Elyria,Ohio,East,OFF-BI-10002949,Office Supplies,Binders,Prestige Round Ring Binders,97.824,1,-1.3984,COD
6544,US-2020-107888,16-11-2020,19-11-2020,First Class,CC-12220,Chris Cortes,Consumer,United States,Seattle,Washington,West,OFF-ST-10003123,Office Supplies,Storage,Fellowes Bases and Tops For Staxonsteel/High-Stak Systems,110.29,1,7.9896,COD
7589,CA-2020-122945,16-11-2020,22-11-2020,Standard Class,MB-18085,Mick Brown,Consumer,United States,Roseville,California,West,FUR-FU-10001196,Furniture,Furnishings,DAX Cubicle Frames - 8x10,100.31,3,5.193,COD
4776,CA-2020-108091,16-11-2020,21-11-2020,Standard Class,EK-13795,Eileen Kiefer,Home Office,United States,Escondido,California,West,OFF-AR-10000255,Office Supplies,Art,Newell 328,129.36,4,6.0736,Online
4172,CA-2020-100601,16-11-2020,20-11-2020,Standard Class,JK-15370,Jay Kimmel,Consumer,United States,Fresno,California,West,OFF-ST-10002486,Office Supplies,Storage,Eldon Shelf Savers Cubes and Bins,148.86,7,0.9772,Online
6541,US-2020-107888,16-11-2020,19-11-2020,First Class,CC-12220,Chris Cortes,Consumer,United States,Seattle,Washington,West,OFF-PA-10001363,Office Supplies,Paper,Xerox 1933,155.68,6,34.6296,COD
5269,US-2020-114657,16-11-2020,21-11-2020,Standard Class,MH-18115,Mick Hernandez,Home Office,United States,Yonkers,New York,East,TEC-MA-10003173,Technology,Machines,Hewlett-Packard 300S Scientific Calculator,182.44,4,24.1224,COD
3024,CA-2020-124674,17-11-2020,23-11-2020,Standard Class,JB-16000,Joy Bell-,Consumer,United States,Brownsville,Texas,Central,FUR-BO-10002202,Furniture,Bookcases,"Atlantic Metals Mobile 2-Shelf Bookcases, Custom Colors",342.7328,2,-14.4588,COD
7120,CA-2020-118122,17-11-2020,24-11-2020,Standard Class,GG-14650,Greg Guthrie,Corporate,United States,Seattle,Washington,West,OFF-BI-10002103,Office Supplies,Binders,"Cardinal Slant-D Ring Binder, Heavy Gauge Vinyl",77.904,2,4.5188,Online
7319,CA-2020-158120,17-11-2020,21-11-2020,Standard Class,KH-16330,Katharine Harms,Corporate,United States,Hillsboro,Oregon,West,OFF-BI-10002813,Office Supplies,Binders,Avery Reinforcements for Hole-Punch Pages,109.158,7,-3.465,COD
7318,CA-2020-158120,17-11-2020,21-11-2020,Standard Class,KH-16330,Katharine Harms,Corporate,United States,Hillsboro,Oregon,West,OFF-PA-10003205,Office Supplies,Paper,"Wirebound Message Forms, Four 2 3/4 x 5 Forms per Page, Pink Paper",133.608,3,6.6177,COD
9294,US-2020-116505,17-11-2020,21-11-2020,Second Class,TB-21625,Trudy Brown,Consumer,United States,Hagerstown,Maryland,East,OFF-BI-10000050,Office Supplies,Binders,"Angle-D Binders with Locking Rings, Label Holders",135.8,6,20.586,COD
2287,CA-2020-165687,17-11-2020,23-11-2020,Standard Class,CS-12355,Christine Sundaresam,Consumer,United States,Salem,Virginia,South,OFF-AP-10004036,Office Supplies,Appliances,Bionaire 99.97% HEPA Air Cleaner,130.04,2,12.264,Online
8191,US-2020-155866,17-11-2020,21-11-2020,Standard Class,CC-12370,Christopher Conant,Consumer,United States,New York City,New York,East,OFF-PA-10004735,Office Supplies,Paper,Xerox 1905,157.88,6,18.6624,Online
2846,CA-2020-138163,17-11-2020,20-11-2020,First Class,XP-21865,Xylona Preis,Consumer,United States,Everett,Massachusetts,East,OFF-AR-10001958,Office Supplies,Art,Stanley Bostitch Contemporary Electric Pencil Sharpeners,171.94,3,14.2632,COD
9988,CA-2020-163629,17-11-2020,21-11-2020,Standard Class,RA-19885,Ruben Ausman,Corporate,United States,Athens,Georgia,South,TEC-AC-10001539,Technology,Accessories,Logitech G430 Surround Sound Gaming Headset with Dolby 7.1 Technology,145.99,1,28.7964,COD
7962,CA-2020-104864,18-11-2020,23-11-2020,Second Class,JS-15685,Jim Sink,Corporate,United States,Miramar,Florida,South,OFF-ST-10002301,Office Supplies,Storage,Tennsco Commercial Shelving,104.36,5,-19.323,COD
1657,US-2020-132444,18-11-2020,21-11-2020,First Class,CD-12280,Christina DeMoss,Consumer,United States,Seattle,Washington,West,OFF-ST-10000563,Office Supplies,Storage,Fellowes Bankers Box Stor/Drawer Steel Plus,121.94,3,9.594,COD
9006,CA-2020-107825,18-11-2020,18-11-2020,Same Day,NB-18655,Nona Balk,Corporate,United States,Milwaukee,Wisconsin,Central,OFF-ST-10001321,Office Supplies,Storage,"Decoflex Hanging Personal Folder File, Blue",142.52,6,24.9804,COD
8111,CA-2020-160122,18-11-2020,23-11-2020,Standard Class,RD-19930,Russell D'Ascenzo,Consumer,United States,Chicago,Illinois,Central,FUR-CH-10000422,Furniture,Chairs,Global Highback Leather Tilter in Burgundy,177.386,2,-25.4772,COD
1653,US-2020-132444,18-11-2020,21-11-2020,First Class,CD-12280,Christina DeMoss,Consumer,United States,Seattle,Washington,West,OFF-ST-10003442,Office Supplies,Storage,Eldon Portable Mobile Manager,184.68,6,45.8136,COD
7964,CA-2020-104864,18-11-2020,23-11-2020,Second Class,JS-15685,Jim Sink,Corporate,United States,Miramar,Florida,South,OFF-AP-10002684,Office Supplies,Appliances,"Acco 7-Outlet Masterpiece Power Center, Wihtout Fax/Phone Line Protection",411.056,4,48.632,COD
9009,CA-2020-107825,18-11-2020,18-11-2020,Same Day,NB-18655,Nona Balk,Corporate,United States,Milwaukee,Wisconsin,Central,FUR-FU-10000206,Furniture,Furnishings,"GE General Purpose, Extra Long Life, Showcase & Floodlight Incandescent Bulbs",104.82,2,2.7354,COD
1655,US-2020-132444,18-11-2020,21-11-2020,First Class,CD-12280,Christina DeMoss,Consumer,United States,Seattle,Washington,West,OFF-FA-10000611,Office Supplies,Fasteners,Binder Clips by OIC,111.96,2,1.4208,Online
9008,CA-2020-107825,18-11-2020,18-11-2020,Same Day,NB-18655,Nona Balk,Corporate,United States,Milwaukee,Wisconsin,Central,OFF-LA-10003720,Office Supplies,Labels,Avery 487,117.38,2,3.4686,COD
2930,CA-2020-143434,18-11-2020,24-11-2020,Standard Class,ME-17320,Maria Etezadi,Home Office,United States,Saginaw,Michigan,Central,FUR-FU-10002597,Furniture,Furnishings,"C-Line Magnetic Cubicle Keepers, Clear Polypropylene",118.76,4,8.2992,COD
3947,CA-2020-167871,18-11-2020,23-11-2020,Standard Class,AF-10870,Art Ferguson,Consumer,United States,Homestead,Florida,South,OFF-SU-10001225,Office Supplies,Supplies,Staple remover,139.944,1,-0.6624,Online
1656,US-2020-132444,18-11-2020,21-11-2020,First Class,CD-12280,Christina DeMoss,Consumer,United States,Seattle,Washington,West,OFF-BI-10001116,Office Supplies,Binders,"Wilson Jones 1"" Hanging DublLock Ring Binders",113.448,2,2.9568,Online
7965,CA-2020-104864,18-11-2020,23-11-2020,Second Class,JS-15685,Jim Sink,Corporate,United States,Miramar,Florida,South,OFF-PA-10004609,Office Supplies,Paper,Xerox 221,147.736,4,7.2576,COD
7963,CA-2020-104864,18-11-2020,23-11-2020,Second Class,JS-15685,Jim Sink,Corporate,United States,Miramar,Florida,South,OFF-BI-10001636,Office Supplies,Binders,Ibico Plastic and Wire Spiral Binding Combs,138.232,8,-16.1856,COD
7966,CA-2020-104864,18-11-2020,23-11-2020,Second Class,JS-15685,Jim Sink,Corporate,United States,Miramar,Florida,South,OFF-PA-10003309,Office Supplies,Paper,Xerox 211,143.472,8,14.5152,COD
8110,CA-2020-160122,18-11-2020,23-11-2020,Standard Class,RD-19930,Russell D'Ascenzo,Consumer,United States,Chicago,Illinois,Central,OFF-EN-10002592,Office Supplies,Envelopes,"Peel & Seel Recycled Catalog Envelopes, Brown",166.584,6,20.844,COD
3946,CA-2020-167871,18-11-2020,23-11-2020,Standard Class,AF-10870,Art Ferguson,Consumer,United States,Homestead,Florida,South,OFF-PA-10001977,Office Supplies,Paper,Xerox 194,159.384,1,15.5344,COD
9007,CA-2020-107825,18-11-2020,18-11-2020,Same Day,NB-18655,Nona Balk,Corporate,United States,Milwaukee,Wisconsin,Central,OFF-ST-10000777,Office Supplies,Storage,"Companion Letter/Legal File, Black",161.76,1,10.5728,COD
2044,US-2020-158946,18-11-2020,23-11-2020,Standard Class,JW-15220,Jane Waco,Corporate,United States,Lakewood,Ohio,East,OFF-AR-10001860,Office Supplies,Art,BIC Liqua Brite Liner,170.864,7,7.7728,Online
5750,CA-2020-104913,18-11-2020,22-11-2020,Standard Class,DK-13090,Dave Kipp,Consumer,United States,Long Beach,New York,East,TEC-PH-10000923,Technology,Phones,"Belkin SportFit Armband For iPhone 5s/5c, Fuchsia",177.95,5,36.7255,COD
1600,CA-2020-158876,19-11-2020,21-11-2020,Second Class,AB-10150,Aimee Bixby,Consumer,United States,Carrollton,Texas,Central,OFF-AR-10003373,Office Supplies,Art,"Boston School Pro Electric Pencil Sharpener, 1670",114.136,4,8.6744,Online
2172,US-2020-137491,19-11-2020,25-11-2020,Standard Class,LC-16930,Linda Cazamias,Corporate,United States,San Angelo,Texas,Central,FUR-CH-10004675,Furniture,Chairs,"Lifetime Advantage Folding Chairs, 4/Carton",315.312,2,-8.7232,Online
1601,CA-2020-158876,19-11-2020,21-11-2020,Second Class,AB-10150,Aimee Bixby,Consumer,United States,Carrollton,Texas,Central,FUR-FU-10001967,Furniture,Furnishings,Telescoping Adjustable Floor Lamp,93.992,2,-13.993,Cards
5310,CA-2020-131254,19-11-2020,21-11-2020,First Class,NC-18415,Nathan Cano,Consumer,United States,Houston,Texas,Central,OFF-AR-10003876,Office Supplies,Art,"Avery Hi-Liter GlideStik Fluorescent Highlighter, Yellow Ink",112.04,5,3.912,COD
1599,CA-2020-158876,19-11-2020,21-11-2020,Second Class,AB-10150,Aimee Bixby,Consumer,United States,Carrollton,Texas,Central,OFF-SU-10001165,Office Supplies,Supplies,Acme Elite Stainless Steel Scissors,124.672,1,0.5004,Online
3443,CA-2020-168858,19-11-2020,23-11-2020,Standard Class,JD-16150,Justin Deggeller,Corporate,United States,New York City,New York,East,OFF-EN-10001415,Office Supplies,Envelopes,Staple envelope,124.74,3,8.37,Cards
5925,CA-2020-146458,19-11-2020,22-11-2020,Second Class,RB-19435,Richard Bierner,Consumer,United States,Springfield,Virginia,South,OFF-AR-10001177,Office Supplies,Art,Newell 349,120.96,7,6.6584,COD
548,CA-2020-162929,19-11-2020,22-11-2020,First Class,AS-10135,Adrian Shami,Home Office,United States,New York City,New York,East,OFF-PA-10002986,Office Supplies,Paper,Xerox 1898,103.36,2,6.4128,Cards
4138,CA-2020-110926,19-11-2020,23-11-2020,Standard Class,DD-13570,Dorothy Dickinson,Consumer,United States,Alexandria,Virginia,South,OFF-FA-10000624,Office Supplies,Fasteners,OIC Binder Clips,138.06,7,12.53,Online
1479,CA-2020-121468,19-11-2020,20-11-2020,First Class,KD-16345,Katherine Ducich,Consumer,United States,Westminster,California,West,TEC-PH-10000376,Technology,Phones,Square Credit Card Reader,149.968,4,2.3976,Cards
2553,CA-2020-101042,19-11-2020,23-11-2020,Standard Class,AB-10105,Adrian Barton,Consumer,United States,Henderson,Kentucky,South,OFF-BI-10000088,Office Supplies,Binders,GBC Imprintable Covers,122.96,2,10.7604,COD
2945,CA-2020-126242,19-11-2020,24-11-2020,Standard Class,MC-18100,Mick Crebagga,Consumer,United States,Los Angeles,California,West,FUR-FU-10002685,Furniture,Furnishings,"Executive Impressions 13-1/2"" Indoor/Outdoor Wall Clock",130.7,1,7.106,Cards
1598,CA-2020-158876,19-11-2020,21-11-2020,Second Class,AB-10150,Aimee Bixby,Consumer,United States,Carrollton,Texas,Central,OFF-PA-10000308,Office Supplies,Paper,Xerox 1901,143.896,4,5.28,Cards
547,CA-2020-162929,19-11-2020,22-11-2020,First Class,AS-10135,Adrian Shami,Home Office,United States,New York City,New York,East,OFF-BI-10000404,Office Supplies,Binders,Avery Printable Repositionable Plastic Tabs,158.28,6,13.932,COD
3616,CA-2020-112529,19-11-2020,21-11-2020,First Class,SC-20770,Stewart Carmichael,Corporate,United States,San Antonio,Texas,Central,OFF-AR-10001915,Office Supplies,Art,Peel-Off China Markers,141.776,4,8.7384,Cards
6950,CA-2020-143021,19-11-2020,19-11-2020,Same Day,AP-10720,Anne Pryor,Home Office,United States,New York City,New York,East,OFF-BI-10001628,Office Supplies,Binders,"Acco Data Flex Cable Posts For Top & Bottom Load Binders, 6"" Capacity",159.408,7,18.2525,Cards
4392,CA-2020-111556,20-11-2020,22-11-2020,First Class,CD-11920,Carlos Daly,Consumer,United States,New York City,New York,East,OFF-AR-10004602,Office Supplies,Art,Boston KS Multi-Size Manual Pencil Sharpener,112.97,3,19.3116,Online
561,CA-2020-118731,20-11-2020,22-11-2020,Second Class,LP-17080,Liz Pelletier,Consumer,United States,San Francisco,California,West,OFF-BI-10000069,Office Supplies,Binders,"GBC Prepunched Paper, 19-Hole, for Binding Systems, 24-lb",122.056,7,27.3182,Cards
1813,US-2020-161193,20-11-2020,26-11-2020,Standard Class,BT-11680,Brian Thompson,Consumer,United States,Newark,Ohio,East,FUR-FU-10001861,Furniture,Furnishings,"Floodlight Indoor Halogen Bulbs, 1 Bulb per Pack, 60 Watts",127.6,5,28.13,COD
4390,CA-2020-111556,20-11-2020,22-11-2020,First Class,CD-11920,Carlos Daly,Consumer,United States,New York City,New York,East,FUR-BO-10003159,Furniture,Bookcases,"Sauder Camden County Collection Libraries, Planked Cherry Finish",226.968,2,-25.2956,Cards
4753,CA-2020-103499,20-11-2020,24-11-2020,Standard Class,ES-14020,Erica Smith,Consumer,United States,Jackson,Tennessee,South,FUR-CH-10001482,Furniture,Chairs,Office Star - Mesh Screen back chair with Vinyl seat,244.568,2,-23.5764,Cards
7927,CA-2020-120404,20-11-2020,24-11-2020,Second Class,KH-16330,Katharine Harms,Corporate,United States,New York City,New York,East,TEC-AC-10003433,Technology,Accessories,Maxell 4.7GB DVD+R 5/Pack,85.97,3,1.3365,Online
1814,US-2020-161193,20-11-2020,26-11-2020,Standard Class,BT-11680,Brian Thompson,Consumer,United States,Newark,Ohio,East,FUR-FU-10000206,Furniture,Furnishings,"GE General Purpose, Extra Long Life, Showcase & Floodlight Incandescent Bulbs",123.656,2,1.5714,COD
1039,CA-2020-121818,20-11-2020,21-11-2020,First Class,JH-15430,Jennifer Halladay,Consumer,United States,Burlington,North Carolina,South,OFF-AR-10000203,Office Supplies,Art,Newell 336,96.968,7,2.6964,Cards
4841,CA-2020-154123,20-11-2020,25-11-2020,Standard Class,SC-20050,Sample Company A,Home Office,United States,Henderson,Kentucky,South,FUR-FU-10000629,Furniture,Furnishings,9-3/4 Diameter Round Wall Clock,128.58,2,11.5836,Cards
1040,CA-2020-121818,20-11-2020,21-11-2020,First Class,JH-15430,Jennifer Halladay,Consumer,United States,Burlington,North Carolina,South,OFF-AR-10004790,Office Supplies,Art,Staples in misc. colors,126.728,3,1.7955,Cards
560,CA-2020-118731,20-11-2020,22-11-2020,Second Class,LP-17080,Liz Pelletier,Consumer,United States,San Francisco,California,West,FUR-FU-10003347,Furniture,Furnishings,Coloredge Poster Frame,125.6,3,16.614,Cards
4389,CA-2020-111556,20-11-2020,22-11-2020,First Class,CD-11920,Carlos Daly,Consumer,United States,New York City,New York,East,OFF-PA-10003651,Office Supplies,Paper,Xerox 1968,115.76,7,22.4448,COD
7929,CA-2020-120404,20-11-2020,24-11-2020,Second Class,KH-16330,Katharine Harms,Corporate,United States,New York City,New York,East,FUR-FU-10000820,Furniture,Furnishings,Tensor Brushed Steel Torchiere Floor Lamp,139.97,3,9.1746,Cards
6365,CA-2020-110443,21-11-2020,25-11-2020,Standard Class,CK-12205,Chloris Kastensmidt,Consumer,United States,Renton,Washington,West,OFF-PA-10003797,Office Supplies,Paper,Xerox 209,100.84,8,24.8832,Cards
2244,CA-2020-103380,21-11-2020,25-11-2020,Standard Class,BF-11005,Barry Franz,Home Office,United States,Pasadena,California,West,OFF-AR-10003856,Office Supplies,Art,Newell 344,113.56,2,1.4456,COD
6147,CA-2020-105130,21-11-2020,25-11-2020,Standard Class,PJ-18835,Patrick Jones,Corporate,United States,San Francisco,California,West,OFF-AR-10003394,Office Supplies,Art,Newell 332,119.76,4,3.1752,Cards
2246,CA-2020-103380,21-11-2020,25-11-2020,Standard Class,BF-11005,Barry Franz,Home Office,United States,Pasadena,California,West,OFF-AP-10001492,Office Supplies,Appliances,"Acco Six-Outlet Power Strip, 4' Cord Length",108.62,1,2.2412,Online
2245,CA-2020-103380,21-11-2020,25-11-2020,Standard Class,BF-11005,Barry Franz,Home Office,United States,Pasadena,California,West,OFF-FA-10004248,Office Supplies,Fasteners,Advantus T-Pin Paper Clips,129.02,2,3.5178,Online
4011,CA-2020-100811,21-11-2020,24-11-2020,First Class,CC-12475,Cindy Chapman,Consumer,United States,Philadelphia,Pennsylvania,East,OFF-PA-10001204,Office Supplies,Paper,Xerox 1972,119.448,2,2.64,COD
2213,CA-2020-107874,21-11-2020,25-11-2020,Standard Class,SW-20275,Scott Williamson,Consumer,United States,New York City,New York,East,FUR-FU-10003535,Furniture,Furnishings,Howard Miller Distant Time Traveler Alarm Clock,142.42,1,11.2422,Cards
4012,CA-2020-100811,21-11-2020,24-11-2020,First Class,CC-12475,Cindy Chapman,Consumer,United States,Philadelphia,Pennsylvania,East,OFF-ST-10002444,Office Supplies,Storage,Recycled Eldon Regeneration Jumbo File,148.296,4,3.9296,COD
9039,CA-2020-157420,21-11-2020,21-11-2020,Same Day,HZ-14950,Henia Zydlo,Consumer,United States,Houston,Texas,Central,TEC-PH-10003555,Technology,Phones,Motorola HK250 Universal Bluetooth Headset,124.176,3,-12.4146,Cards
6148,CA-2020-105130,21-11-2020,25-11-2020,Standard Class,PJ-18835,Patrick Jones,Corporate,United States,San Francisco,California,West,OFF-BI-10001191,Office Supplies,Binders,Canvas Sectional Post Binders,129.736,2,14.7668,Online
1874,CA-2020-142888,21-11-2020,25-11-2020,Standard Class,BP-11230,Benjamin Patterson,Consumer,United States,Spokane,Washington,West,FUR-TA-10004767,Furniture,Tables,Safco Drafting Table,173.98,1,20.5842,Cards
2243,CA-2020-103380,21-11-2020,25-11-2020,Standard Class,BF-11005,Barry Franz,Home Office,United States,Pasadena,California,West,OFF-ST-10003442,Office Supplies,Storage,Eldon Portable Mobile Manager,160.56,2,15.2712,Online
3723,CA-2020-144036,22-11-2020,26-11-2020,Standard Class,FO-14305,Frank Olsen,Consumer,United States,Houston,Texas,Central,OFF-AR-10000122,Office Supplies,Art,Newell 314,207.712,8,2.232,Online
8976,CA-2020-156622,23-11-2020,26-11-2020,First Class,JP-15460,Jennifer Patt,Corporate,United States,Dallas,Texas,Central,OFF-PA-10002923,Office Supplies,Paper,Xerox 1942,102.304,2,29.364,Cards
107,CA-2020-119004,23-11-2020,28-11-2020,Standard Class,JM-15250,Janet Martin,Consumer,United States,Charlotte,North Carolina,South,TEC-AC-10003499,Technology,Accessories,Memorex Mini Travel Drive 8 GB USB 2.0 Flash Drive,114.112,8,17.6016,Online
6303,CA-2020-166919,23-11-2020,27-11-2020,Standard Class,AH-10210,Alan Hwang,Consumer,United States,Dallas,Texas,Central,TEC-PH-10001305,Technology,Phones,Panasonic KX TS208W Corded phone,221.96,5,19.596,Online
4775,CA-2020-119746,23-11-2020,27-11-2020,Standard Class,CM-12385,Christopher Martinez,Consumer,United States,Chicago,Illinois,Central,TEC-PH-10004447,Technology,Phones,Toshiba IPT2010-SD IP Telephone,235.384,2,16.6788,Cards
8428,CA-2020-167017,23-11-2020,25-11-2020,First Class,DC-12850,Dan Campbell,Consumer,United States,Roseville,Michigan,Central,OFF-SU-10001935,Office Supplies,Supplies,Staple remover,88.36,2,0.1744,COD
4773,CA-2020-119746,23-11-2020,27-11-2020,Standard Class,CM-12385,Christopher Martinez,Consumer,United States,Chicago,Illinois,Central,FUR-FU-10004909,Furniture,Furnishings,Contemporary Wood/Metal Frame,86.464,1,-4.04,Online
8978,CA-2020-156622,23-11-2020,26-11-2020,First Class,JP-15460,Jennifer Patt,Corporate,United States,Dallas,Texas,Central,OFF-BI-10003707,Office Supplies,Binders,Aluminum Screw Posts,118.104,2,-9.156,COD
3554,CA-2020-107832,23-11-2020,26-11-2020,Second Class,FH-14275,Frank Hawley,Corporate,United States,Philadelphia,Pennsylvania,East,OFF-BI-10001658,Office Supplies,Binders,GBC Standard Therm-A-Bind Covers,115.476,1,-5.9808,COD
426,CA-2020-149160,23-11-2020,26-11-2020,Second Class,JM-15265,Janet Molinari,Corporate,United States,Canton,Michigan,Central,FUR-FU-10003347,Furniture,Furnishings,Coloredge Poster Frame,116.4,2,11.076,Online
109,CA-2020-119004,23-11-2020,28-11-2020,Standard Class,JM-15250,Janet Martin,Consumer,United States,Charlotte,North Carolina,South,OFF-AR-10000390,Office Supplies,Art,Newell Chalk Holder,107.304,1,1.0738,COD
108,CA-2020-119004,23-11-2020,28-11-2020,Standard Class,JM-15250,Janet Martin,Consumer,United States,Charlotte,North Carolina,South,TEC-PH-10002844,Technology,Phones,Speck Products Candyshell Flip Case,115.992,1,2.0994,Online
8801,CA-2020-148992,23-11-2020,27-11-2020,Standard Class,CS-12250,Chris Selesnick,Corporate,United States,Chicago,Illinois,Central,OFF-PA-10004285,Office Supplies,Paper,Xerox 1959,116.688,2,3.7408,COD
4774,CA-2020-119746,23-11-2020,27-11-2020,Standard Class,CM-12385,Christopher Martinez,Consumer,United States,Chicago,Illinois,Central,OFF-LA-10001613,Office Supplies,Labels,Avery File Folder Labels,146.52,5,4.176,COD
3381,CA-2020-103156,23-11-2020,24-11-2020,First Class,TD-20995,Tamara Dahlen,Consumer,United States,Philadelphia,Pennsylvania,East,FUR-FU-10000320,Furniture,Furnishings,OIC Stacking Trays,138.048,9,7.2144,COD
8975,CA-2020-156622,23-11-2020,26-11-2020,First Class,JP-15460,Jennifer Patt,Corporate,United States,Dallas,Texas,Central,OFF-PA-10000477,Office Supplies,Paper,Xerox 22,133.288,7,12.7008,COD
9266,US-2020-128118,24-11-2020,01-12-2020,Standard Class,MY-17380,Maribeth Yedwab,Corporate,United States,Memphis,Tennessee,South,OFF-EN-10003448,Office Supplies,Envelopes,"Peel & Seel Recycled Catalog Envelopes, Brown",106.848,7,24.318,COD
2593,CA-2020-128300,24-11-2020,26-11-2020,Second Class,RS-19765,Roland Schwarz,Corporate,United States,Summerville,South Carolina,South,TEC-PH-10002807,Technology,Phones,Motorla HX550 Universal Bluetooth Headset,114.1,2,39.55,COD
4870,CA-2020-131366,24-11-2020,29-11-2020,Standard Class,SC-20440,Shaun Chance,Corporate,United States,Lancaster,Pennsylvania,East,TEC-PH-10003437,Technology,Phones,Blue Parrot B250XT Professional Grade Wireless Bluetooth Headset with,126.988,2,-14.998,COD
4469,CA-2020-168641,24-11-2020,01-12-2020,Standard Class,KA-16525,Kelly Andreada,Consumer,United States,New York City,New York,East,FUR-BO-10000780,Furniture,Bookcases,O'Sullivan Plantations 2-Door Library in Landvery Oak,371.568,2,-16.0784,COD
9746,CA-2020-137505,24-11-2020,24-11-2020,Same Day,BP-11290,Beth Paige,Consumer,United States,Los Angeles,California,West,FUR-TA-10000617,Furniture,Tables,"Hon Practical Foundations 30 x 60 Training Table, Light Gray/Charcoal",396.08,2,9.102,Online
9123,CA-2020-162250,24-11-2020,24-11-2020,Same Day,PR-18880,Patrick Ryan,Consumer,United States,San Francisco,California,West,OFF-PA-10002137,Office Supplies,Paper,"Southworth 100% Résumé Paper, 24lb.",105.78,1,3.501,COD
9265,US-2020-128118,24-11-2020,01-12-2020,Standard Class,MY-17380,Maribeth Yedwab,Corporate,United States,Memphis,Tennessee,South,OFF-BI-10000216,Office Supplies,Binders,"Mead 1st Gear 2"" Zipper Binder, Asst. Colors",101.673,3,-7.782,COD
554,CA-2020-101945,24-11-2020,28-11-2020,Standard Class,GT-14710,Greg Tran,Consumer,United States,Houston,Texas,Central,OFF-FA-10004248,Office Supplies,Fasteners,Advantus T-Pin Paper Clips,99.824,3,2.5707,COD
4349,CA-2020-169894,24-11-2020,29-11-2020,Second Class,MV-17485,Mark Van Huff,Consumer,United States,Mesa,Arizona,West,OFF-BI-10004230,Office Supplies,Binders,GBC Recycled Grain Textured Covers,107.724,2,-15.1976,COD
4470,CA-2020-168641,24-11-2020,01-12-2020,Standard Class,KA-16525,Kelly Andreada,Consumer,United States,New York City,New York,East,OFF-PA-10001972,Office Supplies,Paper,Xerox 214,111.96,2,6.2208,COD
4467,CA-2020-168641,24-11-2020,01-12-2020,Standard Class,KA-16525,Kelly Andreada,Consumer,United States,New York City,New York,East,OFF-AR-10003759,Office Supplies,Art,"Crayola Anti Dust Chalk, 12/Pack",128.38,9,7.371,COD
1492,CA-2020-166436,24-11-2020,28-11-2020,Standard Class,TS-21370,Todd Sumrall,Corporate,United States,New York City,New York,East,OFF-PA-10001838,Office Supplies,Paper,"Adams Telephone Message Book W/Dividers/Space For Phone Numbers, 5 1/4""X8 1/2"", 300/Messages",123.88,1,2.8812,Online
9217,CA-2020-103765,24-11-2020,30-11-2020,Standard Class,JG-15310,Jason Gross,Corporate,United States,Odessa,Texas,Central,OFF-AP-10002311,Office Supplies,Appliances,"Holmes Replacement Filter for HEPA Air Cleaner, Very Large Room, HEPA Filter",118.762,1,-24.7716,COD
8117,CA-2020-105543,24-11-2020,24-11-2020,Same Day,BG-11695,Brooke Gillingham,Corporate,United States,Garden City,Kansas,Central,OFF-ST-10003123,Office Supplies,Storage,Fellowes Bases and Tops For Staxonsteel/High-Stak Systems,133.29,1,7.9896,COD
4355,CA-2020-153654,24-11-2020,26-11-2020,Second Class,MD-17860,Michael Dominguez,Corporate,United States,Asheville,North Carolina,South,OFF-BI-10004465,Office Supplies,Binders,Avery Durable Slant Ring Binders,132.008,8,-12.672,COD
3590,CA-2020-146535,24-11-2020,30-11-2020,Standard Class,FM-14290,Frank Merwin,Home Office,United States,Richmond,Kentucky,South,OFF-BI-10000546,Office Supplies,Binders,Avery Durable Binders,117.88,1,1.4112,COD
4765,CA-2020-123701,24-11-2020,27-11-2020,First Class,PG-18820,Patrick Gardner,Consumer,United States,San Francisco,California,West,OFF-AR-10001860,Office Supplies,Art,BIC Liqua Brite Liner,117.76,4,9.9936,COD
9747,CA-2020-137505,24-11-2020,24-11-2020,Same Day,BP-11290,Beth Paige,Consumer,United States,Los Angeles,California,West,FUR-TA-10001676,Furniture,Tables,Hon 61000 Series Interactive Training Tables,163.088,2,-1.7772,COD
8959,CA-2020-150266,25-11-2020,30-11-2020,Standard Class,RO-19780,Rose O'Brian,Consumer,United States,Houston,Texas,Central,TEC-PH-10003437,Technology,Phones,Blue Parrot B250XT Professional Grade Wireless Bluetooth Headset with,342.96,5,37.495,Online
3848,CA-2020-129000,25-11-2020,27-11-2020,Second Class,SZ-20035,Sam Zeldin,Home Office,United States,Canton,Michigan,Central,OFF-ST-10001097,Office Supplies,Storage,Office Impressions Heavy Duty Welded Shelving & Multimedia Storage Drawers,526.81,3,0.0,COD
5081,US-2020-133312,25-11-2020,29-11-2020,Standard Class,BD-11500,Bradley Drucker,Consumer,United States,San Francisco,California,West,OFF-ST-10001325,Office Supplies,Storage,Sterilite Officeware Hinged File Box,111.48,1,2.8296,COD
8684,CA-2020-101665,25-11-2020,01-12-2020,Standard Class,TZ-21580,Tracy Zic,Consumer,United States,San Francisco,California,West,OFF-AR-10002335,Office Supplies,Art,DIXON Oriole Pencils,100.16,2,1.3416,Online
8962,CA-2020-150266,25-11-2020,30-11-2020,Standard Class,RO-19780,Rose O'Brian,Consumer,United States,Houston,Texas,Central,OFF-AR-10001761,Office Supplies,Art,Avery Hi-Liter Smear-Safe Highlighters,130.688,4,3.7376,Online
6319,CA-2020-161459,25-11-2020,29-11-2020,Second Class,EB-13750,Edward Becker,Corporate,United States,Laguna Niguel,California,West,TEC-PH-10004071,Technology,Phones,PayAnywhere Card Reader,146.96,5,3.4965,Online
6320,CA-2020-161459,25-11-2020,29-11-2020,Second Class,EB-13750,Edward Becker,Corporate,United States,Laguna Niguel,California,West,OFF-PA-10002377,Office Supplies,Paper,"Adams Telephone Message Book W/Dividers/Space For Phone Numbers, 5 1/4""X8 1/2"", 200/Messages",170.08,6,15.336,Online
6979,CA-2020-155159,25-11-2020,29-11-2020,Second Class,DL-13315,Delfina Latchford,Consumer,United States,Atlanta,Georgia,South,OFF-PA-10003724,Office Supplies,Paper,"Wirebound Message Book, 4 per Page",150.87,9,23.9463,COD
3630,CA-2020-155957,26-11-2020,30-11-2020,Standard Class,CC-12610,Corey Catlett,Corporate,United States,Columbus,Ohio,East,OFF-AP-10002082,Office Supplies,Appliances,Holmes HEPA Air Purifier,100.272,3,9.801,COD
7135,CA-2020-141439,26-11-2020,01-12-2020,Standard Class,TT-21460,Tonja Turnell,Home Office,United States,Richmond,Indiana,Central,TEC-PH-10001819,Technology,Phones,Innergie mMini Combo Duo USB Travel Charging Kit,116.98,2,43.1904,COD
5135,CA-2020-155607,26-11-2020,30-11-2020,Standard Class,FG-14260,Frank Gastineau,Home Office,United States,New York City,New York,East,OFF-BI-10003364,Office Supplies,Binders,Binding Machine Supplies,135.344,4,32.6704,COD
7321,CA-2020-100097,26-11-2020,29-11-2020,Second Class,MN-17935,Michael Nguyen,Consumer,United States,New York City,New York,East,FUR-FU-10003623,Furniture,Furnishings,"DataProducts Ampli Magnifier Task Lamp, Black,",159.3,5,37.884,Online
511,CA-2020-135307,26-11-2020,27-11-2020,First Class,LS-17245,Lynn Smith,Consumer,United States,Gladstone,Missouri,Central,FUR-FU-10001290,Furniture,Furnishings,Executive Impressions Supervisor Wall Clock,170.3,3,40.416,COD
3631,CA-2020-155957,26-11-2020,30-11-2020,Standard Class,CC-12610,Corey Catlett,Corporate,United States,Columbus,Ohio,East,OFF-AP-10004708,Office Supplies,Appliances,Fellowes Superior 10 Outlet Split Surge Protector,242.136,7,23.9778,Online
1570,CA-2020-165029,26-11-2020,30-11-2020,Standard Class,AH-10075,Adam Hart,Corporate,United States,Atlanta,Georgia,South,OFF-AR-10003504,Office Supplies,Art,Newell 347,97.84,3,3.7236,COD
7134,CA-2020-141439,26-11-2020,01-12-2020,Standard Class,TT-21460,Tonja Turnell,Home Office,United States,Richmond,Indiana,Central,FUR-FU-10001473,Furniture,Furnishings,DAX Wood Document Frame,124.46,2,9.8856,COD
512,CA-2020-135307,26-11-2020,27-11-2020,First Class,LS-17245,Lynn Smith,Consumer,United States,Gladstone,Missouri,Central,TEC-AC-10002399,Technology,Accessories,SanDisk Cruzer 32 GB USB Flash Drive,136.04,2,12.1728,Online
5134,CA-2020-155607,26-11-2020,30-11-2020,Standard Class,FG-14260,Frank Gastineau,Home Office,United States,New York City,New York,East,OFF-AP-10001962,Office Supplies,Appliances,Black & Decker Filter for Double Action Dustbuster Cordless Vac BLDV7210,142.73,7,14.6825,COD
4949,CA-2020-107125,27-11-2020,02-12-2020,Standard Class,BD-11320,Bill Donatelli,Consumer,United States,Los Angeles,California,West,OFF-BI-10001989,Office Supplies,Binders,Premium Transparent Presentation Covers by GBC,132.488,7,41.1208,COD
6639,CA-2020-103352,27-11-2020,30-11-2020,Second Class,RP-19390,Resi Pölking,Consumer,United States,New York City,New York,East,OFF-BI-10001196,Office Supplies,Binders,"Avery Flip-Chart Easel Binder, Black",138.424,6,36.2556,Online
6638,CA-2020-103352,27-11-2020,30-11-2020,Second Class,RP-19390,Resi Pölking,Consumer,United States,New York City,New York,East,OFF-AR-10001573,Office Supplies,Art,American Pencil,91.99,3,2.0271,Online
2676,CA-2020-132185,27-11-2020,02-12-2020,Standard Class,DB-13615,Doug Bickford,Consumer,United States,Asheville,North Carolina,South,OFF-AR-10000422,Office Supplies,Art,Pencil and Crayon Sharpener,120.76,5,0.7665,COD
4950,CA-2020-107125,27-11-2020,02-12-2020,Standard Class,BD-11320,Bill Donatelli,Consumer,United States,Los Angeles,California,West,FUR-FU-10000732,Furniture,Furnishings,Eldon 200 Class Desk Accessories,155.84,3,6.0288,COD
2677,CA-2020-132185,27-11-2020,02-12-2020,Standard Class,DB-13615,Doug Bickford,Consumer,United States,Asheville,North Carolina,South,OFF-AP-10001205,Office Supplies,Appliances,Belkin 5 Outlet SurgeMaster Power Centers,144.584,1,4.3584,Online
914,CA-2020-102519,27-11-2020,29-11-2020,First Class,BM-11650,Brian Moss,Corporate,United States,Milwaukee,Wisconsin,Central,FUR-FU-10004091,Furniture,Furnishings,"Howard Miller 13"" Diameter Goldtone Round Wall Clock",147.94,1,19.2454,Online
5838,CA-2020-133207,27-11-2020,03-12-2020,Standard Class,DO-13645,Doug O'Connell,Consumer,United States,Los Angeles,California,West,TEC-PH-10004100,Technology,Phones,Griffin GC17055 Auxiliary Audio Cable,169.568,4,5.7568,COD
9743,CA-2020-131303,28-11-2020,02-12-2020,Standard Class,EP-13915,Emily Phan,Consumer,United States,San Diego,California,West,OFF-LA-10001074,Office Supplies,Labels,Round Specialty Laser Printer Labels,101.65,5,29.4455,Online
2662,CA-2020-123372,28-11-2020,02-12-2020,Standard Class,DG-13300,Deirdre Greer,Corporate,United States,New York City,New York,East,OFF-EN-10003055,Office Supplies,Envelopes,"Blue String-Tie & Button Interoffice Envelopes, 10 x 13",108.96,2,35.982,COD
1928,CA-2020-121538,28-11-2020,01-12-2020,First Class,RH-19495,Rick Hansen,Consumer,United States,Denver,Colorado,West,OFF-PA-10004071,Office Supplies,Paper,"Eaton Premium Continuous-Feed Paper, 25% Cotton, Letter Size, White, 1000 Shts/Box",137.768,2,31.0688,COD
948,US-2020-110576,28-11-2020,02-12-2020,Standard Class,RB-19795,Ross Baird,Home Office,United States,Philadelphia,Pennsylvania,East,FUR-FU-10003601,Furniture,Furnishings,"Deflect-o RollaMat Studded, Beveled Mat for Medium Pile Carpeting",536.488,7,-12.9122,COD
4248,CA-2020-117702,28-11-2020,04-12-2020,Standard Class,LS-16975,Lindsay Shagiari,Home Office,United States,Baltimore,Maryland,East,FUR-FU-10004270,Furniture,Furnishings,"Eldon Image Series Desk Accessories, Burgundy",116.9,5,7.524,COD
4246,CA-2020-117702,28-11-2020,04-12-2020,Standard Class,LS-16975,Lindsay Shagiari,Home Office,United States,Baltimore,Maryland,East,OFF-AR-10004582,Office Supplies,Art,BIC Brite Liner Grip Highlighters,117.64,1,0.738,COD
952,US-2020-110576,28-11-2020,02-12-2020,Standard Class,RB-19795,Ross Baird,Home Office,United States,Philadelphia,Pennsylvania,East,OFF-PA-10002479,Office Supplies,Paper,Xerox 4200 Series MultiUse Premium Copy Paper (20Lb. and 84 Bright),102.344,6,7.92,Online
951,US-2020-110576,28-11-2020,02-12-2020,Standard Class,RB-19795,Ross Baird,Home Office,United States,Philadelphia,Pennsylvania,East,OFF-PA-10000788,Office Supplies,Paper,Xerox 210,151.552,3,5.4432,Cards
7391,CA-2020-108035,29-11-2020,03-12-2020,Standard Class,TT-21070,Ted Trevino,Consumer,United States,Chattanooga,Tennessee,South,FUR-FU-10004017,Furniture,Furnishings,"Executive Impressions 13"" Chairman Wall Clock",122.52,5,19.035,Cards
7390,CA-2020-108035,29-11-2020,03-12-2020,Standard Class,TT-21070,Ted Trevino,Consumer,United States,Chattanooga,Tennessee,South,FUR-CH-10000454,Furniture,Chairs,"Hon Deluxe Fabric Upholstered Stacking Chairs, Rounded Back",410.368,2,48.796,COD
5585,CA-2020-105333,30-11-2020,04-12-2020,Standard Class,VP-21730,Victor Preis,Home Office,United States,New York City,New York,East,OFF-ST-10002182,Office Supplies,Storage,"Iris 3-Drawer Stacking Bin, Black",100.56,4,1.6712,Online
880,CA-2020-111689,30-11-2020,02-12-2020,Second Class,HP-14815,Harold Pawlan,Home Office,United States,New York City,New York,East,OFF-BI-10003984,Office Supplies,Binders,Lock-Up Easel 'Spel-Binder',106.472,3,23.1093,Cards
6936,CA-2020-137365,30-11-2020,03-12-2020,Second Class,BP-11095,Bart Pistole,Corporate,United States,El Paso,Texas,Central,TEC-AC-10001767,Technology,Accessories,SanDisk Ultra 64 GB MicroSDHC Class 10 Memory Card,115.976,3,-10.7973,Cards
1604,CA-2020-116645,30-11-2020,04-12-2020,Standard Class,ME-17725,Max Engle,Consumer,United States,Newark,Delaware,East,OFF-AR-10001044,Office Supplies,Art,"BOSTON Ranger #55 Pencil Sharpener, Black",166.94,6,45.2226,Cards
956,CA-2020-119305,30-11-2020,04-12-2020,Standard Class,SW-20275,Scott Williamson,Consumer,United States,Jackson,Mississippi,South,OFF-ST-10000604,Office Supplies,Storage,Home/Office Personal File Carts,204.8,5,43.45,COD
5587,CA-2020-105333,30-11-2020,04-12-2020,Standard Class,VP-21730,Victor Preis,Home Office,United States,New York City,New York,East,OFF-ST-10001809,Office Supplies,Storage,Fellowes Officeware Wire Shelving,291.49,3,5.3898,Cards
3899,CA-2020-102267,30-11-2020,04-12-2020,Standard Class,SC-20800,Stuart Calhoun,Consumer,United States,Edinburg,Texas,Central,OFF-FA-10000611,Office Supplies,Fasteners,Binder Clips by OIC,128.368,2,0.8288,Online
6300,CA-2020-107314,30-11-2020,03-12-2020,First Class,MZ-17335,Maria Zettner,Home Office,United States,San Francisco,California,West,FUR-FU-10003489,Furniture,Furnishings,Contemporary Borderless Frame,152.83,3,9.5571,COD
3779,US-2020-148768,30-11-2020,02-12-2020,Second Class,PN-18775,Parhena Norris,Home Office,United States,Miami,Florida,South,TEC-PH-10002564,Technology,Phones,OtterBox Defender Series Case - Samsung Galaxy S4,175.976,3,8.997,COD
211,CA-2020-135860,01-12-2020,07-12-2020,Standard Class,JH-15985,Joseph Holt,Consumer,United States,Saginaw,Michigan,Central,OFF-ST-10001522,Office Supplies,Storage,"Gould Plastics 18-Pocket Panel Bin, 34w x 5-1/4d x 20-1/2h",103.99,1,3.6796,Cards
583,CA-2020-145233,01-12-2020,05-12-2020,Standard Class,DV-13465,Dianna Vittorini,Consumer,United States,Denver,Colorado,West,TEC-PH-10000586,Technology,Phones,AT&T SB67148 SynJ,127.584,2,9.2386,COD
207,CA-2020-135860,01-12-2020,07-12-2020,Standard Class,JH-15985,Joseph Holt,Consumer,United States,Saginaw,Michigan,Central,OFF-ST-10000642,Office Supplies,Storage,"Tennsco Lockers, Gray",131.92,4,5.8744,COD
2125,CA-2020-144862,01-12-2020,05-12-2020,Standard Class,EH-14005,Erica Hernandez,Home Office,United States,Philadelphia,Pennsylvania,East,OFF-EN-10003040,Office Supplies,Envelopes,Quality Park Security Envelopes,138.68,5,35.3295,Cards
7123,CA-2020-166926,01-12-2020,08-12-2020,Standard Class,SO-20335,Sean O'Donnell,Consumer,United States,Seattle,Washington,West,FUR-BO-10002598,Furniture,Bookcases,"Hon Metal Bookcases, Putty",153.96,2,41.1684,COD
208,CA-2020-135860,01-12-2020,07-12-2020,Standard Class,JH-15985,Joseph Holt,Consumer,United States,Saginaw,Michigan,Central,TEC-PH-10001700,Technology,Phones,Panasonic KX-TG6844B Expandable Digital Cordless Telephone,156.98,2,35.6346,Cards
3244,CA-2020-113355,01-12-2020,05-12-2020,Standard Class,SJ-20215,Sarah Jordon,Consumer,United States,Grand Prairie,Texas,Central,TEC-PH-10004912,Technology,Phones,Cisco SPA112 2 Port Phone Adapter,229.8,5,24.7275,COD
260,CA-2020-163139,01-12-2020,03-12-2020,Second Class,CC-12670,Craig Carreira,Consumer,United States,New York City,New York,East,OFF-ST-10002790,Office Supplies,Storage,Safco Industrial Shelving,238.55,3,6.6465,Online
3245,CA-2020-113355,01-12-2020,05-12-2020,Standard Class,SJ-20215,Sarah Jordon,Consumer,United States,Grand Prairie,Texas,Central,FUR-CH-10002602,Furniture,Chairs,DMI Arturo Collection Mission-style Design Wood Chair,354.058,3,-18.1176,COD
586,CA-2020-145233,01-12-2020,05-12-2020,Standard Class,DV-13465,Dianna Vittorini,Consumer,United States,Denver,Colorado,West,TEC-PH-10001254,Technology,Phones,Jabra BIZ 2300 Duo QD Duo Corded Headset,449.368,4,30.4776,Cards
585,CA-2020-145233,01-12-2020,05-12-2020,Standard Class,DV-13465,Dianna Vittorini,Consumer,United States,Denver,Colorado,West,OFF-BI-10002764,Office Supplies,Binders,Recycled Pressboard Report Cover with Reinforced Top Hinge,122.783,7,-4.7481,COD
6864,CA-2020-138618,01-12-2020,08-12-2020,Standard Class,MY-17380,Maribeth Yedwab,Corporate,United States,San Antonio,Texas,Central,OFF-PA-10000520,Office Supplies,Paper,Xerox 201,118.368,2,3.6288,Online
6205,CA-2020-145660,01-12-2020,03-12-2020,First Class,MG-17650,Matthew Grinstein,Home Office,United States,Marion,Ohio,East,FUR-FU-10002885,Furniture,Furnishings,Magna Visual Magnetic Picture Hangers,99.712,2,1.7352,Online
261,CA-2020-163139,01-12-2020,03-12-2020,Second Class,CC-12670,Craig Carreira,Consumer,United States,New York City,New York,East,OFF-BI-10003460,Office Supplies,Binders,Acco 3-Hole Punch,118.52,5,6.132,Online
209,CA-2020-135860,01-12-2020,07-12-2020,Standard Class,JH-15985,Joseph Holt,Consumer,United States,Saginaw,Michigan,Central,OFF-BI-10003274,Office Supplies,Binders,"Avery Durable Slant Ring Binders, No Labels",134.92,4,7.4824,Cards
8870,CA-2020-101805,01-12-2020,06-12-2020,Standard Class,SH-19975,Sally Hughsby,Corporate,United States,Seattle,Washington,West,OFF-BI-10002003,Office Supplies,Binders,Ibico Presentation Index for Binding Systems,141.92,5,5.373,COD
9279,CA-2020-122539,01-12-2020,05-12-2020,Standard Class,SC-20305,Sean Christensen,Consumer,United States,Philadelphia,Pennsylvania,East,OFF-BI-10001759,Office Supplies,Binders,"Acco Pressboard Covers with Storage Hooks, 14 7/8"" x 11"", Dark Blue",117.001,7,-5.6007,Online
584,CA-2020-145233,01-12-2020,05-12-2020,Standard Class,DV-13465,Dianna Vittorini,Consumer,United States,Denver,Colorado,West,OFF-AP-10000358,Office Supplies,Appliances,Fellowes Basic Home/Office Series Surge Protectors,112.152,3,3.5046,Cards
259,CA-2020-163139,01-12-2020,03-12-2020,Second Class,CC-12670,Craig Carreira,Consumer,United States,New York City,New York,East,TEC-AC-10000290,Technology,Accessories,Sabrent 4-Port USB 2.0 Hub,127.37,3,6.9258,Cards
9278,CA-2020-122539,01-12-2020,05-12-2020,Standard Class,SC-20305,Sean Christensen,Consumer,United States,Philadelphia,Pennsylvania,East,OFF-LA-10004853,Office Supplies,Labels,Avery 483,145.936,4,5.1792,Cards
3558,CA-2020-118542,01-12-2020,05-12-2020,Standard Class,CC-12550,Clay Cheatham,Consumer,United States,Los Angeles,California,West,OFF-BI-10003429,Office Supplies,Binders,"Cardinal HOLDit! Binder Insert Strips,Extra Strips",138.128,2,3.6714,Online
4140,CA-2020-127313,01-12-2020,04-12-2020,First Class,RA-19285,Ralph Arnett,Consumer,United States,Philadelphia,Pennsylvania,East,OFF-ST-10001228,Office Supplies,Storage,Personal File Boxes with Fold-Down Carry Handle,150.392,3,2.337,Cards
4928,CA-2020-143245,01-12-2020,06-12-2020,Standard Class,AD-10180,Alan Dominguez,Home Office,United States,Fairfield,Connecticut,East,OFF-PA-10001972,Office Supplies,Paper,Xerox 214,153.44,3,9.3312,Online
7122,CA-2020-166926,01-12-2020,08-12-2020,Standard Class,SO-20335,Sean O'Donnell,Consumer,United States,Seattle,Washington,West,OFF-PA-10001593,Office Supplies,Paper,Xerox 1947,129.86,7,18.837,Cards
3557,CA-2020-118542,01-12-2020,05-12-2020,Standard Class,CC-12550,Clay Cheatham,Consumer,United States,Los Angeles,California,West,OFF-PA-10004735,Office Supplies,Paper,Xerox 1905,130.36,7,21.7728,COD
210,CA-2020-135860,01-12-2020,07-12-2020,Standard Class,JH-15985,Joseph Holt,Consumer,United States,Saginaw,Michigan,Central,OFF-FA-10000134,Office Supplies,Fasteners,"Advantus Push Pins, Aluminum Head",117.29,9,16.2099,Cards
2126,CA-2020-144862,01-12-2020,05-12-2020,Standard Class,EH-14005,Erica Hernandez,Home Office,United States,Philadelphia,Pennsylvania,East,TEC-PH-10000923,Technology,Phones,"Belkin SportFit Armband For iPhone 5s/5c, Fuchsia",138.958,7,9.4437,Cards
4141,CA-2020-127313,01-12-2020,04-12-2020,First Class,RA-19285,Ralph Arnett,Consumer,United States,Philadelphia,Pennsylvania,East,FUR-FU-10003798,Furniture,Furnishings,"Ultra Door Kickplate, 8""H x 34""W",182.12,5,13.846,Online
2350,CA-2020-109701,02-12-2020,03-12-2020,Same Day,AM-10360,Alice McCarthy,Corporate,United States,Los Angeles,California,West,OFF-BI-10000632,Office Supplies,Binders,Satellite Sectional Post Binders,104.456,2,22.5732,Online
2352,CA-2020-109701,02-12-2020,03-12-2020,Same Day,AM-10360,Alice McCarthy,Corporate,United States,Los Angeles,California,West,OFF-AP-10002765,Office Supplies,Appliances,Fellowes Advanced Computer Series Surge Protectors,120.47,3,22.2516,Online
7539,US-2020-112347,02-12-2020,06-12-2020,Standard Class,BS-11380,Bill Stewart,Corporate,United States,Denver,Colorado,West,OFF-ST-10003306,Office Supplies,Storage,Letter Size Cart,155.288,1,12.8574,COD
8971,CA-2020-157469,02-12-2020,07-12-2020,Standard Class,ES-14080,Erin Smith,Corporate,United States,Lakewood,Ohio,East,TEC-PH-10004531,Technology,Phones,AT&T CL2909,199.188,2,-25.198,Cards
6272,CA-2020-102379,02-12-2020,06-12-2020,Standard Class,BB-11545,Brenda Bowman,Corporate,United States,Oakland,California,West,OFF-AR-10004022,Office Supplies,Art,Panasonic KP-380BK Classic Electric Pencil Sharpener,202.9,5,44.975,Cards
6271,CA-2020-102379,02-12-2020,06-12-2020,Standard Class,BB-11545,Brenda Bowman,Corporate,United States,Oakland,California,West,FUR-CH-10004983,Furniture,Chairs,Office Star - Mid Back Dual function Ergonomic High Back Chair with 2-Way Adjustable Arms,182.056,9,43.4646,COD
1755,CA-2020-116715,02-12-2020,05-12-2020,First Class,VW-21775,Victoria Wilson,Corporate,United States,San Francisco,California,West,OFF-PA-10003893,Office Supplies,Paper,Xerox 1962,84.56,2,3.852,Online
8970,CA-2020-157469,02-12-2020,07-12-2020,Standard Class,ES-14080,Erin Smith,Corporate,United States,Lakewood,Ohio,East,OFF-AR-10001662,Office Supplies,Art,Rogers Handheld Barrel Pencil Sharpener,128.728,9,1.7262,Online
6690,CA-2020-104108,02-12-2020,09-12-2020,Standard Class,RP-19855,Roy Phan,Corporate,United States,Houston,Texas,Central,OFF-AR-10000817,Office Supplies,Art,Manco Dry-Lighter Erasable Highlighter,106.16,5,2.128,Online
6760,CA-2020-165715,02-12-2020,08-12-2020,Standard Class,BG-11035,Barry Gonzalez,Consumer,United States,Greensboro,North Carolina,South,OFF-AR-10003903,Office Supplies,Art,Sanford 52201 APSCO Electric Pencil Sharpener,93.776,1,2.4582,COD
2353,CA-2020-109701,02-12-2020,03-12-2020,Same Day,AM-10360,Alice McCarthy,Corporate,United States,Los Angeles,California,West,OFF-AR-10001868,Office Supplies,Art,Prang Dustless Chalk Sticks,121.08,6,5.04,Online
2349,CA-2020-109701,02-12-2020,03-12-2020,Same Day,AM-10360,Alice McCarthy,Corporate,United States,Los Angeles,California,West,OFF-BI-10004187,Office Supplies,Binders,3-ring staple pack,132.024,6,3.1584,Online
9729,CA-2020-167395,02-12-2020,04-12-2020,First Class,KM-16720,Kunst Miller,Consumer,United States,Lowell,Massachusetts,East,OFF-SU-10001935,Office Supplies,Supplies,Staple remover,134.36,2,0.1744,Online
7540,US-2020-112347,02-12-2020,06-12-2020,Standard Class,BS-11380,Bill Stewart,Corporate,United States,Denver,Colorado,West,OFF-BI-10003707,Office Supplies,Binders,Aluminum Screw Posts,113.624,8,-24.416,Online
2351,CA-2020-109701,02-12-2020,03-12-2020,Same Day,AM-10360,Alice McCarthy,Corporate,United States,Los Angeles,California,West,OFF-PA-10003724,Office Supplies,Paper,"Wirebound Message Book, 4 per Page",115.86,2,5.3214,Online
1997,US-2020-147221,02-12-2020,04-12-2020,Second Class,JS-16030,Joy Smith,Consumer,United States,Houston,Texas,Central,FUR-FU-10004020,Furniture,Furnishings,Advantus Panel Wall Acrylic Frame,139.752,4,-3.7196,Cards
2271,CA-2020-164917,02-12-2020,07-12-2020,Standard Class,MK-17905,Michael Kennedy,Corporate,United States,Miami,Florida,South,OFF-AR-10004344,Office Supplies,Art,Bulldog Vacuum Base Pencil Sharpener,118.96,5,4.1965,COD
7544,US-2020-112347,02-12-2020,06-12-2020,Standard Class,BS-11380,Bill Stewart,Corporate,United States,Denver,Colorado,West,TEC-PH-10004833,Technology,Phones,Macally Suction Cup Mount,135.36,6,-14.34,Online
7542,US-2020-112347,02-12-2020,06-12-2020,Standard Class,BS-11380,Bill Stewart,Corporate,United States,Denver,Colorado,West,TEC-PH-10000213,Technology,Phones,Seidio BD2-HK3IPH5-BK DILEX Case and Holster Combo for Apple iPhone 5/5s - Black,137.616,2,4.9616,Cards
1895,US-2020-108063,02-12-2020,05-12-2020,First Class,AS-10090,Adam Shillingsburg,Consumer,United States,Charlottesville,Virginia,South,OFF-AR-10001446,Office Supplies,Art,Newell 309,146.65,3,10.395,Online
6270,CA-2020-102379,02-12-2020,06-12-2020,Standard Class,BB-11545,Brenda Bowman,Corporate,United States,Oakland,California,West,TEC-PH-10001448,Technology,Phones,Anker Astro 15000mAh USB Portable Charger,134.992,1,-7.9984,Cards
2463,CA-2020-148691,03-12-2020,09-12-2020,Standard Class,CS-12460,Chuck Sachs,Consumer,United States,New York City,New York,East,OFF-BI-10001524,Office Supplies,Binders,GBC Premium Transparent Covers with Diagonal Lined Pattern,116.92,5,29.372,Cards
7882,CA-2020-118017,03-12-2020,06-12-2020,Second Class,LC-16870,Lena Cacioppo,Consumer,United States,Thornton,Colorado,West,TEC-AC-10002006,Technology,Accessories,Memorex Micro Travel Drive 16 GB,122.752,6,10.5534,Cards
7883,CA-2020-118017,03-12-2020,06-12-2020,Second Class,LC-16870,Lena Cacioppo,Consumer,United States,Thornton,Colorado,West,TEC-AC-10002006,Technology,Accessories,Memorex Micro Travel Drive 16 GB,150.336,8,14.0712,Online
2465,CA-2020-148691,03-12-2020,09-12-2020,Standard Class,CS-12460,Chuck Sachs,Consumer,United States,New York City,New York,East,TEC-PH-10000576,Technology,Phones,AT&T 1080 Corded phone,154.99,1,36.9873,COD
7881,CA-2020-118017,03-12-2020,06-12-2020,Second Class,LC-16870,Lena Cacioppo,Consumer,United States,Thornton,Colorado,West,OFF-AR-10003856,Office Supplies,Art,Newell 344,75.344,6,1.0008,Cards
7884,CA-2020-118017,03-12-2020,06-12-2020,Second Class,LC-16870,Lena Cacioppo,Consumer,United States,Thornton,Colorado,West,OFF-PA-10002246,Office Supplies,Paper,"Wirebound Four 2-3/4 x 5 Forms per Page, 400 Sets per Book",100.32,2,3.741,Cards
2466,CA-2020-148691,03-12-2020,09-12-2020,Standard Class,CS-12460,Chuck Sachs,Consumer,United States,New York City,New York,East,OFF-LA-10001317,Office Supplies,Labels,Avery 520,108.15,1,1.512,COD
7888,CA-2020-118017,03-12-2020,06-12-2020,Second Class,LC-16870,Lena Cacioppo,Consumer,United States,Thornton,Colorado,West,FUR-FU-10004053,Furniture,Furnishings,DAX Two-Tone Silver Metal Document Frame,118.192,1,4.6552,Cards
7886,CA-2020-118017,03-12-2020,06-12-2020,Second Class,LC-16870,Lena Cacioppo,Consumer,United States,Thornton,Colorado,West,FUR-FU-10004351,Furniture,Furnishings,Staple-based wall hangings,117.376,3,7.0128,Cards
4567,US-2020-149510,03-12-2020,10-12-2020,Standard Class,MC-17575,Matt Collins,Consumer,United States,Fayetteville,North Carolina,South,OFF-BI-10004233,Office Supplies,Binders,"GBC Pre-Punched Binding Paper, Plastic, White, 8-1/2"" x 11""",133.782,6,-21.1068,COD
7887,CA-2020-118017,03-12-2020,06-12-2020,Second Class,LC-16870,Lena Cacioppo,Consumer,United States,Thornton,Colorado,West,FUR-FU-10004270,Furniture,Furnishings,"Eldon Image Series Desk Accessories, Burgundy",132.72,5,3.344,Cards
7537,CA-2020-103415,03-12-2020,08-12-2020,Standard Class,MV-17485,Mark Van Huff,Consumer,United States,Houston,Texas,Central,FUR-FU-10000820,Furniture,Furnishings,Tensor Brushed Steel Torchiere Floor Lamp,127.592,2,-14.2716,Online
2464,CA-2020-148691,03-12-2020,09-12-2020,Standard Class,CS-12460,Chuck Sachs,Consumer,United States,New York City,New York,East,OFF-BI-10001553,Office Supplies,Binders,SpineVue Locking Slant-D Ring Binders by Cardinal,110.624,2,5.1184,COD
7762,CA-2020-123071,03-12-2020,06-12-2020,First Class,CC-12550,Clay Cheatham,Consumer,United States,Plano,Texas,Central,OFF-PA-10003729,Office Supplies,Paper,Xerox 1998,117.368,2,3.6288,Cards
4568,US-2020-149510,03-12-2020,10-12-2020,Standard Class,MC-17575,Matt Collins,Consumer,United States,Fayetteville,North Carolina,South,OFF-PA-10001892,Office Supplies,Paper,"Rediform Wirebound ""Phone Memo"" Message Book, 11 x 5-3/4",148.448,4,8.8624,COD
3465,CA-2020-128699,03-12-2020,05-12-2020,Second Class,ND-18370,Natalie DeCherney,Consumer,United States,Jacksonville,Florida,South,TEC-AC-10001990,Technology,Accessories,Kensington Orbit Wireless Mobile Trackball for PC and Mac,137.992,1,7.1988,Cards
7885,CA-2020-118017,03-12-2020,06-12-2020,Second Class,LC-16870,Lena Cacioppo,Consumer,United States,Thornton,Colorado,West,OFF-SU-10004782,Office Supplies,Supplies,"Elite 5"" Scissors",137.32,7,5.915,Online
4566,US-2020-149510,03-12-2020,10-12-2020,Standard Class,MC-17575,Matt Collins,Consumer,United States,Fayetteville,North Carolina,South,OFF-AP-10002350,Office Supplies,Appliances,Belkin F9H710-06 7 Outlet SurgeMaster Surge Protector,177.216,3,4.5216,Cards
6533,US-2020-107384,04-12-2020,08-12-2020,Standard Class,TP-21130,Theone Pippenger,Consumer,United States,Rochester,Minnesota,Central,TEC-AC-10004595,Technology,Accessories,First Data TMFD35 PIN Pad,161.8,1,29.988,Cards
2977,CA-2020-139773,04-12-2020,04-12-2020,Same Day,DV-13045,Darrin Van Huff,Corporate,United States,Philadelphia,Pennsylvania,East,FUR-CH-10001797,Furniture,Chairs,"Safco Chair Connectors, 6/Carton",213.552,7,-2.6936,Online
8520,CA-2020-118003,04-12-2020,10-12-2020,Standard Class,DO-13645,Doug O'Connell,Consumer,United States,Paterson,New Jersey,East,FUR-CH-10003817,Furniture,Chairs,"Global Value Steno Chair, Gray",216.22,3,45.555,COD
8521,CA-2020-118003,04-12-2020,10-12-2020,Standard Class,DO-13645,Doug O'Connell,Consumer,United States,Paterson,New Jersey,East,FUR-CH-10004860,Furniture,Chairs,Global Low Back Tilter Chair,314.94,3,18.1764,Cards
9071,CA-2020-147550,04-12-2020,05-12-2020,First Class,KE-16420,Katrina Edelman,Corporate,United States,Philadelphia,Pennsylvania,East,FUR-FU-10001918,Furniture,Furnishings,C-Line Cubicle Keepers Polyproplyene Holder With Velcro Backings,109.352,3,2.6961,Cards
2691,CA-2020-156412,04-12-2020,08-12-2020,Standard Class,CM-12160,Charles McCrossin,Consumer,United States,Philadelphia,Pennsylvania,East,OFF-BI-10004364,Office Supplies,Binders,Storex Dura Pro Binders,112.346,3,-4.455,COD
8519,CA-2020-118003,04-12-2020,10-12-2020,Standard Class,DO-13645,Doug O'Connell,Consumer,United States,Paterson,New Jersey,East,FUR-FU-10002506,Furniture,Furnishings,"Tensor ""Hersey Kiss"" Styled Floor Lamp",106.99,1,1.5588,Online
6532,US-2020-107384,04-12-2020,08-12-2020,Standard Class,TP-21130,Theone Pippenger,Consumer,United States,Rochester,Minnesota,Central,OFF-AR-10001315,Office Supplies,Art,Newell 310,93.8,5,2.552,Cards
5521,CA-2020-117667,04-12-2020,09-12-2020,Standard Class,MS-17980,Michael Stewart,Corporate,United States,Philadelphia,Pennsylvania,East,OFF-PA-10002709,Office Supplies,Paper,Xerox 1956,102.92,5,8.671,Online
8391,CA-2020-153227,04-12-2020,06-12-2020,First Class,CS-12250,Chris Selesnick,Corporate,United States,Los Angeles,California,West,OFF-PA-10001838,Office Supplies,Paper,"Adams Telephone Message Book W/Dividers/Space For Phone Numbers, 5 1/4""X8 1/2"", 300/Messages",121.76,2,5.7624,COD
5520,CA-2020-117667,04-12-2020,09-12-2020,Standard Class,MS-17980,Michael Stewart,Corporate,United States,Philadelphia,Pennsylvania,East,OFF-AR-10000716,Office Supplies,Art,DIXON Ticonderoga Erasable Checking Pencils,113.392,3,3.1806,Online
6123,CA-2020-152660,04-12-2020,09-12-2020,Standard Class,CB-12415,Christy Brittain,Consumer,United States,Chicago,Illinois,Central,OFF-ST-10000532,Office Supplies,Storage,Advantus Rolling Drawer Organizers,126.568,2,4.6176,COD
5519,CA-2020-117667,04-12-2020,09-12-2020,Standard Class,MS-17980,Michael Stewart,Corporate,United States,Philadelphia,Pennsylvania,East,FUR-FU-10004093,Furniture,Furnishings,Hand-Finished Solid Wood Document Frame,168.768,2,6.846,COD
7392,CA-2020-160031,04-12-2020,07-12-2020,Second Class,LT-16765,Larry Tron,Consumer,United States,Fairfield,Ohio,East,OFF-PA-10000241,Office Supplies,Paper,"IBM Multi-Purpose Copy Paper, 8 1/2 x 11"", Case",178.352,3,23.235,Online
1925,CA-2020-126865,05-12-2020,07-12-2020,Second Class,NP-18325,Naresj Patel,Consumer,United States,San Diego,California,West,OFF-PA-10003039,Office Supplies,Paper,Xerox 1960,107.94,3,41.823,COD
676,CA-2020-130351,05-12-2020,08-12-2020,First Class,RB-19570,Rob Beeghly,Consumer,United States,Columbus,Indiana,Central,TEC-AC-10003832,Technology,Accessories,Imation 16GB Mini TravelDrive USB 2.0 Flash Drive,140.39,3,40.7499,COD
9526,CA-2020-156958,05-12-2020,06-12-2020,First Class,PB-18805,Patrick Bzostek,Home Office,United States,Seattle,Washington,West,FUR-FU-10003268,Furniture,Furnishings,Eldon Radial Chair Mat for Low to Medium Pile Carpets,223.9,5,39.98,COD
3435,CA-2020-131212,05-12-2020,09-12-2020,Standard Class,AB-10165,Alan Barnes,Consumer,United States,Bellevue,Washington,West,OFF-BI-10000145,Office Supplies,Binders,Zipper Ring Binder Pockets,119.976,6,5.4288,Online
9529,CA-2020-156958,05-12-2020,06-12-2020,First Class,PB-18805,Patrick Bzostek,Home Office,United States,Seattle,Washington,West,OFF-BI-10002071,Office Supplies,Binders,Fellowes Black Plastic Comb Bindings,87.296,2,3.0212,COD
9608,CA-2020-117128,05-12-2020,08-12-2020,Second Class,BF-11080,Bart Folk,Consumer,United States,New York City,New York,East,OFF-PA-10000007,Office Supplies,Paper,"Telephone Message Books with Fax/Mobile Section, 4 1/4"" x 6""",113.6,6,9.936,Online
9609,CA-2020-117128,05-12-2020,08-12-2020,Second Class,BF-11080,Bart Folk,Consumer,United States,New York City,New York,East,OFF-LA-10000248,Office Supplies,Labels,Avery 52,108.07,3,5.2029,COD
3434,CA-2020-131212,05-12-2020,09-12-2020,Standard Class,AB-10165,Alan Barnes,Consumer,United States,Bellevue,Washington,West,OFF-BI-10001617,Office Supplies,Binders,GBC Wire Binding Combs,119.816,3,8.3754,Online
9527,CA-2020-156958,05-12-2020,06-12-2020,First Class,PB-18805,Patrick Bzostek,Home Office,United States,Seattle,Washington,West,TEC-PH-10000148,Technology,Phones,Cyber Acoustics AC-202b Speech Recognition Stereo Headset,109.176,3,-7.0146,COD
7325,US-2020-126053,05-12-2020,08-12-2020,First Class,CS-11950,Carlos Soltero,Consumer,United States,New York City,New York,East,OFF-LA-10003766,Office Supplies,Labels,Self-Adhesive Removable Labels,132.45,3,4.536,Online
675,CA-2020-130351,05-12-2020,08-12-2020,First Class,RB-19570,Rob Beeghly,Consumer,United States,Columbus,Indiana,Central,OFF-PA-10002137,Office Supplies,Paper,"Southworth 100% Résumé Paper, 24lb.",116.9,5,17.505,Online
3179,CA-2020-105235,05-12-2020,11-12-2020,Standard Class,SM-20950,Suzanne McNair,Corporate,United States,New York City,New York,East,FUR-FU-10001487,Furniture,Furnishings,"Eldon Expressions Wood and Plastic Desk Accessories, Cherry Wood",129.94,3,6.0726,Online
674,CA-2020-130351,05-12-2020,08-12-2020,First Class,RB-19570,Rob Beeghly,Consumer,United States,Columbus,Indiana,Central,OFF-AP-10004532,Office Supplies,Appliances,Kensington 6 Outlet Guardian Standard Surge Protector,165.44,3,16.5888,COD
3180,CA-2020-105235,05-12-2020,11-12-2020,Standard Class,SM-20950,Suzanne McNair,Corporate,United States,New York City,New York,East,FUR-FU-10000521,Furniture,Furnishings,"Seth Thomas 14"" Putty-Colored Wall Clock",143.68,2,18.1908,Online
7324,US-2020-126053,05-12-2020,08-12-2020,First Class,CS-11950,Carlos Soltero,Consumer,United States,New York City,New York,East,FUR-FU-10001934,Furniture,Furnishings,Magnifier Swing Arm Lamp,156.96,2,10.9096,COD
9525,CA-2020-156958,05-12-2020,06-12-2020,First Class,PB-18805,Patrick Bzostek,Home Office,United States,Seattle,Washington,West,OFF-BI-10001524,Office Supplies,Binders,GBC Premium Transparent Covers with Diagonal Lined Pattern,150.92,5,29.372,Online
6906,US-2020-149006,06-12-2020,08-12-2020,Second Class,BN-11470,Brad Norvell,Corporate,United States,Brentwood,California,West,OFF-ST-10003221,Office Supplies,Storage,Staple magnet,216.68,1,2.8836,COD
4319,US-2020-136189,07-12-2020,11-12-2020,Standard Class,DC-13285,Debra Catini,Consumer,United States,Richmond,Virginia,South,FUR-FU-10000175,Furniture,Furnishings,DAX Wood Document Frame.,123.38,6,25.5378,Online
3900,CA-2020-157980,07-12-2020,09-12-2020,First Class,SH-20395,Shahid Hopkins,Consumer,United States,Toledo,Ohio,East,TEC-AC-10002567,Technology,Accessories,Logitech G602 Wireless Gaming Mouse,142.984,2,25.5968,COD
566,CA-2020-137099,07-12-2020,10-12-2020,First Class,FP-14320,Frank Preis,Consumer,United States,Los Angeles,California,West,TEC-PH-10002496,Technology,Phones,Cisco SPA301,400.376,3,46.797,COD
3898,CA-2020-134285,07-12-2020,12-12-2020,Standard Class,DS-13180,David Smith,Corporate,United States,San Antonio,Texas,Central,OFF-PA-10000304,Office Supplies,Paper,Xerox 1995,128.552,3,5.4432,Online
7856,CA-2020-135587,07-12-2020,12-12-2020,Standard Class,BH-11710,Brosina Hoffman,Consumer,United States,Hattiesburg,Mississippi,South,TEC-AC-10001266,Technology,Accessories,Memorex Micro Travel Drive 8 GB,126.0,4,23.4,COD
9769,CA-2020-142328,07-12-2020,14-12-2020,Standard Class,TC-21535,Tracy Collins,Home Office,United States,San Francisco,California,West,OFF-PA-10000380,Office Supplies,Paper,"REDIFORM Incoming/Outgoing Call Register, 11"" X 8 1/2"", 100 Messages",159.04,6,25.02,Online
3433,CA-2020-148264,08-12-2020,09-12-2020,First Class,LF-17185,Luke Foster,Consumer,United States,Inglewood,California,West,OFF-PA-10003651,Office Supplies,Paper,Xerox 1968,101.12,9,28.8576,COD
5410,CA-2020-108854,08-12-2020,14-12-2020,Standard Class,DM-13345,Denise Monton,Corporate,United States,San Francisco,California,West,OFF-BI-10001670,Office Supplies,Binders,Vinyl Sectional Post Binders,104.48,3,33.93,COD
5408,CA-2020-108854,08-12-2020,14-12-2020,Standard Class,DM-13345,Denise Monton,Corporate,United States,San Francisco,California,West,OFF-PA-10003022,Office Supplies,Paper,Standard Line “While You Were Out” Hardbound Telephone Message Book,114.92,4,40.4432,COD
8740,US-2020-131961,08-12-2020,11-12-2020,First Class,MJ-17740,Max Jones,Consumer,United States,Philadelphia,Pennsylvania,East,TEC-PH-10001924,Technology,Phones,iHome FM Clock Radio with Lightning Dock,132.988,2,-20.997,COD
414,CA-2020-117457,08-12-2020,12-12-2020,Standard Class,KH-16510,Keith Herrera,Consumer,United States,San Francisco,California,West,FUR-CH-10003956,Furniture,Chairs,Novimex High-Tech Fabric Mesh Task Chair,142.568,2,-18.4548,COD
1168,CA-2020-145226,08-12-2020,10-12-2020,Second Class,DL-13315,Delfina Latchford,Consumer,United States,New York City,New York,East,FUR-FU-10004952,Furniture,Furnishings,"C-Line Cubicle Keepers Polyproplyene Holder w/Velcro Back, 8-1/2x11, 25/Bx",143.48,2,33.9388,COD
3432,CA-2020-148264,08-12-2020,09-12-2020,First Class,LF-17185,Luke Foster,Consumer,United States,Inglewood,California,West,FUR-FU-10002703,Furniture,Furnishings,"Tenex Traditional Chairmats for Hard Floors, Average Lip, 36"" x 48""",157.9,2,15.468,COD
406,CA-2020-117457,08-12-2020,12-12-2020,Standard Class,KH-16510,Keith Herrera,Consumer,United States,San Francisco,California,West,TEC-AC-10000158,Technology,Accessories,Sony 64GB Class 10 Micro SDHC R40 Memory Card,190.95,5,37.7895,COD
5728,CA-2020-117324,08-12-2020,13-12-2020,Standard Class,JP-15520,Jeremy Pistek,Consumer,United States,Madison,Wisconsin,Central,TEC-AC-10003023,Technology,Accessories,Logitech G105 Gaming Keyboard,201.11,3,32.0598,Online
1169,CA-2020-145226,08-12-2020,10-12-2020,Second Class,DL-13315,Delfina Latchford,Consumer,United States,New York City,New York,East,OFF-ST-10004123,Office Supplies,Storage,Safco Industrial Wire Shelving System,282.94,3,0.0,COD
5731,CA-2020-117324,08-12-2020,13-12-2020,Standard Class,JP-15520,Jeremy Pistek,Consumer,United States,Madison,Wisconsin,Central,FUR-BO-10003159,Furniture,Bookcases,"Sauder Camden County Collection Libraries, Planked Cherry Finish",500.92,4,41.3928,Online
8739,US-2020-131961,08-12-2020,11-12-2020,First Class,MJ-17740,Max Jones,Consumer,United States,Philadelphia,Pennsylvania,East,OFF-AR-10004441,Office Supplies,Art,BIC Brite Liner Highlighters,113.248,4,3.6432,COD
5409,CA-2020-108854,08-12-2020,14-12-2020,Standard Class,DM-13345,Denise Monton,Corporate,United States,San Francisco,California,West,OFF-BI-10002854,Office Supplies,Binders,"Performers Binder/Pad Holder, Black",117.424,1,8.409,Online
408,CA-2020-117457,08-12-2020,12-12-2020,Standard Class,KH-16510,Keith Herrera,Consumer,United States,San Francisco,California,West,OFF-PA-10003724,Office Supplies,Paper,"Wirebound Message Book, 4 per Page",111.15,5,13.3035,Online
410,CA-2020-117457,08-12-2020,12-12-2020,Standard Class,KH-16510,Keith Herrera,Consumer,United States,San Francisco,California,West,OFF-PA-10002893,Office Supplies,Paper,"Wirebound Service Call Books, 5 1/2"" x 4""",128.68,1,4.6464,Online
1170,CA-2020-145226,08-12-2020,10-12-2020,Second Class,DL-13315,Delfina Latchford,Consumer,United States,New York City,New York,East,OFF-PA-10003172,Office Supplies,Paper,Xerox 1996,130.44,3,9.3312,COD
411,CA-2020-117457,08-12-2020,12-12-2020,Standard Class,KH-16510,Keith Herrera,Consumer,United States,San Francisco,California,West,OFF-LA-10003766,Office Supplies,Labels,Self-Adhesive Removable Labels,123.35,9,13.608,COD
1171,CA-2020-145226,08-12-2020,10-12-2020,Second Class,DL-13315,Delfina Latchford,Consumer,United States,New York City,New York,East,OFF-ST-10002352,Office Supplies,Storage,Iris Project Case,131.92,4,8.2992,Online
3431,CA-2020-148264,08-12-2020,09-12-2020,First Class,LF-17185,Luke Foster,Consumer,United States,Inglewood,California,West,OFF-ST-10003327,Office Supplies,Storage,Akro-Mils 12-Gallon Tote,150.79,3,8.6391,COD
5732,CA-2020-117324,08-12-2020,13-12-2020,Standard Class,JP-15520,Jeremy Pistek,Consumer,United States,Madison,Wisconsin,Central,OFF-PA-10002713,Office Supplies,Paper,"Adams Phone Message Book, 200 Message Capacity, 8 1/16” x 11”",132.52,4,12.6592,COD
412,CA-2020-117457,08-12-2020,12-12-2020,Standard Class,KH-16510,Keith Herrera,Consumer,United States,San Francisco,California,West,OFF-PA-10001970,Office Supplies,Paper,Xerox 1908,159.98,1,27.4302,COD
5411,CA-2020-108854,08-12-2020,14-12-2020,Standard Class,DM-13345,Denise Monton,Corporate,United States,San Francisco,California,West,OFF-ST-10001837,Office Supplies,Storage,"SAFCO Mobile Desk Side File, Wire Frame",155.76,1,11.1176,COD
4953,CA-2020-117926,08-12-2020,12-12-2020,Second Class,AS-10225,Alan Schoenberger,Corporate,United States,San Francisco,California,West,OFF-AP-10002670,Office Supplies,Appliances,Belkin 8-Outlet Premiere SurgeMaster II Surge Protectors,164.48,1,20.844,COD
5730,CA-2020-117324,08-12-2020,13-12-2020,Standard Class,JP-15520,Jeremy Pistek,Consumer,United States,Madison,Wisconsin,Central,OFF-LA-10003510,Office Supplies,Labels,"Avery 4027 File Folder Labels for Dot Matrix Printers, 5000 Labels per Box, White",163.06,2,28.0876,Online
3651,CA-2020-109960,09-12-2020,11-12-2020,Second Class,DB-13210,Dean Braden,Consumer,United States,Detroit,Michigan,Central,TEC-AC-10004859,Technology,Accessories,"Maxell Pro 80 Minute CD-R, 10/Pack",123.88,6,41.952,COD
7014,CA-2020-141201,09-12-2020,11-12-2020,Second Class,DB-12910,Daniel Byrd,Home Office,United States,Salinas,California,West,FUR-BO-10001519,Furniture,Bookcases,O'Sullivan 3-Shelf Heavy-Duty Bookcases,164.257,3,15.6978,Online
7518,US-2020-167920,09-12-2020,12-12-2020,Second Class,JL-15835,John Lee,Consumer,United States,Richmond,Kentucky,South,TEC-AC-10001013,Technology,Accessories,Logitech ClearChat Comfort/USB Headset H390,166.45,5,48.3285,COD
5351,US-2020-103814,09-12-2020,16-12-2020,Standard Class,LH-16900,Lena Hernandez,Consumer,United States,Park Ridge,Illinois,Central,OFF-PA-10001019,Office Supplies,Paper,Xerox 1884,190.856,9,48.5514,Online
206,CA-2020-108329,09-12-2020,14-12-2020,Standard Class,LE-16810,Laurel Elliston,Consumer,United States,Whittier,California,West,TEC-PH-10001918,Technology,Phones,Nortel Business Series Terminal T7208 Digital phone,473.768,4,44.4768,COD
3596,CA-2020-148012,09-12-2020,15-12-2020,Standard Class,KM-16225,Kalyca Meade,Corporate,United States,Philadelphia,Pennsylvania,East,OFF-AR-10004757,Office Supplies,Art,Crayola Colored Pencils,110.624,1,0.4264,Online
4291,CA-2020-102407,09-12-2020,13-12-2020,Second Class,AT-10435,Alyssa Tate,Home Office,United States,Los Angeles,California,West,OFF-AR-10000122,Office Supplies,Art,Newell 314,98.16,2,2.79,Cards
76,US-2020-118038,09-12-2020,11-12-2020,First Class,KB-16600,Ken Brennan,Corporate,United States,Houston,Texas,Central,OFF-BI-10004182,Office Supplies,Binders,Economy Binders,98.248,3,-1.9344,Cards
7520,US-2020-167920,09-12-2020,12-12-2020,Second Class,JL-15835,John Lee,Consumer,United States,Richmond,Kentucky,South,OFF-LA-10004409,Office Supplies,Labels,Avery 492,106.76,2,2.6496,COD
3654,CA-2020-109960,09-12-2020,11-12-2020,Second Class,DB-13210,Dean Braden,Consumer,United States,Detroit,Michigan,Central,OFF-PA-10000349,Office Supplies,Paper,Easy-staple paper,130.94,3,7.0218,COD
8586,US-2020-132927,09-12-2020,15-12-2020,Standard Class,RD-19720,Roger Demir,Consumer,United States,Philadelphia,Pennsylvania,East,OFF-BI-10001116,Office Supplies,Binders,"Wilson Jones 1"" Hanging DublLock Ring Binders",106.088,7,-8.1312,Online
7519,US-2020-167920,09-12-2020,12-12-2020,Second Class,JL-15835,John Lee,Consumer,United States,Richmond,Kentucky,South,OFF-ST-10004963,Office Supplies,Storage,Eldon Gobal File Keepers,129.14,1,0.6056,Online
7515,US-2020-167920,09-12-2020,12-12-2020,Second Class,JL-15835,John Lee,Consumer,United States,Richmond,Kentucky,South,OFF-BI-10004236,Office Supplies,Binders,"XtraLife ClearVue Slant-D Ring Binder, White, 3""",137.36,2,13.5056,Cards
1691,CA-2020-129833,09-12-2020,15-12-2020,Standard Class,HF-14995,Herbert Flentye,Consumer,United States,Indianapolis,Indiana,Central,OFF-PA-10000575,Office Supplies,Paper,"Wirebound Message Books, Four 2 3/4 x 5 White Forms per Page",139.45,5,15.387,Online
4211,CA-2020-109715,09-12-2020,14-12-2020,Standard Class,AH-10585,Angele Hood,Consumer,United States,Chicago,Illinois,Central,OFF-PA-10004965,Office Supplies,Paper,Xerox 1921,139.984,2,4.995,Online
78,US-2020-118038,09-12-2020,11-12-2020,First Class,KB-16600,Ken Brennan,Corporate,United States,Houston,Texas,Central,OFF-ST-10000615,Office Supplies,Storage,"SimpliFile Personal File, Black Granite, 15w x 6-15/16d x 11-1/4h",121.24,3,2.724,Cards
1471,CA-2020-139199,09-12-2020,13-12-2020,Standard Class,DK-12835,Damala Kotsonis,Corporate,United States,Detroit,Michigan,Central,OFF-PA-10001293,Office Supplies,Paper,Xerox 1946,118.96,2,6.2208,COD
269,US-2020-145366,09-12-2020,13-12-2020,Standard Class,CA-12310,Christine Abelman,Corporate,United States,Cincinnati,Ohio,East,OFF-ST-10004180,Office Supplies,Storage,Safco Commercial Shelving,111.208,1,-7.4416,COD
1470,CA-2020-139199,09-12-2020,13-12-2020,Standard Class,DK-12835,Damala Kotsonis,Corporate,United States,Detroit,Michigan,Central,OFF-BI-10003982,Office Supplies,Binders,Wilson Jones Century Plastic Molded Ring Binders,130.54,2,19.5238,Online
3653,CA-2020-109960,09-12-2020,11-12-2020,Second Class,DB-13210,Dean Braden,Consumer,United States,Detroit,Michigan,Central,OFF-BI-10001636,Office Supplies,Binders,Ibico Plastic and Wire Spiral Binding Combs,149.72,4,15.5112,COD
6772,CA-2020-139402,09-12-2020,13-12-2020,Standard Class,NC-18535,Nick Crebassa,Corporate,United States,Phoenix,Arizona,West,OFF-BI-10000279,Office Supplies,Binders,"Acco Recycled 2"" Capacity Laser Printer Hanging Data Binders",118.005,3,-9.9705,Online
3652,CA-2020-109960,09-12-2020,11-12-2020,Second Class,DB-13210,Dean Braden,Consumer,United States,Detroit,Michigan,Central,OFF-AR-10001860,Office Supplies,Art,BIC Liqua Brite Liner,126.7,5,12.492,COD
7517,US-2020-167920,09-12-2020,12-12-2020,Second Class,JL-15835,John Lee,Consumer,United States,Richmond,Kentucky,South,OFF-BI-10003274,Office Supplies,Binders,"Avery Durable Slant Ring Binders, No Labels",135.92,4,7.4824,Cards
9768,CA-2020-102659,09-12-2020,15-12-2020,Standard Class,LW-17215,Luke Weiss,Consumer,United States,Grand Rapids,Michigan,Central,OFF-BI-10000088,Office Supplies,Binders,GBC Imprintable Covers,129.9,5,26.901,Cards
270,US-2020-145366,09-12-2020,13-12-2020,Standard Class,CA-12310,Christine Abelman,Corporate,United States,Cincinnati,Ohio,East,OFF-EN-10004386,Office Supplies,Envelopes,"Recycled Interoffice Envelopes with String and Button Closure, 10 x 13",157.576,3,21.591,COD
9411,US-2020-110149,10-12-2020,13-12-2020,First Class,WB-21850,William Brown,Consumer,United States,Philadelphia,Pennsylvania,East,FUR-FU-10001475,Furniture,Furnishings,"Contract Clock, 14"", Brown",384.92,5,15.386,Cards
4353,CA-2020-107748,10-12-2020,12-12-2020,Second Class,AG-10330,Alex Grayson,Consumer,United States,Stockton,California,West,TEC-PH-10003215,Technology,Phones,Jackery Bar Premium Fast-charging Portable Charger,440.84,4,34.742,Online
1689,CA-2020-143798,10-12-2020,12-12-2020,First Class,AW-10840,Anthony Witt,Consumer,United States,Philadelphia,Pennsylvania,East,FUR-FU-10004306,Furniture,Furnishings,Electrix Halogen Magnifier Lamp,536.88,2,23.316,Online
3247,US-2020-140907,10-12-2020,12-12-2020,Second Class,BP-11185,Ben Peterman,Corporate,United States,Seattle,Washington,West,OFF-ST-10000060,Office Supplies,Storage,Fellowes Bankers Box Staxonsteel Drawer File/Stacking System,526.9,5,38.988,COD
6909,US-2020-135503,10-12-2020,15-12-2020,Standard Class,JE-16165,Justin Ellison,Corporate,United States,North Charleston,South Carolina,South,FUR-FU-10002364,Furniture,Furnishings,"Eldon Expressions Wood Desk Accessories, Oak",372.76,2,4.2804,COD
2336,CA-2020-152695,10-12-2020,10-12-2020,Same Day,CC-12220,Chris Cortes,Consumer,United States,Fairfield,Connecticut,East,OFF-EN-10004030,Office Supplies,Envelopes,Convenience Packs of Business Envelopes,403.86,3,5.1042,Cards
3248,US-2020-140907,10-12-2020,12-12-2020,Second Class,BP-11185,Ben Peterman,Corporate,United States,Seattle,Washington,West,OFF-AR-10000799,Office Supplies,Art,Col-Erase Pencils with Erasers,397.24,3,5.2896,Online
9410,US-2020-110149,10-12-2020,13-12-2020,First Class,WB-21850,William Brown,Consumer,United States,Philadelphia,Pennsylvania,East,OFF-BI-10000014,Office Supplies,Binders,Heavy-Duty E-Z-D Binders,443.273,1,-2.5093,Cards
1058,CA-2020-167150,10-12-2020,17-12-2020,Standard Class,BP-11185,Ben Peterman,Corporate,United States,San Diego,California,West,OFF-BI-10001097,Office Supplies,Binders,Avery Hole Reinforcements,429.936,4,7.2268,COD
1688,CA-2020-143798,10-12-2020,12-12-2020,First Class,AW-10840,Anthony Witt,Consumer,United States,Philadelphia,Pennsylvania,East,OFF-PA-10000788,Office Supplies,Paper,Xerox 210,103.368,2,3.6288,COD
3527,CA-2020-148922,10-12-2020,15-12-2020,Second Class,SU-20665,Stephanie Ulpright,Home Office,United States,Jackson,Mississippi,South,TEC-PH-10000148,Technology,Phones,Cyber Acoustics AC-202b Speech Recognition Stereo Headset,161.97,3,0.7794,Online
1318,CA-2020-157651,10-12-2020,14-12-2020,Standard Class,HA-14920,Helen Andreada,Consumer,United States,Philadelphia,Pennsylvania,East,TEC-AC-10003116,Technology,Accessories,Memorex Froggy Flash Drive 8 GB,302.2,1,3.3725,Online
4354,CA-2020-107748,10-12-2020,12-12-2020,Second Class,AG-10330,Alex Grayson,Consumer,United States,Stockton,California,West,OFF-PA-10002005,Office Supplies,Paper,Xerox 225,385.96,2,6.2208,Cards
1509,CA-2020-108294,10-12-2020,10-12-2020,Same Day,LS-16975,Lindsay Shagiari,Home Office,United States,Omaha,Nebraska,Central,OFF-BI-10004965,Office Supplies,Binders,Ibico Covers for Plastic or Wire Binding Elements,301.5,3,15.525,Online
2773,CA-2020-158967,10-12-2020,12-12-2020,First Class,BT-11680,Brian Thompson,Consumer,United States,Fort Lauderdale,Florida,South,FUR-FU-10001940,Furniture,Furnishings,Staple-based wall hangings,396.104,3,5.7312,Cards
1059,CA-2020-167150,10-12-2020,17-12-2020,Standard Class,BP-11185,Ben Peterman,Corporate,United States,San Diego,California,West,OFF-BI-10001597,Office Supplies,Binders,"Wilson Jones Ledger-Size, Piano-Hinge Binder, 2"", Blue",147.568,2,22.9488,COD
3246,US-2020-140907,10-12-2020,12-12-2020,Second Class,BP-11185,Ben Peterman,Corporate,United States,Seattle,Washington,West,TEC-AC-10004510,Technology,Accessories,Logitech Desktop MK120 Mouse and keyboard Combo,447.08,3,4.908,Online
3528,CA-2020-148922,10-12-2020,15-12-2020,Second Class,SU-20665,Stephanie Ulpright,Home Office,United States,Jackson,Mississippi,South,OFF-BI-10003476,Office Supplies,Binders,Avery Metallic Poly Binders,354.84,8,22.0032,COD
7346,CA-2020-168389,11-12-2020,17-12-2020,Standard Class,DV-13045,Darrin Van Huff,Corporate,United States,Jacksonville,Florida,South,TEC-PH-10003555,Technology,Phones,Motorola HK250 Universal Bluetooth Headset,344.568,4,-16.5528,Online
6273,CA-2020-149706,11-12-2020,12-12-2020,First Class,AS-10285,Alejandro Savely,Corporate,United States,Palatine,Illinois,Central,TEC-AC-10001284,Technology,Accessories,Enermax Briskie RF Wireless Keyboard and Mouse Combo,440.312,7,23.2624,Online
6750,CA-2020-100230,11-12-2020,15-12-2020,Standard Class,AA-10375,Allen Armold,Consumer,United States,New York City,New York,East,TEC-PH-10004522,Technology,Phones,Dexim XPower Skin Super-Thin Power Case for iPhone 5 - Black,333.98,2,29.245,Cards
6007,CA-2020-129581,11-12-2020,18-12-2020,Standard Class,KN-16390,Katherine Nockton,Corporate,United States,New Bedford,Massachusetts,East,TEC-PH-10001527,Technology,Phones,Plantronics MX500i Earset,418.85,3,3.8655,Cards
7347,CA-2020-168389,11-12-2020,17-12-2020,Standard Class,DV-13045,Darrin Van Huff,Corporate,United States,Jacksonville,Florida,South,OFF-AR-10001958,Office Supplies,Art,Stanley Bostitch Contemporary Electric Pencil Sharpeners,332.584,1,1.3584,Cards
9210,CA-2020-142776,11-12-2020,14-12-2020,Second Class,RS-19870,Roy Skaria,Home Office,United States,Burlington,Iowa,Central,OFF-EN-10003160,Office Supplies,Envelopes,Pastel Pink Envelopes,252.28,1,3.4944,COD
4358,CA-2020-162565,11-12-2020,11-12-2020,Same Day,RR-19315,Ralph Ritter,Consumer,United States,Aurora,Illinois,Central,OFF-PA-10001937,Office Supplies,Paper,Xerox 21,271.368,2,3.6288,Cards
9211,CA-2020-142776,11-12-2020,14-12-2020,Second Class,RS-19870,Roy Skaria,Home Office,United States,Burlington,Iowa,Central,OFF-BI-10002012,Office Supplies,Binders,Wilson Jones Easy Flow II Sheet Lifters,449.4,3,2.592,Online
9970,CA-2020-153871,11-12-2020,17-12-2020,Standard Class,RB-19435,Richard Bierner,Consumer,United States,Plainfield,New Jersey,East,OFF-AP-10003622,Office Supplies,Appliances,"Bravo II Megaboss 12-Amp Hard Body Upright, Replacement Belts, 2 Belts per Pack",303.75,7,6.5975,Cards
6990,CA-2020-165099,11-12-2020,13-12-2020,First Class,DK-13375,Dennis Kane,Consumer,United States,Abilene,Texas,Central,OFF-AP-10001634,Office Supplies,Appliances,Hoover Commercial Lightweight Upright Vacuum,360.392,2,-3.7584,Cards
9488,US-2020-125213,11-12-2020,13-12-2020,First Class,NB-18655,Nona Balk,Corporate,United States,Paterson,New Jersey,East,OFF-FA-10001561,Office Supplies,Fasteners,Stockwell Push Pins,291.54,3,2.1582,Cards
6748,CA-2020-100230,11-12-2020,15-12-2020,Standard Class,AA-10375,Allen Armold,Consumer,United States,New York City,New York,East,OFF-BI-10002498,Office Supplies,Binders,Clear Mylar Reinforcing Strips,415.952,1,5.0463,Online
6749,CA-2020-100230,11-12-2020,15-12-2020,Standard Class,AA-10375,Allen Armold,Consumer,United States,New York City,New York,East,OFF-PA-10002245,Office Supplies,Paper,Xerox 1895,470.94,3,8.073,Online
390,CA-2020-101798,11-12-2020,15-12-2020,Standard Class,MV-18190,Mike Vittorini,Consumer,United States,New York City,New York,East,OFF-BI-10000050,Office Supplies,Binders,"Angle-D Binders with Locking Rings, Label Holders",398.36,4,7.884,COD
391,CA-2020-101798,11-12-2020,15-12-2020,Standard Class,MV-18190,Mike Vittorini,Consumer,United States,New York City,New York,East,TEC-AC-10001998,Technology,Accessories,Logitech LS21 Speaker System - PC Multimedia - 2.1-CH - Wired,430.98,2,13.5932,Online
1516,US-2020-160759,11-12-2020,17-12-2020,Standard Class,AI-10855,Arianne Irving,Consumer,United States,Philadelphia,Pennsylvania,East,FUR-CH-10002961,Furniture,Chairs,"Leather Task Chair, Black",483.686,1,-9.098,Cards
9968,CA-2020-153871,11-12-2020,17-12-2020,Standard Class,RB-19435,Richard Bierner,Consumer,United States,Plainfield,New Jersey,East,OFF-BI-10004209,Office Supplies,Binders,"Fellowes Twister Kit, Gray/Clear, 3/pkg",323.2,5,18.09,Online
7348,CA-2020-168389,11-12-2020,17-12-2020,Standard Class,DV-13045,Darrin Van Huff,Corporate,United States,Jacksonville,Florida,South,FUR-CH-10000225,Furniture,Chairs,"Global Geo Office Task Chair, Gray",339.784,1,-12.147,COD
9682,CA-2020-122770,13-12-2020,18-12-2020,Standard Class,EP-13915,Emily Phan,Consumer,United States,San Francisco,California,West,OFF-LA-10004559,Office Supplies,Labels,Avery 49,505.64,3,4.2336,Cards
8779,CA-2020-135377,13-12-2020,18-12-2020,Standard Class,BP-11095,Bart Pistole,Corporate,United States,New York City,New York,East,FUR-BO-10004015,Furniture,Bookcases,"Bush Andora Bookcase, Maple/Graphite Gray Finish",241.976,3,7.1994,Cards
9685,CA-2020-122770,13-12-2020,18-12-2020,Standard Class,EP-13915,Emily Phan,Consumer,United States,San Francisco,California,West,OFF-PA-10000232,Office Supplies,Paper,Xerox 1975,323.96,2,6.3504,Online
9683,CA-2020-122770,13-12-2020,18-12-2020,Standard Class,EP-13915,Emily Phan,Consumer,United States,San Francisco,California,West,OFF-PA-10003172,Office Supplies,Paper,Xerox 1996,433.88,6,18.6624,Online
6192,CA-2020-107986,13-12-2020,13-12-2020,Same Day,MW-18220,Mitch Webber,Consumer,United States,Seattle,Washington,West,OFF-ST-10001325,Office Supplies,Storage,Sterilite Officeware Hinged File Box,373.44,3,8.4888,Online
7699,CA-2020-151799,14-12-2020,18-12-2020,Standard Class,BF-11170,Ben Ferrer,Home Office,United States,Lawrence,Massachusetts,East,OFF-ST-10002790,Office Supplies,Storage,Safco Industrial Shelving,289.85,1,2.2155,COD
6716,CA-2020-107629,14-12-2020,14-12-2020,Same Day,DB-13060,Dave Brooks,Consumer,United States,Skokie,Illinois,Central,OFF-AR-10002987,Office Supplies,Art,Prismacolor Color Pencil Set,407.232,6,24.9984,Cards
6714,CA-2020-107629,14-12-2020,14-12-2020,Same Day,DB-13060,Dave Brooks,Consumer,United States,Skokie,Illinois,Central,FUR-FU-10004091,Furniture,Furnishings,"Howard Miller 13"" Diameter Goldtone Round Wall Clock",422.328,3,-26.7558,COD
7700,CA-2020-151799,14-12-2020,18-12-2020,Standard Class,BF-11170,Ben Ferrer,Home Office,United States,Lawrence,Massachusetts,East,OFF-SU-10001664,Office Supplies,Supplies,Acme Office Executive Series Stainless Steel Trimmers,332.71,3,6.6846,Cards
3332,CA-2020-122595,14-12-2020,20-12-2020,Standard Class,GM-14455,Gary Mitchum,Home Office,United States,Chicago,Illinois,Central,TEC-AC-10000474,Technology,Accessories,Kensington Expert Mouse Optical USB Trackball for PC or Mac,197.976,3,28.497,Cards
3333,CA-2020-122595,14-12-2020,20-12-2020,Standard Class,GM-14455,Gary Mitchum,Home Office,United States,Chicago,Illinois,Central,TEC-PH-10003095,Technology,Phones,Samsung HM1900 Bluetooth Headset,500.68,3,19.755,Online
2949,CA-2020-169859,14-12-2020,18-12-2020,Standard Class,MP-18175,Mike Pelletier,Home Office,United States,San Diego,California,West,OFF-EN-10000461,Office Supplies,Envelopes,"#10- 4 1/8"" x 9 1/2"" Recycled Envelopes",502.7,5,20.539,COD
3334,CA-2020-122595,14-12-2020,20-12-2020,Standard Class,GM-14455,Gary Mitchum,Home Office,United States,Chicago,Illinois,Central,FUR-FU-10002963,Furniture,Furnishings,"Master Caster Door Stop, Gray",434.032,1,-1.3208,Online
6715,CA-2020-107629,14-12-2020,14-12-2020,Same Day,DB-13060,Dave Brooks,Consumer,United States,Skokie,Illinois,Central,TEC-AC-10004510,Technology,Accessories,Logitech Desktop MK120 Mouse and keyboard Combo,274.264,3,-4.908,Online
2947,CA-2020-169859,14-12-2020,18-12-2020,Standard Class,MP-18175,Mike Pelletier,Home Office,United States,San Diego,California,West,FUR-FU-10004963,Furniture,Furnishings,"Eldon 400 Class Desk Accessories, Black Carbon",375.25,3,11.025,COD
7701,CA-2020-151799,14-12-2020,18-12-2020,Standard Class,BF-11170,Ben Ferrer,Home Office,United States,Lawrence,Massachusetts,East,OFF-FA-10001332,Office Supplies,Fasteners,"Acco Banker's Clasps, 5 3/4""-Long",413.28,6,8.1216,COD
5277,CA-2020-147333,14-12-2020,20-12-2020,Standard Class,KL-16555,Kelly Lampkin,Corporate,United States,Fayetteville,Arkansas,South,TEC-AC-10003038,Technology,Accessories,Kingston Digital DataTraveler 16GB USB 2.0,367.75,5,8.5025,COD
4860,CA-2020-136063,15-12-2020,19-12-2020,Standard Class,SS-20140,Saphhira Shifley,Corporate,United States,Oak Park,Illinois,Central,OFF-AR-10000823,Office Supplies,Art,Newell 307,416.192,7,1.0192,COD
9699,CA-2020-154116,15-12-2020,19-12-2020,Standard Class,KM-16660,Khloe Miller,Consumer,United States,Inglewood,California,West,OFF-PA-10004569,Office Supplies,Paper,"Wirebound Message Books, Two 4 1/4"" x 5"" Forms per Page",450.83,3,10.7301,COD
3982,CA-2020-119564,15-12-2020,20-12-2020,Standard Class,PL-18925,Paul Lucas,Home Office,United States,Seattle,Washington,West,FUR-FU-10003096,Furniture,Furnishings,"Master Giant Foot Doorstop, Safety Yellow",437.77,3,9.7911,COD
9700,CA-2020-154116,15-12-2020,19-12-2020,Standard Class,KM-16660,Khloe Miller,Consumer,United States,Inglewood,California,West,OFF-AP-10000027,Office Supplies,Appliances,Hoover Commercial SteamVac,329.32,4,16.296,COD
2964,CA-2020-137428,16-12-2020,21-12-2020,Second Class,AY-10555,Andy Yotov,Corporate,United States,Oceanside,California,West,FUR-CH-10003817,Furniture,Chairs,"Global Value Steno Chair, Gray",386.184,2,6.074,COD
9047,CA-2020-137463,16-12-2020,20-12-2020,Second Class,KM-16225,Kalyca Meade,Corporate,United States,Sunnyvale,California,West,TEC-AC-10000057,Technology,Accessories,Microsoft Natural Ergonomic Keyboard 4000,378.95,5,31.4895,COD
6553,CA-2020-161578,16-12-2020,21-12-2020,Second Class,RB-19465,Rick Bensley,Home Office,United States,Los Angeles,California,West,OFF-ST-10002289,Office Supplies,Storage,"Safco Wire Cube Shelving System, For Use as 4 or 5 14"" Cubes, Black",485.9,5,7.945,Online
9046,CA-2020-137463,16-12-2020,20-12-2020,Second Class,KM-16225,Kalyca Meade,Corporate,United States,Sunnyvale,California,West,TEC-AC-10000358,Technology,Accessories,Imation Secure Drive + Hardware Encrypted USB flash drive - 16 GB,522.95,5,45.588,Online
2974,CA-2020-111808,16-12-2020,20-12-2020,Standard Class,AR-10510,Andrew Roberts,Consumer,United States,Tulsa,Oklahoma,Central,OFF-BI-10004656,Office Supplies,Binders,Peel & Stick Add-On Corner Pockets,530.8,5,5.184,Online
6552,CA-2020-161578,16-12-2020,21-12-2020,Second Class,RB-19465,Rick Bensley,Home Office,United States,Los Angeles,California,West,OFF-PA-10002986,Office Supplies,Paper,Xerox 1898,302.36,2,6.4128,Online
2966,CA-2020-137428,16-12-2020,21-12-2020,Second Class,AY-10555,Andy Yotov,Corporate,United States,Oceanside,California,West,FUR-FU-10002445,Furniture,Furnishings,"DAX Two-Tone Rosewood/Black Document Frame, Desktop, 5 x 7",286.96,2,7.584,Online
2965,CA-2020-137428,16-12-2020,21-12-2020,Second Class,AY-10555,Andy Yotov,Corporate,United States,Oceanside,California,West,OFF-BI-10002949,Office Supplies,Binders,Prestige Round Ring Binders,318.32,5,8.208,COD
3004,CA-2020-104381,16-12-2020,23-12-2020,Standard Class,RD-19810,Ross DeVincentis,Home Office,United States,Rochester,New York,East,OFF-BI-10001628,Office Supplies,Binders,"Acco Data Flex Cable Posts For Top & Bottom Load Binders, 6"" Capacity",277.376,4,10.43,Online
9045,CA-2020-137463,16-12-2020,20-12-2020,Second Class,KM-16225,Kalyca Meade,Corporate,United States,Sunnyvale,California,West,OFF-BI-10003196,Office Supplies,Binders,Accohide Poly Flexible Ring Binders,318.984,2,2.244,Online
9048,CA-2020-137463,16-12-2020,20-12-2020,Second Class,KM-16225,Kalyca Meade,Corporate,United States,Sunnyvale,California,West,OFF-AR-10001988,Office Supplies,Art,Bulldog Table or Wall-Mount Pencil Sharpener,317.95,5,8.6855,COD
2963,CA-2020-137428,16-12-2020,21-12-2020,Second Class,AY-10555,Andy Yotov,Corporate,United States,Oceanside,California,West,FUR-CH-10002774,Furniture,Chairs,"Global Deluxe Stacking Chair, Gray",348.568,2,9.1764,COD
7042,CA-2020-103443,17-12-2020,23-12-2020,Standard Class,AT-10735,Annie Thurman,Consumer,United States,New York City,New York,East,FUR-FU-10000308,Furniture,Furnishings,Deflect-o Glass Clear Studded Chair Mats,486.36,2,27.3592,Online
7040,CA-2020-103443,17-12-2020,23-12-2020,Standard Class,AT-10735,Annie Thurman,Consumer,United States,New York City,New York,East,OFF-ST-10002276,Office Supplies,Storage,Safco Steel Mobile File Cart,499.72,2,41.68,Online
630,CA-2020-133431,17-12-2020,21-12-2020,Standard Class,LC-17140,Logan Currie,Consumer,United States,San Francisco,California,West,OFF-PA-10002615,Office Supplies,Paper,"Ampad Gold Fibre Wirebound Steno Books, 6"" x 9"", Gregg Ruled",541.23,3,6.0858,COD
629,CA-2020-133431,17-12-2020,21-12-2020,Standard Class,LC-17140,Logan Currie,Consumer,United States,San Francisco,California,West,OFF-BI-10000605,Office Supplies,Binders,"Acco Pressboard Covers with Storage Hooks, 9 1/2"" x 11"", Executive Red",335.24,5,5.1435,COD
7041,CA-2020-103443,17-12-2020,23-12-2020,Standard Class,AT-10735,Annie Thurman,Consumer,United States,New York City,New York,East,OFF-BI-10001617,Office Supplies,Binders,GBC Wire Binding Combs,444.816,3,8.3754,COD
2852,CA-2020-107342,17-12-2020,22-12-2020,Standard Class,VF-21715,Vicky Freymann,Home Office,United States,Columbus,Indiana,Central,OFF-PA-10001745,Office Supplies,Paper,"Wirebound Message Books, 2 7/8"" x 5"", 3 Forms per Page",407.16,4,13.2352,COD
1025,CA-2020-106964,17-12-2020,20-12-2020,First Class,HR-14770,Hallie Redmond,Home Office,United States,Los Angeles,California,West,OFF-BI-10000320,Office Supplies,Binders,GBC Plastic Binding Combs,431.808,2,4.2804,COD
8847,CA-2020-156664,18-12-2020,23-12-2020,Standard Class,BP-11290,Beth Paige,Consumer,United States,Columbus,Ohio,East,OFF-PA-10002222,Office Supplies,Paper,"Xerox Color Copier Paper, 11"" x 17"", Ream",344.36,5,29.692,Online
8932,CA-2020-143252,18-12-2020,24-12-2020,Standard Class,HE-14800,Harold Engle,Corporate,United States,Milwaukee,Wisconsin,Central,FUR-FU-10001057,Furniture,Furnishings,Tensor Track Tree Floor Lamp,432.95,5,22.9885,Online
1115,CA-2020-140585,18-12-2020,23-12-2020,Second Class,RA-19915,Russell Applegate,Consumer,United States,Encinitas,California,West,FUR-BO-10002206,Furniture,Bookcases,"Bush Saratoga Collection 5-Shelf Bookcase, Hanover Cherry, *Special Order",363.833,1,-12.6882,COD
8848,CA-2020-156664,18-12-2020,23-12-2020,Standard Class,BP-11290,Beth Paige,Consumer,United States,Columbus,Ohio,East,OFF-AP-10004487,Office Supplies,Appliances,Kensington 4 Outlet MasterPiece Compact Power Control Center,498.112,2,13.0112,COD
8479,CA-2020-158736,18-12-2020,24-12-2020,Standard Class,TT-21460,Tonja Turnell,Home Office,United States,San Francisco,California,West,OFF-AR-10002578,Office Supplies,Art,Newell 335,293.76,2,1.6704,Online
8845,CA-2020-156664,18-12-2020,23-12-2020,Standard Class,BP-11290,Beth Paige,Consumer,United States,Columbus,Ohio,East,OFF-BI-10004209,Office Supplies,Binders,"Fellowes Twister Kit, Gray/Clear, 3/pkg",284.236,3,-6.03,Online
7738,CA-2020-108287,18-12-2020,20-12-2020,First Class,AG-10330,Alex Grayson,Consumer,United States,Charlotte,North Carolina,South,OFF-AR-10001315,Office Supplies,Art,Newell 310,354.672,9,1.4256,Online
3200,CA-2020-164000,18-12-2020,22-12-2020,Standard Class,AH-10030,Aaron Hawkins,Corporate,United States,Philadelphia,Pennsylvania,East,OFF-AR-10003183,Office Supplies,Art,Avery Fluorescent Highlighter Four-Color Set,342.704,7,2.338,Cards
8846,CA-2020-156664,18-12-2020,23-12-2020,Standard Class,BP-11290,Beth Paige,Consumer,United States,Columbus,Ohio,East,OFF-FA-10002988,Office Supplies,Fasteners,Ideal Clamps,379.824,3,1.7487,Online
2887,CA-2020-102099,18-12-2020,19-12-2020,First Class,EP-13915,Emily Phan,Consumer,United States,Los Angeles,California,West,OFF-AR-10003811,Office Supplies,Art,Newell 327,385.63,3,1.7901,Cards
2888,CA-2020-102099,18-12-2020,19-12-2020,First Class,EP-13915,Emily Phan,Consumer,United States,Los Angeles,California,West,OFF-PA-10003172,Office Supplies,Paper,Xerox 1996,267.96,2,6.2208,Cards
1252,CA-2020-115602,18-12-2020,24-12-2020,Standard Class,DJ-13630,Doug Jacobs,Consumer,United States,New York City,New York,East,OFF-AR-10000462,Office Supplies,Art,Sanford Pocket Accent Highlighters,266.2,2,1.376,COD
1910,CA-2020-105886,18-12-2020,23-12-2020,Standard Class,DB-13660,Duane Benoit,Consumer,United States,Oceanside,New York,East,FUR-FU-10001037,Furniture,Furnishings,"DAX Charcoal/Nickel-Tone Document Frame, 5 x 7",332.96,2,8.532,Cards
1114,CA-2020-140585,18-12-2020,23-12-2020,Second Class,RA-19915,Russell Applegate,Consumer,United States,Encinitas,California,West,OFF-BI-10003364,Office Supplies,Binders,Binding Machine Supplies,455.672,2,16.3352,Cards
1249,CA-2020-115602,18-12-2020,24-12-2020,Standard Class,DJ-13630,Doug Jacobs,Consumer,United States,New York City,New York,East,OFF-AR-10002280,Office Supplies,Art,Staples in misc. colors,394.82,6,17.469,Online
1442,CA-2020-128160,19-12-2020,24-12-2020,Second Class,MM-17920,Michael Moore,Consumer,United States,San Francisco,California,West,OFF-BI-10001510,Office Supplies,Binders,Deluxe Heavy-Duty Vinyl Round Ring Binder,488.672,2,11.46,COD
5472,CA-2020-116946,19-12-2020,23-12-2020,Standard Class,TS-21505,Tony Sayre,Consumer,United States,Parker,Colorado,West,FUR-FU-10000320,Furniture,Furnishings,OIC Stacking Trays,423.36,5,4.008,Online
2269,CA-2020-105480,20-12-2020,26-12-2020,Standard Class,DK-13225,Dean Katz,Corporate,United States,Rochester,New York,East,OFF-PA-10002787,Office Supplies,Paper,Xerox 227,280.48,1,3.1104,Cards
6511,CA-2020-102197,20-12-2020,26-12-2020,Standard Class,DK-13150,David Kendrick,Corporate,United States,New York City,New York,East,OFF-PA-10004156,Office Supplies,Paper,Xerox 188,293.02,3,16.6698,COD
6510,CA-2020-102197,20-12-2020,26-12-2020,Standard Class,DK-13150,David Kendrick,Corporate,United States,New York City,New York,East,OFF-BI-10001524,Office Supplies,Binders,GBC Premium Transparent Covers with Diagonal Lined Pattern,489.352,3,17.6232,Cards
1968,CA-2020-165841,21-12-2020,28-12-2020,Standard Class,DB-13210,Dean Braden,Consumer,United States,Paterson,New Jersey,East,OFF-SU-10000898,Office Supplies,Supplies,"Acme Hot Forged Carbon Steel Scissors with Nickel-Plated Handles, 3 7/8"" Cut, 8""L",383.5,5,20.155,Cards
2719,CA-2020-144827,21-12-2020,27-12-2020,Standard Class,SE-20110,Sanjit Engle,Consumer,United States,Costa Mesa,California,West,OFF-ST-10004340,Office Supplies,Storage,"Fellowes Mobile File Cart, Black",334.36,2,33.5772,Online
4944,CA-2020-106782,21-12-2020,27-12-2020,Standard Class,LP-17095,Liz Preis,Consumer,United States,Lafayette,Indiana,Central,OFF-ST-10004459,Office Supplies,Storage,Tennsco Single-Tier Lockers,541.34,1,18.767,Online
514,CA-2020-163405,21-12-2020,25-12-2020,Standard Class,BN-11515,Bradley Nguyen,Consumer,United States,Los Angeles,California,West,OFF-AR-10003811,Office Supplies,Art,Newell 327,420.63,3,1.7901,Cards
3171,CA-2020-107461,21-12-2020,26-12-2020,Second Class,PK-19075,Pete Kriz,Consumer,United States,Columbia,South Carolina,South,OFF-BI-10002003,Office Supplies,Binders,Ibico Presentation Index for Binding Systems,467.88,6,11.2236,COD
515,CA-2020-163405,21-12-2020,25-12-2020,Standard Class,BN-11515,Bradley Nguyen,Consumer,United States,Los Angeles,California,West,OFF-AR-10001246,Office Supplies,Art,Newell 317,302.88,2,1.7052,COD
4104,CA-2020-137456,21-12-2020,21-12-2020,Same Day,RB-19465,Rick Bensley,Home Office,United States,Fremont,Nebraska,Central,FUR-FU-10001940,Furniture,Furnishings,Staple-based wall hangings,348.92,2,7.0048,COD
2566,CA-2020-109589,21-12-2020,24-12-2020,First Class,BD-11635,Brian Derr,Consumer,United States,Bowling Green,Kentucky,South,TEC-AC-10003116,Technology,Accessories,Memorex Froggy Flash Drive 8 GB,315.0,4,27.69,Cards
2058,CA-2020-120376,22-12-2020,25-12-2020,First Class,TP-21130,Theone Pippenger,Consumer,United States,Detroit,Michigan,Central,TEC-AC-10000844,Technology,Accessories,Logitech Gaming G510s - Keyboard,469.99,1,30.5964,Cards
7151,CA-2020-100412,22-12-2020,26-12-2020,Standard Class,SR-20425,Sharelle Roach,Home Office,United States,Tuscaloosa,Alabama,South,FUR-CH-10002647,Furniture,Chairs,"Situations Contoured Folding Chairs, 4/Set",328.96,2,35.49,Online
3103,CA-2020-119578,22-12-2020,27-12-2020,Second Class,JG-15310,Jason Gross,Corporate,United States,Providence,Rhode Island,East,FUR-BO-10003660,Furniture,Bookcases,"Bush Cubix Collection Bookcases, Fully Assembled",375.98,1,50.8254,Cards
3102,CA-2020-119578,22-12-2020,27-12-2020,Second Class,JG-15310,Jason Gross,Corporate,United States,Providence,Rhode Island,East,OFF-SU-10003505,Office Supplies,Supplies,Premier Electric Letter Opener,144.16,6,34.758,Online
6194,CA-2020-104927,22-12-2020,26-12-2020,Standard Class,AG-10330,Alex Grayson,Consumer,United States,Houston,Texas,Central,OFF-BI-10003429,Office Supplies,Binders,"Cardinal HOLDit! Binder Insert Strips,Extra Strips",129.35,5,-9.8115,Cards
2619,CA-2020-115931,22-12-2020,26-12-2020,Standard Class,JM-15655,Jim Mitchum,Corporate,United States,Carlsbad,New Mexico,West,OFF-AR-10000369,Office Supplies,Art,Design Ebony Sketching Pencil,389.17,3,1.0842,COD
1893,CA-2020-145310,22-12-2020,24-12-2020,Second Class,JP-15520,Jeremy Pistek,Consumer,United States,Port Orange,Florida,South,OFF-EN-10002621,Office Supplies,Envelopes,Staple envelope,399.824,1,2.934,COD
8953,CA-2020-150910,22-12-2020,28-12-2020,Standard Class,JL-15130,Jack Lebron,Consumer,United States,Jackson,Tennessee,South,OFF-AR-10001419,Office Supplies,Art,Newell 325,274.128,7,2.891,Cards
2728,CA-2020-119193,22-12-2020,24-12-2020,First Class,SK-19990,Sally Knutson,Consumer,United States,Toledo,Ohio,East,OFF-BI-10000848,Office Supplies,Binders,Angle-D Ring Binders,128.641,1,-1.3128,COD
6193,CA-2020-104927,22-12-2020,26-12-2020,Standard Class,AG-10330,Alex Grayson,Consumer,United States,Houston,Texas,Central,OFF-PA-10000019,Office Supplies,Paper,Xerox 1931,139.92,5,9.072,Online
2622,CA-2020-115931,22-12-2020,26-12-2020,Standard Class,JM-15655,Jim Mitchum,Corporate,United States,Carlsbad,New Mexico,West,OFF-LA-10001404,Office Supplies,Labels,Avery 517,146.45,5,8.6715,Online
2621,CA-2020-115931,22-12-2020,26-12-2020,Standard Class,JM-15655,Jim Mitchum,Corporate,United States,Carlsbad,New Mexico,West,OFF-ST-10000876,Office Supplies,Storage,Eldon Simplefile Box Office,116.32,3,10.4496,Cards
8952,CA-2020-150910,22-12-2020,28-12-2020,Standard Class,JL-15130,Jack Lebron,Consumer,United States,Jackson,Tennessee,South,OFF-ST-10000918,Office Supplies,Storage,Crate-A-Files,395.16,3,1.962,Online
8579,CA-2020-146164,22-12-2020,26-12-2020,Standard Class,CM-12190,Charlotte Melton,Consumer,United States,Rochester,Minnesota,Central,OFF-ST-10001228,Office Supplies,Storage,Personal File Boxes with Fold-Down Carry Handle,132.16,2,7.79,Online
8951,CA-2020-150910,22-12-2020,28-12-2020,Standard Class,JL-15130,Jack Lebron,Consumer,United States,Jackson,Tennessee,South,TEC-AC-10001013,Technology,Accessories,Logitech ClearChat Comfort/USB Headset H390,159.864,2,7.6154,Cards
8954,CA-2020-150910,22-12-2020,28-12-2020,Standard Class,JL-15130,Jack Lebron,Consumer,United States,Jackson,Tennessee,South,OFF-AP-10003266,Office Supplies,Appliances,"Holmes Replacement Filter for HEPA Air Cleaner, Large Room",338.24,5,16.291,Cards
2620,CA-2020-115931,22-12-2020,26-12-2020,Standard Class,JM-15655,Jim Mitchum,Corporate,United States,Carlsbad,New Mexico,West,TEC-PH-10001300,Technology,Phones,"iKross Bluetooth Portable Keyboard + Cell Phone Stand Holder + Brush for Apple iPhone 5S 5C 5, 4S 4",299.04,4,6.704,COD
6195,CA-2020-104927,22-12-2020,26-12-2020,Standard Class,AG-10330,Alex Grayson,Consumer,United States,Houston,Texas,Central,OFF-PA-10000176,Office Supplies,Paper,Xerox 1887,473.88,5,26.558,COD
2295,CA-2020-127929,23-12-2020,27-12-2020,Standard Class,FM-14215,Filia McAdams,Corporate,United States,Middletown,Connecticut,East,FUR-FU-10003708,Furniture,Furnishings,"Tenex Traditional Chairmats for Medium Pile Carpet, Standard Lip, 36"" x 48""",390.95,3,38.2095,COD
6224,CA-2020-140627,23-12-2020,27-12-2020,Standard Class,DK-12985,Darren Koutras,Consumer,United States,Hendersonville,Tennessee,South,OFF-AR-10000422,Office Supplies,Art,Pencil and Crayon Sharpener,402.264,7,1.0731,Cards
3545,CA-2020-121216,23-12-2020,25-12-2020,Second Class,MM-17920,Michael Moore,Consumer,United States,College Station,Texas,Central,OFF-PA-10004519,Office Supplies,Paper,Spiral Phone Message Books with Labels by Adams,338.672,8,10.3936,Online
6997,CA-2020-117443,23-12-2020,25-12-2020,Second Class,JB-15400,Jennifer Braxton,Corporate,United States,Rockford,Illinois,Central,OFF-BI-10004002,Office Supplies,Binders,Wilson Jones International Size A4 Ring Binders,316.84,4,-22.144,COD
883,US-2020-123463,23-12-2020,23-12-2020,Same Day,GZ-14470,Gary Zandusky,Consumer,United States,San Francisco,California,West,OFF-AR-10001118,Office Supplies,Art,"Binney & Smith Crayola Metallic Crayons, 16-Color Pack",457.48,4,5.9312,Cards
8392,CA-2020-110625,23-12-2020,30-12-2020,Standard Class,JB-16045,Julia Barnett,Home Office,United States,Danbury,Connecticut,East,FUR-FU-10001473,Furniture,Furnishings,DAX Wood Document Frame,456.46,2,9.8856,COD
6853,US-2020-162670,23-12-2020,28-12-2020,Second Class,MF-18250,Monica Federle,Corporate,United States,Little Rock,Arkansas,South,OFF-ST-10001328,Office Supplies,Storage,"Personal Filing Tote with Lid, Black/Gray",294.04,4,17.3712,Cards
6223,CA-2020-140627,23-12-2020,27-12-2020,Standard Class,DK-12985,Darren Koutras,Consumer,United States,Hendersonville,Tennessee,South,FUR-FU-10000087,Furniture,Furnishings,"Executive Impressions 14"" Two-Color Numerals Wall Clock",373.704,4,19.0848,COD
4621,CA-2020-145219,24-12-2020,25-12-2020,First Class,RM-19675,Robert Marley,Home Office,United States,Los Angeles,California,West,OFF-BI-10001670,Office Supplies,Binders,Vinyl Sectional Post Binders,471.48,3,33.93,Online
7608,CA-2020-121195,24-12-2020,27-12-2020,First Class,NS-18505,Neola Schneider,Consumer,United States,Dallas,Texas,Central,OFF-ST-10000585,Office Supplies,Storage,Economy Rollaway Files,523.32,2,19.824,Cards
1507,CA-2020-154935,24-12-2020,29-12-2020,Standard Class,AR-10540,Andy Reiter,Consumer,United States,New York City,New York,East,OFF-BI-10003708,Office Supplies,Binders,"Acco Four Pocket Poly Ring Binder with Label Holder, Smoke, 1""",362.88,3,5.5875,Online
3316,CA-2020-169978,24-12-2020,28-12-2020,Standard Class,HG-15025,Hunter Glantz,Consumer,United States,Oceanside,New York,East,OFF-BI-10001900,Office Supplies,Binders,"DXL Angle-View Binders with Locking Rings, Black",454.376,3,4.8519,Cards
8948,CA-2020-148355,24-12-2020,28-12-2020,Standard Class,NC-18535,Nick Crebassa,Corporate,United States,New Bedford,Massachusetts,East,OFF-BI-10000201,Office Supplies,Binders,"Avery Triangle Shaped Sheet Lifters, Black, 2/Pack",264.3,5,6.15,Cards
5148,CA-2020-128734,24-12-2020,31-12-2020,Standard Class,JL-15175,James Lanier,Home Office,United States,Chandler,Arizona,West,FUR-FU-10001731,Furniture,Furnishings,Acrylic Self-Standing Desk Frames,427.544,4,1.9224,Online
3701,CA-2020-169411,24-12-2020,29-12-2020,Standard Class,AC-10615,Ann Chong,Corporate,United States,Rochester,New York,East,FUR-FU-10001602,Furniture,Furnishings,"Eldon Delta Triangular Chair Mat, 52"" x 58"", Clear",322.93,1,6.8274,Cards
8856,CA-2020-163671,24-12-2020,30-12-2020,Standard Class,DP-13105,Dave Poirier,Corporate,United States,Meridian,Idaho,West,OFF-BI-10001679,Office Supplies,Binders,GBC Instant Index System for Binding Systems,379.312,3,7.992,COD
8947,CA-2020-148355,24-12-2020,28-12-2020,Standard Class,NC-18535,Nick Crebassa,Corporate,United States,New Bedford,Massachusetts,East,OFF-PA-10001972,Office Supplies,Paper,Xerox 214,334.44,3,9.3312,Cards
405,CA-2020-117933,24-12-2020,29-12-2020,Standard Class,RF-19840,Roy Französisch,Consumer,United States,New York City,New York,East,OFF-AP-10004249,Office Supplies,Appliances,Staple holder,455.91,3,9.6957,Cards
4922,CA-2020-114055,25-12-2020,29-12-2020,Second Class,MH-18115,Mick Hernandez,Home Office,United States,Huntsville,Alabama,South,OFF-PA-10004381,Office Supplies,Paper,14-7/8 x 11 Blue Bar Computer Printout Paper,450.08,2,46.1184,Online
4925,CA-2020-114055,25-12-2020,29-12-2020,Second Class,MH-18115,Mick Hernandez,Home Office,United States,Huntsville,Alabama,South,TEC-PH-10002890,Technology,Phones,AT&T 17929 Lendline Telephone,352.48,2,23.5248,Online
2003,CA-2020-163510,25-12-2020,28-12-2020,Second Class,JW-15955,Joni Wasserman,Consumer,United States,Louisville,Kentucky,South,OFF-ST-10000563,Office Supplies,Storage,Fellowes Bankers Box Stor/Drawer Steel Plus,465.94,3,9.594,COD
8958,CA-2020-105620,25-12-2020,28-12-2020,First Class,JH-15430,Jennifer Halladay,Consumer,United States,Hialeah,Florida,South,TEC-MA-10004626,Technology,Machines,Lexmark 20R1285 X6650 Wireless All-in-One Printer,434.0,2,-7.2,COD
2424,US-2020-147669,25-12-2020,30-12-2020,Standard Class,SV-20935,Susan Vittorini,Consumer,United States,Fairfield,Ohio,East,TEC-AC-10002473,Technology,Accessories,Maxell 4.7GB DVD-R,349.928,7,41.7186,COD
689,CA-2020-161480,25-12-2020,29-12-2020,Standard Class,RA-19285,Ralph Arnett,Consumer,United States,New York City,New York,East,FUR-BO-10004015,Furniture,Bookcases,"Bush Andora Bookcase, Maple/Graphite Gray Finish",408.984,2,4.7996,Cards
6076,CA-2020-121398,25-12-2020,29-12-2020,Standard Class,FH-14365,Fred Hopkins,Corporate,United States,Los Angeles,California,West,OFF-ST-10002756,Office Supplies,Storage,"Tennsco Stur-D-Stor Boltless Shelving, 5 Shelves, 24"" Deep, Sand",386.62,2,2.7062,COD
4923,CA-2020-114055,25-12-2020,29-12-2020,Second Class,MH-18115,Mick Hernandez,Home Office,United States,Huntsville,Alabama,South,OFF-FA-10003059,Office Supplies,Fasteners,Assorted Color Push Pins,435.62,2,1.1946,Cards
2425,US-2020-147669,25-12-2020,30-12-2020,Standard Class,SV-20935,Susan Vittorini,Consumer,United States,Fairfield,Ohio,East,OFF-BI-10000632,Office Supplies,Binders,Satellite Sectional Post Binders,331.023,1,-10.4184,Cards
7947,CA-2020-134194,25-12-2020,01-01-2021,Standard Class,GA-14725,Guy Armstrong,Consumer,United States,Dallas,Texas,Central,OFF-BI-10001116,Office Supplies,Binders,"Wilson Jones 1"" Hanging DublLock Ring Binders",339.168,3,-5.0688,Cards
9377,CA-2020-108756,25-12-2020,29-12-2020,Standard Class,PO-18865,Patrick O'Donnell,Consumer,United States,East Orange,New Jersey,East,TEC-AC-10003237,Technology,Accessories,Memorex Micro Travel Drive 4 GB,379.8,3,13.674,COD
6807,CA-2020-162880,25-12-2020,29-12-2020,Standard Class,GD-14590,Giulietta Dortch,Corporate,United States,Everett,Washington,West,OFF-BI-10003314,Office Supplies,Binders,Tuff Stuff Recycled Round Ring Binders,272.856,1,1.3978,Cards
7945,CA-2020-134194,25-12-2020,01-01-2021,Standard Class,GA-14725,Guy Armstrong,Consumer,United States,Dallas,Texas,Central,OFF-AR-10001615,Office Supplies,Art,Newell 34,302.744,2,2.3808,Online
8957,CA-2020-105620,25-12-2020,28-12-2020,First Class,JH-15430,Jennifer Halladay,Consumer,United States,Hialeah,Florida,South,FUR-FU-10004963,Furniture,Furnishings,"Eldon 400 Class Desk Accessories, Black Carbon",421.0,3,5.775,Online
7944,CA-2020-134194,25-12-2020,01-01-2021,Standard Class,GA-14725,Guy Armstrong,Consumer,United States,Dallas,Texas,Central,OFF-SU-10000946,Office Supplies,Supplies,Staple remover,433.688,7,5.0274,Online
111,CA-2020-146780,25-12-2020,30-12-2020,Standard Class,CV-12805,Cynthia Voltz,Corporate,United States,New York City,New York,East,FUR-FU-10001934,Furniture,Furnishings,Magnifier Swing Arm Lamp,329.96,2,10.9096,Online
3786,CA-2020-112487,26-12-2020,30-12-2020,Standard Class,TC-21535,Tracy Collins,Home Office,United States,Columbus,Ohio,East,OFF-BI-10000494,Office Supplies,Binders,Acco Economy Flexible Poly Round Ring Binder,308.132,2,-2.61,COD
8159,CA-2020-136238,26-12-2020,01-01-2021,Standard Class,KB-16240,Karen Bern,Corporate,United States,Odessa,Texas,Central,OFF-PA-10004285,Office Supplies,Paper,Xerox 1959,324.032,3,5.6112,COD
1009,US-2020-106705,26-12-2020,01-01-2021,Standard Class,PO-18850,Patrick O'Brill,Consumer,United States,Burlington,Iowa,Central,OFF-PA-10001509,Office Supplies,Paper,"Recycled Desk Saver Line ""While You Were Out"" Book, 5 1/2"" X 4""",270.75,5,20.585,Online
571,CA-2020-164826,28-12-2020,04-01-2021,Standard Class,JF-15415,Jennifer Ferguson,Consumer,United States,New York City,New York,East,OFF-LA-10001297,Office Supplies,Labels,Avery 473,292.45,7,34.776,Online
4288,CA-2020-127516,28-12-2020,03-01-2021,Standard Class,EH-14005,Erica Hernandez,Home Office,United States,Nashville,Tennessee,South,OFF-ST-10000736,Office Supplies,Storage,Carina Double Wide Media Storage Towers in Natural & Black,401.784,1,-12.9568,COD
8098,CA-2020-122798,28-12-2020,01-01-2021,Standard Class,SV-20935,Susan Vittorini,Consumer,United States,Albuquerque,New Mexico,West,OFF-ST-10003058,Office Supplies,Storage,Eldon Mobile Mega Data Cart  Mega Stackable  Add-On Trays,453.25,5,34.2925,COD
6821,CA-2020-163860,28-12-2020,01-01-2021,Standard Class,LO-17170,Lori Olson,Corporate,United States,Peoria,Illinois,Central,FUR-CH-10004698,Furniture,Chairs,"Padded Folding Chairs, Black, 4/Carton",116.372,2,-3.2392,COD
6822,CA-2020-163860,28-12-2020,01-01-2021,Standard Class,LO-17170,Lori Olson,Corporate,United States,Peoria,Illinois,Central,FUR-FU-10001935,Furniture,Furnishings,3M Hangers With Command Adhesive,478.96,2,-1.406,COD
6090,US-2020-162068,28-12-2020,31-12-2020,Second Class,PC-18745,Pamela Coakley,Corporate,United States,Loveland,Colorado,West,OFF-BI-10002813,Office Supplies,Binders,Avery Reinforcements for Hole-Punch Pages,198.188,2,-0.99,COD
7485,CA-2020-135111,28-12-2020,02-01-2021,Standard Class,CS-12400,Christopher Schild,Home Office,United States,Fargo,North Dakota,Central,OFF-AR-10004707,Office Supplies,Art,Staples in misc. colors,373.48,1,0.868,Online
2432,CA-2020-129805,28-12-2020,02-01-2021,Standard Class,HM-14860,Harry Marie,Corporate,United States,Seattle,Washington,West,FUR-FU-10001935,Furniture,Furnishings,3M Hangers With Command Adhesive,304.4,2,3.034,COD
6819,CA-2020-163860,28-12-2020,01-01-2021,Standard Class,LO-17170,Lori Olson,Corporate,United States,Peoria,Illinois,Central,OFF-BI-10003784,Office Supplies,Binders,Computer Printout Index Tabs,398.68,5,-2.688,COD
7486,CA-2020-135111,28-12-2020,02-01-2021,Standard Class,CS-12400,Christopher Schild,Home Office,United States,Fargo,North Dakota,Central,OFF-BI-10004040,Office Supplies,Binders,Wilson Jones Impact Binders,296.9,5,12.691,Online
8099,CA-2020-122798,28-12-2020,01-01-2021,Standard Class,SV-20935,Susan Vittorini,Consumer,United States,Albuquerque,New Mexico,West,OFF-PA-10004239,Office Supplies,Paper,Xerox 1953,131.28,1,1.926,COD
954,CA-2020-136539,28-12-2020,01-01-2021,Standard Class,GH-14665,Greg Hansen,Consumer,United States,Round Rock,Texas,Central,OFF-AR-10001958,Office Supplies,Art,Stanley Bostitch Contemporary Electric Pencil Sharpeners,362.168,2,2.7168,COD
572,CA-2020-164826,28-12-2020,04-01-2021,Standard Class,JF-15415,Jennifer Ferguson,Consumer,United States,New York City,New York,East,OFF-FA-10000585,Office Supplies,Fasteners,OIC Bulk Pack Metal Binder Clips,138.96,4,6.4216,COD
574,CA-2020-164826,28-12-2020,04-01-2021,Standard Class,JF-15415,Jennifer Ferguson,Consumer,United States,New York City,New York,East,TEC-PH-10000347,Technology,Phones,Cush Cases Heavy Duty Rugged Cover Case for Samsung Galaxy S5 - Purple,381.85,3,4.0095,COD
573,CA-2020-164826,28-12-2020,04-01-2021,Standard Class,JF-15415,Jennifer Ferguson,Consumer,United States,New York City,New York,East,OFF-BI-10001922,Office Supplies,Binders,Storex Dura Pro Binders,158.264,7,11.2266,COD
955,CA-2020-136539,28-12-2020,01-01-2021,Standard Class,GH-14665,Greg Hansen,Consumer,United States,Round Rock,Texas,Central,FUR-BO-10004709,Furniture,Bookcases,"Bush Westfield Collection Bookcases, Medium Cherry Finish",188.8528,2,-11.596,Online
5132,CA-2020-146626,29-12-2020,05-01-2021,Standard Class,BP-11185,Ben Peterman,Corporate,United States,Anaheim,California,West,FUR-FU-10002501,Furniture,Furnishings,Nu-Dell Executive Frame,419.12,8,37.4144,COD
1879,CA-2020-118885,29-12-2020,02-01-2021,Standard Class,JG-15160,James Galang,Consumer,United States,Los Angeles,California,West,TEC-PH-10002563,Technology,Phones,Adtran 1202752G1,156.376,3,22.6782,Online
2875,US-2020-102638,29-12-2020,31-12-2020,First Class,MC-17845,Michael Chen,Consumer,United States,New York City,New York,East,OFF-FA-10002988,Office Supplies,Fasteners,Ideal Clamps,254.03,3,2.9547,Online
7634,US-2020-158526,29-12-2020,01-01-2021,Second Class,KH-16360,Katherine Hughes,Consumer,United States,Louisville,Kentucky,South,OFF-BI-10002414,Office Supplies,Binders,GBC ProClick Spines for 32-Hole Punch,408.53,1,5.8891,COD
5457,CA-2020-130631,29-12-2020,02-01-2021,Standard Class,BS-11755,Bruce Stewart,Consumer,United States,Edmonds,Washington,West,OFF-FA-10000089,Office Supplies,Fasteners,Acco Glide Clips,282.6,5,9.604,Online
7635,US-2020-158526,29-12-2020,01-01-2021,Second Class,KH-16360,Katherine Hughes,Consumer,United States,Louisville,Kentucky,South,OFF-AR-10003696,Office Supplies,Art,Panasonic KP-350BK Electric Pencil Sharpener with Auto Stop,478.58,1,10.0282,COD
5458,CA-2020-130631,29-12-2020,02-01-2021,Standard Class,BS-11755,Bruce Stewart,Consumer,United States,Edmonds,Washington,West,FUR-FU-10004093,Furniture,Furnishings,Hand-Finished Solid Wood Document Frame,466.46,2,20.538,COD
908,CA-2020-143259,30-12-2020,03-01-2021,Standard Class,PO-18865,Patrick O'Donnell,Consumer,United States,New York City,New York,East,TEC-PH-10004774,Technology,Phones,Gear Head AU3700S Headset,441.93,7,2.7279,COD
1298,CA-2020-115427,30-12-2020,03-01-2021,Standard Class,EB-13975,Erica Bern,Corporate,United States,Fairfield,California,West,OFF-BI-10004632,Office Supplies,Binders,GBC Binding covers,496.72,2,6.475,Online
907,CA-2020-143259,30-12-2020,03-01-2021,Standard Class,PO-18865,Patrick O'Donnell,Consumer,United States,New York City,New York,East,FUR-BO-10003441,Furniture,Bookcases,"Bush Westfield Collection Bookcases, Fully Assembled",213.136,4,12.1176,COD
1297,CA-2020-115427,30-12-2020,03-01-2021,Standard Class,EB-13975,Erica Bern,Corporate,United States,Fairfield,California,West,OFF-BI-10002103,Office Supplies,Binders,"Cardinal Slant-D Ring Binder, Heavy Gauge Vinyl",295.904,2,4.5188,Online
5092,CA-2020-156720,30-12-2020,03-01-2021,Standard Class,JM-15580,Jill Matthias,Consumer,United States,Loveland,Colorado,West,OFF-FA-10003472,Office Supplies,Fasteners,Bagged Rubber Bands,388.024,3,-0.6048,Online
909,CA-2020-143259,30-12-2020,03-01-2021,Standard Class,PO-18865,Patrick O'Donnell,Consumer,United States,New York City,New York,East,OFF-BI-10003684,Office Supplies,Binders,Wilson Jones Legal Size Ring Binders,462.776,3,19.791,COD
